2026-08-16 14:18:45,324 [INFO] [MT5Client]: Connected to MT5 - Account: 5054521327 (Abdul Rahman) | Server: MetaQuotes-Demo | Balance: 100000.0 USD | Leverage: 1:100
2026-08-16 14:18:45,348 [INFO] [MT5Bot]: ⚡ [SIGNAL FOUND] BUY USDJPY @ 159.317 | SL: 159.17194 | TP: 159.67964 | Lot: 0.01 | Reason: EMA Cross Uptrend (Close > EMA200, MACD+)
2026-08-16 14:18:54,289 [INFO] [MT5Client]: Connected to MT5 - Account: 5054521327 (Abdul Rahman) | Server: MetaQuotes-Demo | Balance: 100000.0 USD | Leverage: 1:100
2026-08-16 14:18:54,312 [INFO] [MT5Bot]: [SIGNAL FOUND] BUY USDJPY @ 159.317 | SL: 159.17194 | TP: 159.67964 | Lot: 0.01 | Reason: EMA Cross Uptrend (Close > EMA200, MACD+)
2026-08-16 14:18:54,312 [ERROR] [MT5Client]: Order failed for USDJPY | Retcode: 10027 (AutoTrading disabled by client)
2026-08-16 14:18:54,319 [INFO] [MT5Client]: Disconnected from MetaTrader 5
2026-08-16 14:22:42,925 [INFO] [MT5Client]: Connected to MT5 - Account: 5054521327 (Abdul Rahman) | Server: MetaQuotes-Demo | Balance: 100000.0 USD | Leverage: 1:100
2026-08-16 14:22:42,954 [INFO] [MT5Bot]: [SIGNAL FOUND] BUY USDJPY @ 159.317 | SL: 159.17194 | TP: 159.67964 | Lot: 0.01 | Reason: EMA Cross Uptrend (Close > EMA200, MACD+)
2026-08-16 14:22:43,122 [ERROR] [MT5Client]: Order failed for USDJPY | Retcode: 0 (Done)
2026-08-16 14:22:43,129 [INFO] [MT5Client]: Disconnected from MetaTrader 5
2026-08-16 14:23:20,281 [INFO] [MT5Client]: Connected to MT5 - Account: 5054521327 (Abdul Rahman) | Server: MetaQuotes-Demo | Balance: 100000.0 USD | Leverage: 1:100
2026-08-16 14:23:20,304 [INFO] [MT5Bot]: [SIGNAL FOUND] BUY USDJPY @ 159.317 | SL: 159.17194 | TP: 159.67964 | Lot: 0.01 | Reason: EMA Cross Uptrend (Close > EMA200, MACD+)
2026-08-16 14:23:20,472 [INFO] [MT5Client]: [ORDER SUCCESS] BUY USDJPY 0.01 lots @ 159.321 | SL: 159.172 | TP: 159.68 | Ticket/ID: 168155124
2026-08-16 14:23:20,479 [INFO] [MT5Client]: Disconnected from MetaTrader 5
2026-08-16 16:44:39,650 [INFO] [MT5Bot]: Initializing MetaTrader 5 Trading Bot...
2026-08-16 16:44:39,666 [INFO] [MT5Client]: Connected to MT5 - Account: 5054521327 (Abdul Rahman) | Server: MetaQuotes-Demo | Balance: 100000.0 USD | Leverage: 1:100
2026-08-16 16:44:39,666 [INFO] [MT5Bot]: Logged In: Login #5054521327 (Abdul Rahman) | Server: MetaQuotes-Demo | Balance: 100000.0 USD | Equity: 100000.0 USD
2026-08-16 16:44:39,666 [INFO] [MT5Bot]: Target Symbols: XAUUSD, GBPUSD, USDJPY, EURUSD | Timeframe: H1
2026-08-16 16:44:39,666 [INFO] [MT5Bot]: Lot Size: 0.01 (Fixed: True) | Magic: 888001
2026-08-16 16:44:39,666 [INFO] [MT5Bot]: Bot started successfully. Listening for signals...
2026-08-16 16:44:39,723 [INFO] [MT5Bot]: [SIGNAL FOUND] BUY USDJPY @ 159.317 | SL: 159.17194 | TP: 159.67964 | Lot: 0.01 | Reason: EMA Cross Uptrend (Close > EMA200, MACD+)
2026-08-16 16:44:39,897 [INFO] [MT5Client]: [ORDER SUCCESS] BUY USDJPY 0.01 lots @ 159.321 | SL: 159.172 | TP: 159.68 | Ticket/ID: 168155125
2026-08-16 16:44:54,933 [INFO] [MT5Bot]: [SIGNAL FOUND] BUY USDJPY @ 159.317 | SL: 159.17194 | TP: 159.67964 | Lot: 0.01 | Reason: EMA Cross Uptrend (Close > EMA200, MACD+)
2026-08-16 16:44:55,100 [INFO] [MT5Client]: [ORDER SUCCESS] BUY USDJPY 0.01 lots @ 159.321 | SL: 159.172 | TP: 159.68 | Ticket/ID: 168155126
2026-08-16 16:45:10,127 [INFO] [MT5Bot]: [SIGNAL FOUND] BUY USDJPY @ 159.317 | SL: 159.17194 | TP: 159.67964 | Lot: 0.01 | Reason: EMA Cross Uptrend (Close > EMA200, MACD+)
2026-08-16 16:45:10,302 [INFO] [MT5Client]: [ORDER SUCCESS] BUY USDJPY 0.01 lots @ 159.321 | SL: 159.172 | TP: 159.68 | Ticket/ID: 168155127
2026-08-16 16:45:25,329 [INFO] [MT5Bot]: [SIGNAL FOUND] BUY USDJPY @ 159.317 | SL: 159.17194 | TP: 159.67964 | Lot: 0.01 | Reason: EMA Cross Uptrend (Close > EMA200, MACD+)
2026-08-16 16:45:25,496 [INFO] [MT5Client]: [ORDER SUCCESS] BUY USDJPY 0.01 lots @ 159.321 | SL: 159.172 | TP: 159.68 | Ticket/ID: 168155128
2026-08-16 16:45:40,530 [INFO] [MT5Bot]: [SIGNAL FOUND] BUY USDJPY @ 159.317 | SL: 159.17194 | TP: 159.67964 | Lot: 0.01 | Reason: EMA Cross Uptrend (Close > EMA200, MACD+)
2026-08-16 16:45:40,700 [INFO] [MT5Client]: [ORDER SUCCESS] BUY USDJPY 0.01 lots @ 159.321 | SL: 159.172 | TP: 159.68 | Ticket/ID: 168155129
2026-08-16 16:45:55,810 [INFO] [MT5Bot]: [SIGNAL FOUND] BUY USDJPY @ 159.317 | SL: 159.17194 | TP: 159.67964 | Lot: 0.01 | Reason: EMA Cross Uptrend (Close > EMA200, MACD+)
2026-08-16 16:45:55,978 [INFO] [MT5Client]: [ORDER SUCCESS] BUY USDJPY 0.01 lots @ 159.321 | SL: 159.172 | TP: 159.68 | Ticket/ID: 168155130
2026-08-16 16:46:11,069 [INFO] [MT5Bot]: [SIGNAL FOUND] BUY USDJPY @ 159.317 | SL: 159.17194 | TP: 159.67964 | Lot: 0.01 | Reason: EMA Cross Uptrend (Close > EMA200, MACD+)
2026-08-16 16:46:11,237 [INFO] [MT5Client]: [ORDER SUCCESS] BUY USDJPY 0.01 lots @ 159.321 | SL: 159.172 | TP: 159.68 | Ticket/ID: 168155131
2026-08-16 16:46:26,266 [INFO] [MT5Bot]: [SIGNAL FOUND] BUY USDJPY @ 159.317 | SL: 159.17194 | TP: 159.67964 | Lot: 0.01 | Reason: EMA Cross Uptrend (Close > EMA200, MACD+)
2026-08-16 16:46:26,433 [INFO] [MT5Client]: [ORDER SUCCESS] BUY USDJPY 0.01 lots @ 159.321 | SL: 159.172 | TP: 159.68 | Ticket/ID: 168155132
2026-08-16 16:46:41,466 [INFO] [MT5Bot]: [SIGNAL FOUND] BUY USDJPY @ 159.317 | SL: 159.17194 | TP: 159.67964 | Lot: 0.01 | Reason: EMA Cross Uptrend (Close > EMA200, MACD+)
2026-08-16 16:46:41,633 [INFO] [MT5Client]: [ORDER SUCCESS] BUY USDJPY 0.01 lots @ 159.321 | SL: 159.172 | TP: 159.68 | Ticket/ID: 168155133
2026-08-16 16:46:56,662 [INFO] [MT5Bot]: [SIGNAL FOUND] BUY USDJPY @ 159.317 | SL: 159.17194 | TP: 159.67964 | Lot: 0.01 | Reason: EMA Cross Uptrend (Close > EMA200, MACD+)
2026-08-16 16:46:56,829 [INFO] [MT5Client]: [ORDER SUCCESS] BUY USDJPY 0.01 lots @ 159.321 | SL: 159.172 | TP: 159.68 | Ticket/ID: 168155134
2026-08-16 16:47:11,858 [INFO] [MT5Bot]: [SIGNAL FOUND] BUY USDJPY @ 159.317 | SL: 159.17194 | TP: 159.67964 | Lot: 0.01 | Reason: EMA Cross Uptrend (Close > EMA200, MACD+)
2026-08-16 16:47:12,025 [INFO] [MT5Client]: [ORDER SUCCESS] BUY USDJPY 0.01 lots @ 159.321 | SL: 159.172 | TP: 159.68 | Ticket/ID: 168155135
2026-08-16 16:47:27,052 [INFO] [MT5Bot]: [SIGNAL FOUND] BUY USDJPY @ 159.317 | SL: 159.17194 | TP: 159.67964 | Lot: 0.01 | Reason: EMA Cross Uptrend (Close > EMA200, MACD+)
2026-08-16 16:47:27,432 [INFO] [MT5Client]: [ORDER SUCCESS] BUY USDJPY 0.01 lots @ 159.321 | SL: 159.172 | TP: 159.68 | Ticket/ID: 168155136
2026-08-16 16:47:42,459 [INFO] [MT5Bot]: [SIGNAL FOUND] BUY USDJPY @ 159.317 | SL: 159.17194 | TP: 159.67964 | Lot: 0.01 | Reason: EMA Cross Uptrend (Close > EMA200, MACD+)
2026-08-16 16:47:42,627 [INFO] [MT5Client]: [ORDER SUCCESS] BUY USDJPY 0.01 lots @ 159.321 | SL: 159.172 | TP: 159.68 | Ticket/ID: 168155137
2026-08-16 16:47:57,659 [INFO] [MT5Bot]: [SIGNAL FOUND] BUY USDJPY @ 159.317 | SL: 159.17194 | TP: 159.67964 | Lot: 0.01 | Reason: EMA Cross Uptrend (Close > EMA200, MACD+)
2026-08-16 16:47:57,830 [INFO] [MT5Client]: [ORDER SUCCESS] BUY USDJPY 0.01 lots @ 159.321 | SL: 159.172 | TP: 159.68 | Ticket/ID: 168155138
2026-08-16 16:48:12,860 [INFO] [MT5Bot]: [SIGNAL FOUND] BUY USDJPY @ 159.317 | SL: 159.17194 | TP: 159.67964 | Lot: 0.01 | Reason: EMA Cross Uptrend (Close > EMA200, MACD+)
2026-08-16 16:48:13,027 [INFO] [MT5Client]: [ORDER SUCCESS] BUY USDJPY 0.01 lots @ 159.321 | SL: 159.172 | TP: 159.68 | Ticket/ID: 168155139
2026-08-16 16:48:28,053 [INFO] [MT5Bot]: [SIGNAL FOUND] BUY USDJPY @ 159.317 | SL: 159.17194 | TP: 159.67964 | Lot: 0.01 | Reason: EMA Cross Uptrend (Close > EMA200, MACD+)
2026-08-16 16:48:28,220 [INFO] [MT5Client]: [ORDER SUCCESS] BUY USDJPY 0.01 lots @ 159.321 | SL: 159.172 | TP: 159.68 | Ticket/ID: 168155140
2026-08-16 16:48:43,250 [INFO] [MT5Bot]: [SIGNAL FOUND] BUY USDJPY @ 159.317 | SL: 159.17194 | TP: 159.67964 | Lot: 0.01 | Reason: EMA Cross Uptrend (Close > EMA200, MACD+)
2026-08-16 16:48:43,418 [INFO] [MT5Client]: [ORDER SUCCESS] BUY USDJPY 0.01 lots @ 159.321 | SL: 159.172 | TP: 159.68 | Ticket/ID: 168155141
2026-08-16 16:48:58,447 [INFO] [MT5Bot]: [SIGNAL FOUND] BUY USDJPY @ 159.317 | SL: 159.17194 | TP: 159.67964 | Lot: 0.01 | Reason: EMA Cross Uptrend (Close > EMA200, MACD+)
2026-08-16 16:48:58,615 [INFO] [MT5Client]: [ORDER SUCCESS] BUY USDJPY 0.01 lots @ 159.321 | SL: 159.172 | TP: 159.68 | Ticket/ID: 168155142
2026-08-16 16:49:13,644 [INFO] [MT5Bot]: [SIGNAL FOUND] BUY USDJPY @ 159.317 | SL: 159.17194 | TP: 159.67964 | Lot: 0.01 | Reason: EMA Cross Uptrend (Close > EMA200, MACD+)
2026-08-16 16:49:13,811 [INFO] [MT5Client]: [ORDER SUCCESS] BUY USDJPY 0.01 lots @ 159.321 | SL: 159.172 | TP: 159.68 | Ticket/ID: 168155143
2026-08-16 16:49:28,845 [INFO] [MT5Bot]: [SIGNAL FOUND] BUY USDJPY @ 159.317 | SL: 159.17194 | TP: 159.67964 | Lot: 0.01 | Reason: EMA Cross Uptrend (Close > EMA200, MACD+)
2026-08-16 16:49:29,012 [INFO] [MT5Client]: [ORDER SUCCESS] BUY USDJPY 0.01 lots @ 159.321 | SL: 159.172 | TP: 159.68 | Ticket/ID: 168155144
2026-08-16 16:49:44,048 [INFO] [MT5Bot]: [SIGNAL FOUND] BUY USDJPY @ 159.317 | SL: 159.17194 | TP: 159.67964 | Lot: 0.01 | Reason: EMA Cross Uptrend (Close > EMA200, MACD+)
2026-08-16 16:49:44,215 [INFO] [MT5Client]: [ORDER SUCCESS] BUY USDJPY 0.01 lots @ 159.321 | SL: 159.172 | TP: 159.68 | Ticket/ID: 168155145
2026-08-16 16:49:59,246 [INFO] [MT5Bot]: [SIGNAL FOUND] BUY USDJPY @ 159.317 | SL: 159.17194 | TP: 159.67964 | Lot: 0.01 | Reason: EMA Cross Uptrend (Close > EMA200, MACD+)
2026-08-16 16:49:59,413 [INFO] [MT5Client]: [ORDER SUCCESS] BUY USDJPY 0.01 lots @ 159.321 | SL: 159.172 | TP: 159.68 | Ticket/ID: 168155146
2026-08-16 16:50:14,447 [INFO] [MT5Bot]: [SIGNAL FOUND] BUY USDJPY @ 159.317 | SL: 159.17194 | TP: 159.67964 | Lot: 0.01 | Reason: EMA Cross Uptrend (Close > EMA200, MACD+)
2026-08-16 16:50:14,614 [INFO] [MT5Client]: [ORDER SUCCESS] BUY USDJPY 0.01 lots @ 159.321 | SL: 159.172 | TP: 159.68 | Ticket/ID: 168155147
2026-08-16 16:50:29,648 [INFO] [MT5Bot]: [SIGNAL FOUND] BUY USDJPY @ 159.317 | SL: 159.17194 | TP: 159.67964 | Lot: 0.01 | Reason: EMA Cross Uptrend (Close > EMA200, MACD+)
2026-08-16 16:50:29,816 [INFO] [MT5Client]: [ORDER SUCCESS] BUY USDJPY 0.01 lots @ 159.321 | SL: 159.172 | TP: 159.68 | Ticket/ID: 168155148
2026-08-16 16:50:44,851 [INFO] [MT5Bot]: [SIGNAL FOUND] BUY USDJPY @ 159.317 | SL: 159.17194 | TP: 159.67964 | Lot: 0.01 | Reason: EMA Cross Uptrend (Close > EMA200, MACD+)
2026-08-16 16:50:45,018 [INFO] [MT5Client]: [ORDER SUCCESS] BUY USDJPY 0.01 lots @ 159.321 | SL: 159.172 | TP: 159.68 | Ticket/ID: 168155149
2026-08-16 16:51:00,046 [INFO] [MT5Bot]: [SIGNAL FOUND] BUY USDJPY @ 159.317 | SL: 159.17194 | TP: 159.67964 | Lot: 0.01 | Reason: EMA Cross Uptrend (Close > EMA200, MACD+)
2026-08-16 16:51:00,215 [INFO] [MT5Client]: [ORDER SUCCESS] BUY USDJPY 0.01 lots @ 159.321 | SL: 159.172 | TP: 159.68 | Ticket/ID: 168155150
2026-08-16 16:51:15,242 [INFO] [MT5Bot]: [SIGNAL FOUND] BUY USDJPY @ 159.317 | SL: 159.17194 | TP: 159.67964 | Lot: 0.01 | Reason: EMA Cross Uptrend (Close > EMA200, MACD+)
2026-08-16 16:51:15,410 [INFO] [MT5Client]: [ORDER SUCCESS] BUY USDJPY 0.01 lots @ 159.321 | SL: 159.172 | TP: 159.68 | Ticket/ID: 168155151
2026-08-16 16:51:30,437 [INFO] [MT5Bot]: [SIGNAL FOUND] BUY USDJPY @ 159.317 | SL: 159.17194 | TP: 159.67964 | Lot: 0.01 | Reason: EMA Cross Uptrend (Close > EMA200, MACD+)
2026-08-16 16:51:30,604 [INFO] [MT5Client]: [ORDER SUCCESS] BUY USDJPY 0.01 lots @ 159.321 | SL: 159.172 | TP: 159.68 | Ticket/ID: 168155152
2026-08-16 16:51:45,637 [INFO] [MT5Bot]: [SIGNAL FOUND] BUY USDJPY @ 159.317 | SL: 159.17194 | TP: 159.67964 | Lot: 0.01 | Reason: EMA Cross Uptrend (Close > EMA200, MACD+)
2026-08-16 16:51:45,804 [INFO] [MT5Client]: [ORDER SUCCESS] BUY USDJPY 0.01 lots @ 159.321 | SL: 159.172 | TP: 159.68 | Ticket/ID: 168155153
2026-08-16 16:52:00,833 [INFO] [MT5Bot]: [SIGNAL FOUND] BUY USDJPY @ 159.317 | SL: 159.17194 | TP: 159.67964 | Lot: 0.01 | Reason: EMA Cross Uptrend (Close > EMA200, MACD+)
2026-08-16 16:52:01,001 [INFO] [MT5Client]: [ORDER SUCCESS] BUY USDJPY 0.01 lots @ 159.321 | SL: 159.172 | TP: 159.68 | Ticket/ID: 168155154
2026-08-16 16:52:16,032 [INFO] [MT5Bot]: [SIGNAL FOUND] BUY USDJPY @ 159.317 | SL: 159.17194 | TP: 159.67964 | Lot: 0.01 | Reason: EMA Cross Uptrend (Close > EMA200, MACD+)
2026-08-16 16:52:16,205 [INFO] [MT5Client]: [ORDER SUCCESS] BUY USDJPY 0.01 lots @ 159.321 | SL: 159.172 | TP: 159.68 | Ticket/ID: 168155155
2026-08-16 16:52:31,239 [INFO] [MT5Bot]: [SIGNAL FOUND] BUY USDJPY @ 159.317 | SL: 159.17194 | TP: 159.67964 | Lot: 0.01 | Reason: EMA Cross Uptrend (Close > EMA200, MACD+)
2026-08-16 16:52:31,406 [INFO] [MT5Client]: [ORDER SUCCESS] BUY USDJPY 0.01 lots @ 159.321 | SL: 159.172 | TP: 159.68 | Ticket/ID: 168155156
2026-08-16 16:52:46,437 [INFO] [MT5Bot]: [SIGNAL FOUND] BUY USDJPY @ 159.317 | SL: 159.17194 | TP: 159.67964 | Lot: 0.01 | Reason: EMA Cross Uptrend (Close > EMA200, MACD+)
2026-08-16 16:52:46,604 [INFO] [MT5Client]: [ORDER SUCCESS] BUY USDJPY 0.01 lots @ 159.321 | SL: 159.172 | TP: 159.68 | Ticket/ID: 168155157
2026-08-16 16:53:01,638 [INFO] [MT5Bot]: [SIGNAL FOUND] BUY USDJPY @ 159.317 | SL: 159.17194 | TP: 159.67964 | Lot: 0.01 | Reason: EMA Cross Uptrend (Close > EMA200, MACD+)
2026-08-16 16:53:01,806 [INFO] [MT5Client]: [ORDER SUCCESS] BUY USDJPY 0.01 lots @ 159.321 | SL: 159.172 | TP: 159.68 | Ticket/ID: 168155158
2026-08-16 16:53:16,840 [INFO] [MT5Bot]: [SIGNAL FOUND] BUY USDJPY @ 159.317 | SL: 159.17194 | TP: 159.67964 | Lot: 0.01 | Reason: EMA Cross Uptrend (Close > EMA200, MACD+)
2026-08-16 16:53:17,007 [INFO] [MT5Client]: [ORDER SUCCESS] BUY USDJPY 0.01 lots @ 159.321 | SL: 159.172 | TP: 159.68 | Ticket/ID: 168155159
2026-08-16 16:53:32,042 [INFO] [MT5Bot]: [SIGNAL FOUND] BUY USDJPY @ 159.317 | SL: 159.17194 | TP: 159.67964 | Lot: 0.01 | Reason: EMA Cross Uptrend (Close > EMA200, MACD+)
2026-08-16 16:53:32,209 [INFO] [MT5Client]: [ORDER SUCCESS] BUY USDJPY 0.01 lots @ 159.321 | SL: 159.172 | TP: 159.68 | Ticket/ID: 168155160
2026-08-16 16:53:47,242 [INFO] [MT5Bot]: [SIGNAL FOUND] BUY USDJPY @ 159.317 | SL: 159.17194 | TP: 159.67964 | Lot: 0.01 | Reason: EMA Cross Uptrend (Close > EMA200, MACD+)
2026-08-16 16:53:47,410 [INFO] [MT5Client]: [ORDER SUCCESS] BUY USDJPY 0.01 lots @ 159.321 | SL: 159.172 | TP: 159.68 | Ticket/ID: 168155161
2026-08-16 16:54:02,444 [INFO] [MT5Bot]: [SIGNAL FOUND] BUY USDJPY @ 159.317 | SL: 159.17194 | TP: 159.67964 | Lot: 0.01 | Reason: EMA Cross Uptrend (Close > EMA200, MACD+)
2026-08-16 16:54:02,617 [INFO] [MT5Client]: [ORDER SUCCESS] BUY USDJPY 0.01 lots @ 159.321 | SL: 159.172 | TP: 159.68 | Ticket/ID: 168155162
2026-08-16 16:54:17,651 [INFO] [MT5Bot]: [SIGNAL FOUND] BUY USDJPY @ 159.317 | SL: 159.17194 | TP: 159.67964 | Lot: 0.01 | Reason: EMA Cross Uptrend (Close > EMA200, MACD+)
2026-08-16 16:54:17,819 [INFO] [MT5Client]: [ORDER SUCCESS] BUY USDJPY 0.01 lots @ 159.321 | SL: 159.172 | TP: 159.68 | Ticket/ID: 168155163
2026-08-16 16:54:32,852 [INFO] [MT5Bot]: [SIGNAL FOUND] BUY USDJPY @ 159.317 | SL: 159.17194 | TP: 159.67964 | Lot: 0.01 | Reason: EMA Cross Uptrend (Close > EMA200, MACD+)
2026-08-16 16:54:33,020 [INFO] [MT5Client]: [ORDER SUCCESS] BUY USDJPY 0.01 lots @ 159.321 | SL: 159.172 | TP: 159.68 | Ticket/ID: 168155164
2026-08-16 16:54:48,052 [INFO] [MT5Bot]: [SIGNAL FOUND] BUY USDJPY @ 159.317 | SL: 159.17194 | TP: 159.67964 | Lot: 0.01 | Reason: EMA Cross Uptrend (Close > EMA200, MACD+)
2026-08-16 16:54:48,219 [INFO] [MT5Client]: [ORDER SUCCESS] BUY USDJPY 0.01 lots @ 159.321 | SL: 159.172 | TP: 159.68 | Ticket/ID: 168155165
2026-08-16 16:55:03,247 [INFO] [MT5Bot]: [SIGNAL FOUND] BUY USDJPY @ 159.317 | SL: 159.17194 | TP: 159.67964 | Lot: 0.01 | Reason: EMA Cross Uptrend (Close > EMA200, MACD+)
2026-08-16 16:55:03,415 [INFO] [MT5Client]: [ORDER SUCCESS] BUY USDJPY 0.01 lots @ 159.321 | SL: 159.172 | TP: 159.68 | Ticket/ID: 168155166
2026-08-16 16:55:18,447 [INFO] [MT5Bot]: [SIGNAL FOUND] BUY USDJPY @ 159.317 | SL: 159.17194 | TP: 159.67964 | Lot: 0.01 | Reason: EMA Cross Uptrend (Close > EMA200, MACD+)
2026-08-16 16:55:18,615 [INFO] [MT5Client]: [ORDER SUCCESS] BUY USDJPY 0.01 lots @ 159.321 | SL: 159.172 | TP: 159.68 | Ticket/ID: 168155167
2026-08-16 16:55:33,640 [INFO] [MT5Bot]: [SIGNAL FOUND] BUY USDJPY @ 159.317 | SL: 159.17194 | TP: 159.67964 | Lot: 0.01 | Reason: EMA Cross Uptrend (Close > EMA200, MACD+)
2026-08-16 16:55:33,808 [INFO] [MT5Client]: [ORDER SUCCESS] BUY USDJPY 0.01 lots @ 159.321 | SL: 159.172 | TP: 159.68 | Ticket/ID: 168155168
2026-08-16 16:55:48,832 [INFO] [MT5Bot]: [SIGNAL FOUND] BUY USDJPY @ 159.317 | SL: 159.17194 | TP: 159.67964 | Lot: 0.01 | Reason: EMA Cross Uptrend (Close > EMA200, MACD+)
2026-08-16 16:55:49,006 [INFO] [MT5Client]: [ORDER SUCCESS] BUY USDJPY 0.01 lots @ 159.321 | SL: 159.172 | TP: 159.68 | Ticket/ID: 168155169
2026-08-16 16:56:04,044 [INFO] [MT5Bot]: [SIGNAL FOUND] BUY USDJPY @ 159.317 | SL: 159.17194 | TP: 159.67964 | Lot: 0.01 | Reason: EMA Cross Uptrend (Close > EMA200, MACD+)
2026-08-16 16:56:04,212 [INFO] [MT5Client]: [ORDER SUCCESS] BUY USDJPY 0.01 lots @ 159.321 | SL: 159.172 | TP: 159.68 | Ticket/ID: 168155170
2026-08-16 16:56:19,242 [INFO] [MT5Bot]: [SIGNAL FOUND] BUY USDJPY @ 159.317 | SL: 159.17194 | TP: 159.67964 | Lot: 0.01 | Reason: EMA Cross Uptrend (Close > EMA200, MACD+)
2026-08-16 16:56:19,410 [INFO] [MT5Client]: [ORDER SUCCESS] BUY USDJPY 0.01 lots @ 159.321 | SL: 159.172 | TP: 159.68 | Ticket/ID: 168155171
2026-08-16 16:56:34,437 [INFO] [MT5Bot]: [SIGNAL FOUND] BUY USDJPY @ 159.317 | SL: 159.17194 | TP: 159.67964 | Lot: 0.01 | Reason: EMA Cross Uptrend (Close > EMA200, MACD+)
2026-08-16 16:56:34,605 [INFO] [MT5Client]: [ORDER SUCCESS] BUY USDJPY 0.01 lots @ 159.321 | SL: 159.172 | TP: 159.68 | Ticket/ID: 168155172
2026-08-16 16:56:49,636 [INFO] [MT5Bot]: [SIGNAL FOUND] BUY USDJPY @ 159.317 | SL: 159.17194 | TP: 159.67964 | Lot: 0.01 | Reason: EMA Cross Uptrend (Close > EMA200, MACD+)
2026-08-16 16:56:49,805 [INFO] [MT5Client]: [ORDER SUCCESS] BUY USDJPY 0.01 lots @ 159.321 | SL: 159.172 | TP: 159.68 | Ticket/ID: 168155173
2026-08-16 16:57:04,834 [INFO] [MT5Bot]: [SIGNAL FOUND] BUY USDJPY @ 159.317 | SL: 159.17194 | TP: 159.67964 | Lot: 0.01 | Reason: EMA Cross Uptrend (Close > EMA200, MACD+)
2026-08-16 16:57:05,002 [INFO] [MT5Client]: [ORDER SUCCESS] BUY USDJPY 0.01 lots @ 159.321 | SL: 159.172 | TP: 159.68 | Ticket/ID: 168155174
2026-08-16 16:57:20,030 [INFO] [MT5Bot]: [SIGNAL FOUND] BUY USDJPY @ 159.317 | SL: 159.17194 | TP: 159.67964 | Lot: 0.01 | Reason: EMA Cross Uptrend (Close > EMA200, MACD+)
2026-08-16 16:57:20,198 [INFO] [MT5Client]: [ORDER SUCCESS] BUY USDJPY 0.01 lots @ 159.321 | SL: 159.172 | TP: 159.68 | Ticket/ID: 168155175
2026-08-16 16:57:35,222 [INFO] [MT5Bot]: [SIGNAL FOUND] BUY USDJPY @ 159.317 | SL: 159.17194 | TP: 159.67964 | Lot: 0.01 | Reason: EMA Cross Uptrend (Close > EMA200, MACD+)
2026-08-16 16:57:35,390 [INFO] [MT5Client]: [ORDER SUCCESS] BUY USDJPY 0.01 lots @ 159.321 | SL: 159.172 | TP: 159.68 | Ticket/ID: 168155176
2026-08-16 16:57:50,418 [INFO] [MT5Bot]: [SIGNAL FOUND] BUY USDJPY @ 159.317 | SL: 159.17194 | TP: 159.67964 | Lot: 0.01 | Reason: EMA Cross Uptrend (Close > EMA200, MACD+)
2026-08-16 16:57:50,586 [INFO] [MT5Client]: [ORDER SUCCESS] BUY USDJPY 0.01 lots @ 159.321 | SL: 159.172 | TP: 159.68 | Ticket/ID: 168155177
2026-08-16 16:58:05,612 [INFO] [MT5Bot]: [SIGNAL FOUND] BUY USDJPY @ 159.317 | SL: 159.17194 | TP: 159.67964 | Lot: 0.01 | Reason: EMA Cross Uptrend (Close > EMA200, MACD+)
2026-08-16 16:58:05,780 [INFO] [MT5Client]: [ORDER SUCCESS] BUY USDJPY 0.01 lots @ 159.321 | SL: 159.172 | TP: 159.68 | Ticket/ID: 168155178
2026-08-16 16:58:20,806 [INFO] [MT5Bot]: [SIGNAL FOUND] BUY USDJPY @ 159.317 | SL: 159.17194 | TP: 159.67964 | Lot: 0.01 | Reason: EMA Cross Uptrend (Close > EMA200, MACD+)
2026-08-16 16:58:20,973 [INFO] [MT5Client]: [ORDER SUCCESS] BUY USDJPY 0.01 lots @ 159.321 | SL: 159.172 | TP: 159.68 | Ticket/ID: 168155179
2026-08-16 16:58:35,999 [INFO] [MT5Bot]: [SIGNAL FOUND] BUY USDJPY @ 159.317 | SL: 159.17194 | TP: 159.67964 | Lot: 0.01 | Reason: EMA Cross Uptrend (Close > EMA200, MACD+)
2026-08-16 16:58:36,166 [INFO] [MT5Client]: [ORDER SUCCESS] BUY USDJPY 0.01 lots @ 159.321 | SL: 159.172 | TP: 159.68 | Ticket/ID: 168155180
2026-08-16 16:58:51,193 [INFO] [MT5Bot]: [SIGNAL FOUND] BUY USDJPY @ 159.317 | SL: 159.17194 | TP: 159.67964 | Lot: 0.01 | Reason: EMA Cross Uptrend (Close > EMA200, MACD+)
2026-08-16 16:58:51,360 [INFO] [MT5Client]: [ORDER SUCCESS] BUY USDJPY 0.01 lots @ 159.321 | SL: 159.172 | TP: 159.68 | Ticket/ID: 168155181
2026-08-16 16:59:06,387 [INFO] [MT5Bot]: [SIGNAL FOUND] BUY USDJPY @ 159.317 | SL: 159.17194 | TP: 159.67964 | Lot: 0.01 | Reason: EMA Cross Uptrend (Close > EMA200, MACD+)
2026-08-16 16:59:06,554 [INFO] [MT5Client]: [ORDER SUCCESS] BUY USDJPY 0.01 lots @ 159.321 | SL: 159.172 | TP: 159.68 | Ticket/ID: 168155182
2026-08-16 16:59:21,580 [INFO] [MT5Bot]: [SIGNAL FOUND] BUY USDJPY @ 159.317 | SL: 159.17194 | TP: 159.67964 | Lot: 0.01 | Reason: EMA Cross Uptrend (Close > EMA200, MACD+)
2026-08-16 16:59:21,748 [INFO] [MT5Client]: [ORDER SUCCESS] BUY USDJPY 0.01 lots @ 159.321 | SL: 159.172 | TP: 159.68 | Ticket/ID: 168155183
2026-08-16 16:59:36,774 [INFO] [MT5Bot]: [SIGNAL FOUND] BUY USDJPY @ 159.317 | SL: 159.17194 | TP: 159.67964 | Lot: 0.01 | Reason: EMA Cross Uptrend (Close > EMA200, MACD+)
2026-08-16 16:59:36,942 [INFO] [MT5Client]: [ORDER SUCCESS] BUY USDJPY 0.01 lots @ 159.321 | SL: 159.172 | TP: 159.68 | Ticket/ID: 168155184
2026-08-16 16:59:51,968 [INFO] [MT5Bot]: [SIGNAL FOUND] BUY USDJPY @ 159.317 | SL: 159.17194 | TP: 159.67964 | Lot: 0.01 | Reason: EMA Cross Uptrend (Close > EMA200, MACD+)
2026-08-16 16:59:52,136 [INFO] [MT5Client]: [ORDER SUCCESS] BUY USDJPY 0.01 lots @ 159.321 | SL: 159.172 | TP: 159.68 | Ticket/ID: 168155185
2026-08-16 17:00:07,163 [INFO] [MT5Bot]: [SIGNAL FOUND] BUY USDJPY @ 159.317 | SL: 159.17194 | TP: 159.67964 | Lot: 0.01 | Reason: EMA Cross Uptrend (Close > EMA200, MACD+)
2026-08-16 17:00:07,330 [INFO] [MT5Client]: [ORDER SUCCESS] BUY USDJPY 0.01 lots @ 159.321 | SL: 159.172 | TP: 159.68 | Ticket/ID: 168155186
2026-08-16 17:00:22,357 [INFO] [MT5Bot]: [SIGNAL FOUND] BUY USDJPY @ 159.317 | SL: 159.17194 | TP: 159.67964 | Lot: 0.01 | Reason: EMA Cross Uptrend (Close > EMA200, MACD+)
2026-08-16 17:00:22,524 [INFO] [MT5Client]: [ORDER SUCCESS] BUY USDJPY 0.01 lots @ 159.321 | SL: 159.172 | TP: 159.68 | Ticket/ID: 168155187
2026-08-16 17:00:37,551 [INFO] [MT5Bot]: [SIGNAL FOUND] BUY USDJPY @ 159.317 | SL: 159.17194 | TP: 159.67964 | Lot: 0.01 | Reason: EMA Cross Uptrend (Close > EMA200, MACD+)
2026-08-16 17:00:37,718 [INFO] [MT5Client]: [ORDER SUCCESS] BUY USDJPY 0.01 lots @ 159.321 | SL: 159.172 | TP: 159.68 | Ticket/ID: 168155188
2026-08-16 17:00:52,743 [INFO] [MT5Bot]: [SIGNAL FOUND] BUY USDJPY @ 159.317 | SL: 159.17194 | TP: 159.67964 | Lot: 0.01 | Reason: EMA Cross Uptrend (Close > EMA200, MACD+)
2026-08-16 17:00:52,911 [INFO] [MT5Client]: [ORDER SUCCESS] BUY USDJPY 0.01 lots @ 159.321 | SL: 159.172 | TP: 159.68 | Ticket/ID: 168155189
2026-08-16 17:01:07,936 [INFO] [MT5Bot]: [SIGNAL FOUND] BUY USDJPY @ 159.317 | SL: 159.17194 | TP: 159.67964 | Lot: 0.01 | Reason: EMA Cross Uptrend (Close > EMA200, MACD+)
2026-08-16 17:01:08,104 [INFO] [MT5Client]: [ORDER SUCCESS] BUY USDJPY 0.01 lots @ 159.321 | SL: 159.172 | TP: 159.68 | Ticket/ID: 168155190
2026-08-16 17:01:23,131 [INFO] [MT5Bot]: [SIGNAL FOUND] BUY USDJPY @ 159.317 | SL: 159.17194 | TP: 159.67964 | Lot: 0.01 | Reason: EMA Cross Uptrend (Close > EMA200, MACD+)
2026-08-16 17:01:23,299 [INFO] [MT5Client]: [ORDER SUCCESS] BUY USDJPY 0.01 lots @ 159.321 | SL: 159.172 | TP: 159.68 | Ticket/ID: 168155191
2026-08-16 17:01:38,325 [INFO] [MT5Bot]: [SIGNAL FOUND] BUY USDJPY @ 159.317 | SL: 159.17194 | TP: 159.67964 | Lot: 0.01 | Reason: EMA Cross Uptrend (Close > EMA200, MACD+)
2026-08-16 17:01:38,493 [INFO] [MT5Client]: [ORDER SUCCESS] BUY USDJPY 0.01 lots @ 159.321 | SL: 159.172 | TP: 159.68 | Ticket/ID: 168155192
2026-08-16 17:01:53,518 [INFO] [MT5Bot]: [SIGNAL FOUND] BUY USDJPY @ 159.317 | SL: 159.17194 | TP: 159.67964 | Lot: 0.01 | Reason: EMA Cross Uptrend (Close > EMA200, MACD+)
2026-08-16 17:01:53,686 [INFO] [MT5Client]: [ORDER SUCCESS] BUY USDJPY 0.01 lots @ 159.321 | SL: 159.172 | TP: 159.68 | Ticket/ID: 168155193
2026-08-16 17:02:08,713 [INFO] [MT5Bot]: [SIGNAL FOUND] BUY USDJPY @ 159.317 | SL: 159.17194 | TP: 159.67964 | Lot: 0.01 | Reason: EMA Cross Uptrend (Close > EMA200, MACD+)
2026-08-16 17:02:08,881 [INFO] [MT5Client]: [ORDER SUCCESS] BUY USDJPY 0.01 lots @ 159.321 | SL: 159.172 | TP: 159.68 | Ticket/ID: 168155194
2026-08-16 17:02:23,906 [INFO] [MT5Bot]: [SIGNAL FOUND] BUY USDJPY @ 159.317 | SL: 159.17194 | TP: 159.67964 | Lot: 0.01 | Reason: EMA Cross Uptrend (Close > EMA200, MACD+)
2026-08-16 17:02:24,074 [INFO] [MT5Client]: [ORDER SUCCESS] BUY USDJPY 0.01 lots @ 159.321 | SL: 159.172 | TP: 159.68 | Ticket/ID: 168155195
2026-08-16 17:02:39,100 [INFO] [MT5Bot]: [SIGNAL FOUND] BUY USDJPY @ 159.317 | SL: 159.17194 | TP: 159.67964 | Lot: 0.01 | Reason: EMA Cross Uptrend (Close > EMA200, MACD+)
2026-08-16 17:02:39,267 [INFO] [MT5Client]: [ORDER SUCCESS] BUY USDJPY 0.01 lots @ 159.321 | SL: 159.172 | TP: 159.68 | Ticket/ID: 168155196
2026-08-16 17:02:54,293 [INFO] [MT5Bot]: [SIGNAL FOUND] BUY USDJPY @ 159.317 | SL: 159.17194 | TP: 159.67964 | Lot: 0.01 | Reason: EMA Cross Uptrend (Close > EMA200, MACD+)
2026-08-16 17:02:54,460 [INFO] [MT5Client]: [ORDER SUCCESS] BUY USDJPY 0.01 lots @ 159.321 | SL: 159.172 | TP: 159.68 | Ticket/ID: 168155197
2026-08-16 17:03:09,486 [INFO] [MT5Bot]: [SIGNAL FOUND] BUY USDJPY @ 159.317 | SL: 159.17194 | TP: 159.67964 | Lot: 0.01 | Reason: EMA Cross Uptrend (Close > EMA200, MACD+)
2026-08-16 17:03:09,653 [INFO] [MT5Client]: [ORDER SUCCESS] BUY USDJPY 0.01 lots @ 159.321 | SL: 159.172 | TP: 159.68 | Ticket/ID: 168155198
2026-08-16 17:03:24,679 [INFO] [MT5Bot]: [SIGNAL FOUND] BUY USDJPY @ 159.317 | SL: 159.17194 | TP: 159.67964 | Lot: 0.01 | Reason: EMA Cross Uptrend (Close > EMA200, MACD+)
2026-08-16 17:03:24,848 [INFO] [MT5Client]: [ORDER SUCCESS] BUY USDJPY 0.01 lots @ 159.321 | SL: 159.172 | TP: 159.68 | Ticket/ID: 168155199
2026-08-16 17:03:39,875 [INFO] [MT5Bot]: [SIGNAL FOUND] BUY USDJPY @ 159.317 | SL: 159.17194 | TP: 159.67964 | Lot: 0.01 | Reason: EMA Cross Uptrend (Close > EMA200, MACD+)
2026-08-16 17:03:40,043 [INFO] [MT5Client]: [ORDER SUCCESS] BUY USDJPY 0.01 lots @ 159.321 | SL: 159.172 | TP: 159.68 | Ticket/ID: 168155200
2026-08-16 17:03:55,068 [INFO] [MT5Bot]: [SIGNAL FOUND] BUY USDJPY @ 159.317 | SL: 159.17194 | TP: 159.67964 | Lot: 0.01 | Reason: EMA Cross Uptrend (Close > EMA200, MACD+)
2026-08-16 17:03:55,235 [INFO] [MT5Client]: [ORDER SUCCESS] BUY USDJPY 0.01 lots @ 159.321 | SL: 159.172 | TP: 159.68 | Ticket/ID: 168155201
2026-08-16 17:04:10,262 [INFO] [MT5Bot]: [SIGNAL FOUND] BUY USDJPY @ 159.317 | SL: 159.17194 | TP: 159.67964 | Lot: 0.01 | Reason: EMA Cross Uptrend (Close > EMA200, MACD+)
2026-08-16 17:04:10,441 [INFO] [MT5Client]: [ORDER SUCCESS] BUY USDJPY 0.01 lots @ 159.321 | SL: 159.172 | TP: 159.68 | Ticket/ID: 168155202
2026-08-16 17:04:25,469 [INFO] [MT5Bot]: [SIGNAL FOUND] BUY USDJPY @ 159.317 | SL: 159.17194 | TP: 159.67964 | Lot: 0.01 | Reason: EMA Cross Uptrend (Close > EMA200, MACD+)
2026-08-16 17:04:25,636 [INFO] [MT5Client]: [ORDER SUCCESS] BUY USDJPY 0.01 lots @ 159.321 | SL: 159.172 | TP: 159.68 | Ticket/ID: 168155203
2026-08-16 17:04:40,664 [INFO] [MT5Bot]: [SIGNAL FOUND] BUY USDJPY @ 159.317 | SL: 159.17194 | TP: 159.67964 | Lot: 0.01 | Reason: EMA Cross Uptrend (Close > EMA200, MACD+)
2026-08-16 17:04:40,832 [INFO] [MT5Client]: [ORDER SUCCESS] BUY USDJPY 0.01 lots @ 159.321 | SL: 159.172 | TP: 159.68 | Ticket/ID: 168155204
2026-08-16 17:04:55,857 [INFO] [MT5Bot]: [SIGNAL FOUND] BUY USDJPY @ 159.317 | SL: 159.17194 | TP: 159.67964 | Lot: 0.01 | Reason: EMA Cross Uptrend (Close > EMA200, MACD+)
2026-08-16 17:04:56,026 [INFO] [MT5Client]: [ORDER SUCCESS] BUY USDJPY 0.01 lots @ 159.321 | SL: 159.172 | TP: 159.68 | Ticket/ID: 168155205
2026-08-16 17:05:11,053 [INFO] [MT5Bot]: [SIGNAL FOUND] BUY USDJPY @ 159.317 | SL: 159.17194 | TP: 159.67964 | Lot: 0.01 | Reason: EMA Cross Uptrend (Close > EMA200, MACD+)
2026-08-16 17:05:11,221 [INFO] [MT5Client]: [ORDER SUCCESS] BUY USDJPY 0.01 lots @ 159.321 | SL: 159.172 | TP: 159.68 | Ticket/ID: 168155206
2026-08-16 17:05:26,252 [INFO] [MT5Bot]: [SIGNAL FOUND] BUY USDJPY @ 159.317 | SL: 159.17194 | TP: 159.67964 | Lot: 0.01 | Reason: EMA Cross Uptrend (Close > EMA200, MACD+)
2026-08-16 17:05:26,420 [INFO] [MT5Client]: [ORDER SUCCESS] BUY USDJPY 0.01 lots @ 159.321 | SL: 159.172 | TP: 159.68 | Ticket/ID: 168155207
2026-08-16 17:05:41,453 [INFO] [MT5Bot]: [SIGNAL FOUND] BUY USDJPY @ 159.317 | SL: 159.17194 | TP: 159.67964 | Lot: 0.01 | Reason: EMA Cross Uptrend (Close > EMA200, MACD+)
2026-08-16 17:05:41,620 [INFO] [MT5Client]: [ORDER SUCCESS] BUY USDJPY 0.01 lots @ 159.321 | SL: 159.172 | TP: 159.68 | Ticket/ID: 168155208
2026-08-16 17:05:56,653 [INFO] [MT5Bot]: [SIGNAL FOUND] BUY USDJPY @ 159.317 | SL: 159.17194 | TP: 159.67964 | Lot: 0.01 | Reason: EMA Cross Uptrend (Close > EMA200, MACD+)
2026-08-16 17:05:56,821 [INFO] [MT5Client]: [ORDER SUCCESS] BUY USDJPY 0.01 lots @ 159.321 | SL: 159.172 | TP: 159.68 | Ticket/ID: 168155209
2026-08-16 17:06:11,851 [INFO] [MT5Bot]: [SIGNAL FOUND] BUY USDJPY @ 159.317 | SL: 159.17194 | TP: 159.67964 | Lot: 0.01 | Reason: EMA Cross Uptrend (Close > EMA200, MACD+)
2026-08-16 17:06:12,019 [INFO] [MT5Client]: [ORDER SUCCESS] BUY USDJPY 0.01 lots @ 159.321 | SL: 159.172 | TP: 159.68 | Ticket/ID: 168155210
2026-08-16 17:06:27,045 [INFO] [MT5Bot]: [SIGNAL FOUND] BUY USDJPY @ 159.317 | SL: 159.17194 | TP: 159.67964 | Lot: 0.01 | Reason: EMA Cross Uptrend (Close > EMA200, MACD+)
2026-08-16 17:06:27,213 [INFO] [MT5Client]: [ORDER SUCCESS] BUY USDJPY 0.01 lots @ 159.321 | SL: 159.172 | TP: 159.68 | Ticket/ID: 168155211
2026-08-16 17:06:42,243 [INFO] [MT5Bot]: [SIGNAL FOUND] BUY USDJPY @ 159.317 | SL: 159.17194 | TP: 159.67964 | Lot: 0.01 | Reason: EMA Cross Uptrend (Close > EMA200, MACD+)
2026-08-16 17:06:42,410 [INFO] [MT5Client]: [ORDER SUCCESS] BUY USDJPY 0.01 lots @ 159.321 | SL: 159.172 | TP: 159.68 | Ticket/ID: 168155212
2026-08-16 17:06:57,436 [INFO] [MT5Bot]: [SIGNAL FOUND] BUY USDJPY @ 159.317 | SL: 159.17194 | TP: 159.67964 | Lot: 0.01 | Reason: EMA Cross Uptrend (Close > EMA200, MACD+)
2026-08-16 17:06:57,603 [INFO] [MT5Client]: [ORDER SUCCESS] BUY USDJPY 0.01 lots @ 159.321 | SL: 159.172 | TP: 159.68 | Ticket/ID: 168155213
2026-08-16 17:07:12,629 [INFO] [MT5Bot]: [SIGNAL FOUND] BUY USDJPY @ 159.317 | SL: 159.17194 | TP: 159.67964 | Lot: 0.01 | Reason: EMA Cross Uptrend (Close > EMA200, MACD+)
2026-08-16 17:07:12,797 [INFO] [MT5Client]: [ORDER SUCCESS] BUY USDJPY 0.01 lots @ 159.321 | SL: 159.172 | TP: 159.68 | Ticket/ID: 168155214
2026-08-16 17:07:27,822 [INFO] [MT5Bot]: [SIGNAL FOUND] BUY USDJPY @ 159.317 | SL: 159.17194 | TP: 159.67964 | Lot: 0.01 | Reason: EMA Cross Uptrend (Close > EMA200, MACD+)
2026-08-16 17:07:27,990 [INFO] [MT5Client]: [ORDER SUCCESS] BUY USDJPY 0.01 lots @ 159.321 | SL: 159.172 | TP: 159.68 | Ticket/ID: 168155215
2026-08-16 17:07:43,016 [INFO] [MT5Bot]: [SIGNAL FOUND] BUY USDJPY @ 159.317 | SL: 159.17194 | TP: 159.67964 | Lot: 0.01 | Reason: EMA Cross Uptrend (Close > EMA200, MACD+)
2026-08-16 17:07:43,184 [INFO] [MT5Client]: [ORDER SUCCESS] BUY USDJPY 0.01 lots @ 159.321 | SL: 159.172 | TP: 159.68 | Ticket/ID: 168155216
2026-08-16 17:07:58,212 [INFO] [MT5Bot]: [SIGNAL FOUND] BUY USDJPY @ 159.317 | SL: 159.17194 | TP: 159.67964 | Lot: 0.01 | Reason: EMA Cross Uptrend (Close > EMA200, MACD+)
2026-08-16 17:07:58,380 [INFO] [MT5Client]: [ORDER SUCCESS] BUY USDJPY 0.01 lots @ 159.321 | SL: 159.172 | TP: 159.68 | Ticket/ID: 168155217
2026-08-16 17:08:13,406 [INFO] [MT5Bot]: [SIGNAL FOUND] BUY USDJPY @ 159.317 | SL: 159.17194 | TP: 159.67964 | Lot: 0.01 | Reason: EMA Cross Uptrend (Close > EMA200, MACD+)
2026-08-16 17:08:13,573 [INFO] [MT5Client]: [ORDER SUCCESS] BUY USDJPY 0.01 lots @ 159.321 | SL: 159.172 | TP: 159.68 | Ticket/ID: 168155218
2026-08-16 17:08:28,600 [INFO] [MT5Bot]: [SIGNAL FOUND] BUY USDJPY @ 159.317 | SL: 159.17194 | TP: 159.67964 | Lot: 0.01 | Reason: EMA Cross Uptrend (Close > EMA200, MACD+)
2026-08-16 17:08:28,772 [INFO] [MT5Client]: [ORDER SUCCESS] BUY USDJPY 0.01 lots @ 159.321 | SL: 159.172 | TP: 159.68 | Ticket/ID: 168155219
2026-08-16 17:08:43,800 [INFO] [MT5Bot]: [SIGNAL FOUND] BUY USDJPY @ 159.317 | SL: 159.17194 | TP: 159.67964 | Lot: 0.01 | Reason: EMA Cross Uptrend (Close > EMA200, MACD+)
2026-08-16 17:08:43,974 [INFO] [MT5Client]: [ORDER SUCCESS] BUY USDJPY 0.01 lots @ 159.321 | SL: 159.172 | TP: 159.68 | Ticket/ID: 168155220
2026-08-16 17:08:59,001 [INFO] [MT5Bot]: [SIGNAL FOUND] BUY USDJPY @ 159.317 | SL: 159.17194 | TP: 159.67964 | Lot: 0.01 | Reason: EMA Cross Uptrend (Close > EMA200, MACD+)
2026-08-16 17:08:59,169 [INFO] [MT5Client]: [ORDER SUCCESS] BUY USDJPY 0.01 lots @ 159.321 | SL: 159.172 | TP: 159.68 | Ticket/ID: 168155221
2026-08-16 17:09:14,195 [INFO] [MT5Bot]: [SIGNAL FOUND] BUY USDJPY @ 159.317 | SL: 159.17194 | TP: 159.67964 | Lot: 0.01 | Reason: EMA Cross Uptrend (Close > EMA200, MACD+)
2026-08-16 17:09:14,363 [INFO] [MT5Client]: [ORDER SUCCESS] BUY USDJPY 0.01 lots @ 159.321 | SL: 159.172 | TP: 159.68 | Ticket/ID: 168155222
2026-08-16 17:09:29,388 [INFO] [MT5Bot]: [SIGNAL FOUND] BUY USDJPY @ 159.317 | SL: 159.17194 | TP: 159.67964 | Lot: 0.01 | Reason: EMA Cross Uptrend (Close > EMA200, MACD+)
2026-08-16 17:09:29,556 [INFO] [MT5Client]: [ORDER SUCCESS] BUY USDJPY 0.01 lots @ 159.321 | SL: 159.172 | TP: 159.68 | Ticket/ID: 168155223
2026-08-16 17:09:44,582 [INFO] [MT5Bot]: [SIGNAL FOUND] BUY USDJPY @ 159.317 | SL: 159.17194 | TP: 159.67964 | Lot: 0.01 | Reason: EMA Cross Uptrend (Close > EMA200, MACD+)
2026-08-16 17:09:44,749 [INFO] [MT5Client]: [ORDER SUCCESS] BUY USDJPY 0.01 lots @ 159.321 | SL: 159.172 | TP: 159.68 | Ticket/ID: 168155224
2026-08-16 17:09:59,775 [INFO] [MT5Bot]: [SIGNAL FOUND] BUY USDJPY @ 159.317 | SL: 159.17194 | TP: 159.67964 | Lot: 0.01 | Reason: EMA Cross Uptrend (Close > EMA200, MACD+)
2026-08-16 17:09:59,942 [INFO] [MT5Client]: [ORDER SUCCESS] BUY USDJPY 0.01 lots @ 159.321 | SL: 159.172 | TP: 159.68 | Ticket/ID: 168155225
2026-08-16 17:10:14,972 [INFO] [MT5Bot]: [SIGNAL FOUND] BUY USDJPY @ 159.317 | SL: 159.17194 | TP: 159.67964 | Lot: 0.01 | Reason: EMA Cross Uptrend (Close > EMA200, MACD+)
2026-08-16 17:10:15,140 [INFO] [MT5Client]: [ORDER SUCCESS] BUY USDJPY 0.01 lots @ 159.321 | SL: 159.172 | TP: 159.68 | Ticket/ID: 168155226
2026-08-16 17:10:30,166 [INFO] [MT5Bot]: [SIGNAL FOUND] BUY USDJPY @ 159.317 | SL: 159.17194 | TP: 159.67964 | Lot: 0.01 | Reason: EMA Cross Uptrend (Close > EMA200, MACD+)
2026-08-16 17:10:30,333 [INFO] [MT5Client]: [ORDER SUCCESS] BUY USDJPY 0.01 lots @ 159.321 | SL: 159.172 | TP: 159.68 | Ticket/ID: 168155227
2026-08-16 17:10:45,359 [INFO] [MT5Bot]: [SIGNAL FOUND] BUY USDJPY @ 159.317 | SL: 159.17194 | TP: 159.67964 | Lot: 0.01 | Reason: EMA Cross Uptrend (Close > EMA200, MACD+)
2026-08-16 17:10:45,527 [INFO] [MT5Client]: [ORDER SUCCESS] BUY USDJPY 0.01 lots @ 159.321 | SL: 159.172 | TP: 159.68 | Ticket/ID: 168155228
2026-08-16 17:11:00,552 [INFO] [MT5Bot]: [SIGNAL FOUND] BUY USDJPY @ 159.317 | SL: 159.17194 | TP: 159.67964 | Lot: 0.01 | Reason: EMA Cross Uptrend (Close > EMA200, MACD+)
2026-08-16 17:11:00,719 [INFO] [MT5Client]: [ORDER SUCCESS] BUY USDJPY 0.01 lots @ 159.321 | SL: 159.172 | TP: 159.68 | Ticket/ID: 168155229
2026-08-16 17:11:15,745 [INFO] [MT5Bot]: [SIGNAL FOUND] BUY USDJPY @ 159.317 | SL: 159.17194 | TP: 159.67964 | Lot: 0.01 | Reason: EMA Cross Uptrend (Close > EMA200, MACD+)
2026-08-16 17:11:15,913 [INFO] [MT5Client]: [ORDER SUCCESS] BUY USDJPY 0.01 lots @ 159.321 | SL: 159.172 | TP: 159.68 | Ticket/ID: 168155230
2026-08-16 17:11:30,939 [INFO] [MT5Bot]: [SIGNAL FOUND] BUY USDJPY @ 159.317 | SL: 159.17194 | TP: 159.67964 | Lot: 0.01 | Reason: EMA Cross Uptrend (Close > EMA200, MACD+)
2026-08-16 17:11:31,107 [INFO] [MT5Client]: [ORDER SUCCESS] BUY USDJPY 0.01 lots @ 159.321 | SL: 159.172 | TP: 159.68 | Ticket/ID: 168155231
2026-08-16 17:11:46,133 [INFO] [MT5Bot]: [SIGNAL FOUND] BUY USDJPY @ 159.317 | SL: 159.17194 | TP: 159.67964 | Lot: 0.01 | Reason: EMA Cross Uptrend (Close > EMA200, MACD+)
2026-08-16 17:11:46,300 [INFO] [MT5Client]: [ORDER SUCCESS] BUY USDJPY 0.01 lots @ 159.321 | SL: 159.172 | TP: 159.68 | Ticket/ID: 168155232
2026-08-16 17:12:01,327 [INFO] [MT5Bot]: [SIGNAL FOUND] BUY USDJPY @ 159.317 | SL: 159.17194 | TP: 159.67964 | Lot: 0.01 | Reason: EMA Cross Uptrend (Close > EMA200, MACD+)
2026-08-16 17:12:01,494 [INFO] [MT5Client]: [ORDER SUCCESS] BUY USDJPY 0.01 lots @ 159.321 | SL: 159.172 | TP: 159.68 | Ticket/ID: 168155233
2026-08-16 17:12:16,521 [INFO] [MT5Bot]: [SIGNAL FOUND] BUY USDJPY @ 159.317 | SL: 159.17194 | TP: 159.67964 | Lot: 0.01 | Reason: EMA Cross Uptrend (Close > EMA200, MACD+)
2026-08-16 17:12:16,688 [INFO] [MT5Client]: [ORDER SUCCESS] BUY USDJPY 0.01 lots @ 159.321 | SL: 159.172 | TP: 159.68 | Ticket/ID: 168155234
2026-08-16 17:12:31,715 [INFO] [MT5Bot]: [SIGNAL FOUND] BUY USDJPY @ 159.317 | SL: 159.17194 | TP: 159.67964 | Lot: 0.01 | Reason: EMA Cross Uptrend (Close > EMA200, MACD+)
2026-08-16 17:12:31,884 [INFO] [MT5Client]: [ORDER SUCCESS] BUY USDJPY 0.01 lots @ 159.321 | SL: 159.172 | TP: 159.68 | Ticket/ID: 168155235
2026-08-16 17:12:46,909 [INFO] [MT5Bot]: [SIGNAL FOUND] BUY USDJPY @ 159.317 | SL: 159.17194 | TP: 159.67964 | Lot: 0.01 | Reason: EMA Cross Uptrend (Close > EMA200, MACD+)
2026-08-16 17:12:47,082 [INFO] [MT5Client]: [ORDER SUCCESS] BUY USDJPY 0.01 lots @ 159.321 | SL: 159.172 | TP: 159.68 | Ticket/ID: 168155236
2026-08-16 17:13:02,109 [INFO] [MT5Bot]: [SIGNAL FOUND] BUY USDJPY @ 159.317 | SL: 159.17194 | TP: 159.67964 | Lot: 0.01 | Reason: EMA Cross Uptrend (Close > EMA200, MACD+)
2026-08-16 17:13:02,276 [INFO] [MT5Client]: [ORDER SUCCESS] BUY USDJPY 0.01 lots @ 159.321 | SL: 159.172 | TP: 159.68 | Ticket/ID: 168155237
2026-08-16 17:13:17,301 [INFO] [MT5Bot]: [SIGNAL FOUND] BUY USDJPY @ 159.317 | SL: 159.17194 | TP: 159.67964 | Lot: 0.01 | Reason: EMA Cross Uptrend (Close > EMA200, MACD+)
2026-08-16 17:13:17,469 [INFO] [MT5Client]: [ORDER SUCCESS] BUY USDJPY 0.01 lots @ 159.321 | SL: 159.172 | TP: 159.68 | Ticket/ID: 168155238
2026-08-16 17:13:32,494 [INFO] [MT5Bot]: [SIGNAL FOUND] BUY USDJPY @ 159.317 | SL: 159.17194 | TP: 159.67964 | Lot: 0.01 | Reason: EMA Cross Uptrend (Close > EMA200, MACD+)
2026-08-16 17:13:32,664 [INFO] [MT5Client]: [ORDER SUCCESS] BUY USDJPY 0.01 lots @ 159.321 | SL: 159.172 | TP: 159.68 | Ticket/ID: 168155239
2026-08-16 17:13:47,690 [INFO] [MT5Bot]: [SIGNAL FOUND] BUY USDJPY @ 159.317 | SL: 159.17194 | TP: 159.67964 | Lot: 0.01 | Reason: EMA Cross Uptrend (Close > EMA200, MACD+)
2026-08-16 17:13:47,858 [INFO] [MT5Client]: [ORDER SUCCESS] BUY USDJPY 0.01 lots @ 159.321 | SL: 159.172 | TP: 159.68 | Ticket/ID: 168155240
2026-08-16 17:14:02,885 [INFO] [MT5Bot]: [SIGNAL FOUND] BUY USDJPY @ 159.317 | SL: 159.17194 | TP: 159.67964 | Lot: 0.01 | Reason: EMA Cross Uptrend (Close > EMA200, MACD+)
2026-08-16 17:14:03,052 [INFO] [MT5Client]: [ORDER SUCCESS] BUY USDJPY 0.01 lots @ 159.321 | SL: 159.172 | TP: 159.68 | Ticket/ID: 168155241
2026-08-16 17:14:18,078 [INFO] [MT5Bot]: [SIGNAL FOUND] BUY USDJPY @ 159.317 | SL: 159.17194 | TP: 159.67964 | Lot: 0.01 | Reason: EMA Cross Uptrend (Close > EMA200, MACD+)
2026-08-16 17:14:18,247 [INFO] [MT5Client]: [ORDER SUCCESS] BUY USDJPY 0.01 lots @ 159.321 | SL: 159.172 | TP: 159.68 | Ticket/ID: 168155242
2026-08-16 17:14:33,283 [INFO] [MT5Bot]: [SIGNAL FOUND] BUY USDJPY @ 159.317 | SL: 159.17194 | TP: 159.67964 | Lot: 0.01 | Reason: EMA Cross Uptrend (Close > EMA200, MACD+)
2026-08-16 17:14:33,456 [INFO] [MT5Client]: [ORDER SUCCESS] BUY USDJPY 0.01 lots @ 159.321 | SL: 159.172 | TP: 159.68 | Ticket/ID: 168155243
2026-08-16 17:14:48,496 [INFO] [MT5Bot]: [SIGNAL FOUND] BUY USDJPY @ 159.317 | SL: 159.17194 | TP: 159.67964 | Lot: 0.01 | Reason: EMA Cross Uptrend (Close > EMA200, MACD+)
2026-08-16 17:14:48,664 [INFO] [MT5Client]: [ORDER SUCCESS] BUY USDJPY 0.01 lots @ 159.321 | SL: 159.172 | TP: 159.68 | Ticket/ID: 168155244
2026-08-16 17:15:03,697 [INFO] [MT5Bot]: [SIGNAL FOUND] BUY USDJPY @ 159.317 | SL: 159.17194 | TP: 159.67964 | Lot: 0.01 | Reason: EMA Cross Uptrend (Close > EMA200, MACD+)
2026-08-16 17:15:03,864 [INFO] [MT5Client]: [ORDER SUCCESS] BUY USDJPY 0.01 lots @ 159.321 | SL: 159.172 | TP: 159.68 | Ticket/ID: 168155245
2026-08-16 17:15:18,892 [INFO] [MT5Bot]: [SIGNAL FOUND] BUY USDJPY @ 159.317 | SL: 159.17194 | TP: 159.67964 | Lot: 0.01 | Reason: EMA Cross Uptrend (Close > EMA200, MACD+)
2026-08-16 17:15:19,060 [INFO] [MT5Client]: [ORDER SUCCESS] BUY USDJPY 0.01 lots @ 159.321 | SL: 159.172 | TP: 159.68 | Ticket/ID: 168155246
2026-08-16 17:15:34,087 [INFO] [MT5Bot]: [SIGNAL FOUND] BUY USDJPY @ 159.317 | SL: 159.17194 | TP: 159.67964 | Lot: 0.01 | Reason: EMA Cross Uptrend (Close > EMA200, MACD+)
2026-08-16 17:15:34,255 [INFO] [MT5Client]: [ORDER SUCCESS] BUY USDJPY 0.01 lots @ 159.321 | SL: 159.172 | TP: 159.68 | Ticket/ID: 168155247
2026-08-16 17:15:49,284 [INFO] [MT5Bot]: [SIGNAL FOUND] BUY USDJPY @ 159.317 | SL: 159.17194 | TP: 159.67964 | Lot: 0.01 | Reason: EMA Cross Uptrend (Close > EMA200, MACD+)
2026-08-16 17:15:49,458 [INFO] [MT5Client]: [ORDER SUCCESS] BUY USDJPY 0.01 lots @ 159.321 | SL: 159.172 | TP: 159.68 | Ticket/ID: 168155248
2026-08-16 17:16:04,483 [INFO] [MT5Bot]: [SIGNAL FOUND] BUY USDJPY @ 159.317 | SL: 159.17194 | TP: 159.67964 | Lot: 0.01 | Reason: EMA Cross Uptrend (Close > EMA200, MACD+)
2026-08-16 17:16:04,651 [INFO] [MT5Client]: [ORDER SUCCESS] BUY USDJPY 0.01 lots @ 159.321 | SL: 159.172 | TP: 159.68 | Ticket/ID: 168155249
2026-08-16 17:16:19,677 [INFO] [MT5Bot]: [SIGNAL FOUND] BUY USDJPY @ 159.317 | SL: 159.17194 | TP: 159.67964 | Lot: 0.01 | Reason: EMA Cross Uptrend (Close > EMA200, MACD+)
2026-08-16 17:16:19,845 [INFO] [MT5Client]: [ORDER SUCCESS] BUY USDJPY 0.01 lots @ 159.321 | SL: 159.172 | TP: 159.68 | Ticket/ID: 168155250
2026-08-16 17:16:34,871 [INFO] [MT5Bot]: [SIGNAL FOUND] BUY USDJPY @ 159.317 | SL: 159.17194 | TP: 159.67964 | Lot: 0.01 | Reason: EMA Cross Uptrend (Close > EMA200, MACD+)
2026-08-16 17:16:35,039 [INFO] [MT5Client]: [ORDER SUCCESS] BUY USDJPY 0.01 lots @ 159.321 | SL: 159.172 | TP: 159.68 | Ticket/ID: 168155251
2026-08-16 17:16:50,066 [INFO] [MT5Bot]: [SIGNAL FOUND] BUY USDJPY @ 159.317 | SL: 159.17194 | TP: 159.67964 | Lot: 0.01 | Reason: EMA Cross Uptrend (Close > EMA200, MACD+)
2026-08-16 17:16:50,234 [INFO] [MT5Client]: [ORDER SUCCESS] BUY USDJPY 0.01 lots @ 159.321 | SL: 159.172 | TP: 159.68 | Ticket/ID: 168155252
2026-08-16 17:17:05,259 [INFO] [MT5Bot]: [SIGNAL FOUND] BUY USDJPY @ 159.317 | SL: 159.17194 | TP: 159.67964 | Lot: 0.01 | Reason: EMA Cross Uptrend (Close > EMA200, MACD+)
2026-08-16 17:17:05,427 [INFO] [MT5Client]: [ORDER SUCCESS] BUY USDJPY 0.01 lots @ 159.321 | SL: 159.172 | TP: 159.68 | Ticket/ID: 168155253
2026-08-16 17:17:20,452 [INFO] [MT5Bot]: [SIGNAL FOUND] BUY USDJPY @ 159.317 | SL: 159.17194 | TP: 159.67964 | Lot: 0.01 | Reason: EMA Cross Uptrend (Close > EMA200, MACD+)
2026-08-16 17:17:20,619 [INFO] [MT5Client]: [ORDER SUCCESS] BUY USDJPY 0.01 lots @ 159.321 | SL: 159.172 | TP: 159.68 | Ticket/ID: 168155254
2026-08-16 17:17:35,643 [INFO] [MT5Bot]: [SIGNAL FOUND] BUY USDJPY @ 159.317 | SL: 159.17194 | TP: 159.67964 | Lot: 0.01 | Reason: EMA Cross Uptrend (Close > EMA200, MACD+)
2026-08-16 17:17:35,810 [INFO] [MT5Client]: [ORDER SUCCESS] BUY USDJPY 0.01 lots @ 159.321 | SL: 159.172 | TP: 159.68 | Ticket/ID: 168155255
2026-08-16 17:17:50,837 [INFO] [MT5Bot]: [SIGNAL FOUND] BUY USDJPY @ 159.317 | SL: 159.17194 | TP: 159.67964 | Lot: 0.01 | Reason: EMA Cross Uptrend (Close > EMA200, MACD+)
2026-08-16 17:17:51,004 [INFO] [MT5Client]: [ORDER SUCCESS] BUY USDJPY 0.01 lots @ 159.321 | SL: 159.172 | TP: 159.68 | Ticket/ID: 168155256
2026-08-16 17:18:06,032 [INFO] [MT5Bot]: [SIGNAL FOUND] BUY USDJPY @ 159.317 | SL: 159.17194 | TP: 159.67964 | Lot: 0.01 | Reason: EMA Cross Uptrend (Close > EMA200, MACD+)
2026-08-16 17:18:06,200 [INFO] [MT5Client]: [ORDER SUCCESS] BUY USDJPY 0.01 lots @ 159.321 | SL: 159.172 | TP: 159.68 | Ticket/ID: 168155257
2026-08-16 17:18:21,226 [INFO] [MT5Bot]: [SIGNAL FOUND] BUY USDJPY @ 159.317 | SL: 159.17194 | TP: 159.67964 | Lot: 0.01 | Reason: EMA Cross Uptrend (Close > EMA200, MACD+)
2026-08-16 17:18:21,400 [INFO] [MT5Client]: [ORDER SUCCESS] BUY USDJPY 0.01 lots @ 159.321 | SL: 159.172 | TP: 159.68 | Ticket/ID: 168155258
2026-08-16 17:18:36,424 [INFO] [MT5Bot]: [SIGNAL FOUND] BUY USDJPY @ 159.317 | SL: 159.17194 | TP: 159.67964 | Lot: 0.01 | Reason: EMA Cross Uptrend (Close > EMA200, MACD+)
2026-08-16 17:18:36,598 [INFO] [MT5Client]: [ORDER SUCCESS] BUY USDJPY 0.01 lots @ 159.321 | SL: 159.172 | TP: 159.68 | Ticket/ID: 168155259
2026-08-16 17:18:51,623 [INFO] [MT5Bot]: [SIGNAL FOUND] BUY USDJPY @ 159.317 | SL: 159.17194 | TP: 159.67964 | Lot: 0.01 | Reason: EMA Cross Uptrend (Close > EMA200, MACD+)
2026-08-16 17:18:51,790 [INFO] [MT5Client]: [ORDER SUCCESS] BUY USDJPY 0.01 lots @ 159.321 | SL: 159.172 | TP: 159.68 | Ticket/ID: 168155260
2026-08-16 17:19:06,821 [INFO] [MT5Bot]: [SIGNAL FOUND] BUY USDJPY @ 159.317 | SL: 159.17194 | TP: 159.67964 | Lot: 0.01 | Reason: EMA Cross Uptrend (Close > EMA200, MACD+)
2026-08-16 17:19:06,988 [INFO] [MT5Client]: [ORDER SUCCESS] BUY USDJPY 0.01 lots @ 159.321 | SL: 159.172 | TP: 159.68 | Ticket/ID: 168155261
2026-08-16 17:19:22,023 [INFO] [MT5Bot]: [SIGNAL FOUND] BUY USDJPY @ 159.317 | SL: 159.17194 | TP: 159.67964 | Lot: 0.01 | Reason: EMA Cross Uptrend (Close > EMA200, MACD+)
2026-08-16 17:19:22,190 [INFO] [MT5Client]: [ORDER SUCCESS] BUY USDJPY 0.01 lots @ 159.321 | SL: 159.172 | TP: 159.68 | Ticket/ID: 168155262
2026-08-16 17:19:37,215 [INFO] [MT5Bot]: [SIGNAL FOUND] BUY USDJPY @ 159.317 | SL: 159.17194 | TP: 159.67964 | Lot: 0.01 | Reason: EMA Cross Uptrend (Close > EMA200, MACD+)
2026-08-16 17:19:37,383 [INFO] [MT5Client]: [ORDER SUCCESS] BUY USDJPY 0.01 lots @ 159.321 | SL: 159.172 | TP: 159.68 | Ticket/ID: 168155263
2026-08-16 17:19:52,409 [INFO] [MT5Bot]: [SIGNAL FOUND] BUY USDJPY @ 159.317 | SL: 159.17194 | TP: 159.67964 | Lot: 0.01 | Reason: EMA Cross Uptrend (Close > EMA200, MACD+)
2026-08-16 17:19:52,576 [INFO] [MT5Client]: [ORDER SUCCESS] BUY USDJPY 0.01 lots @ 159.321 | SL: 159.172 | TP: 159.68 | Ticket/ID: 168155264
2026-08-16 17:20:07,601 [INFO] [MT5Bot]: [SIGNAL FOUND] BUY USDJPY @ 159.317 | SL: 159.17194 | TP: 159.67964 | Lot: 0.01 | Reason: EMA Cross Uptrend (Close > EMA200, MACD+)
2026-08-16 17:20:07,769 [INFO] [MT5Client]: [ORDER SUCCESS] BUY USDJPY 0.01 lots @ 159.321 | SL: 159.172 | TP: 159.68 | Ticket/ID: 168155265
2026-08-16 17:20:22,798 [INFO] [MT5Bot]: [SIGNAL FOUND] BUY USDJPY @ 159.317 | SL: 159.17194 | TP: 159.67964 | Lot: 0.01 | Reason: EMA Cross Uptrend (Close > EMA200, MACD+)
2026-08-16 17:20:22,966 [INFO] [MT5Client]: [ORDER SUCCESS] BUY USDJPY 0.01 lots @ 159.321 | SL: 159.172 | TP: 159.68 | Ticket/ID: 168155266
2026-08-16 17:20:37,991 [INFO] [MT5Bot]: [SIGNAL FOUND] BUY USDJPY @ 159.317 | SL: 159.17194 | TP: 159.67964 | Lot: 0.01 | Reason: EMA Cross Uptrend (Close > EMA200, MACD+)
2026-08-16 17:20:38,158 [INFO] [MT5Client]: [ORDER SUCCESS] BUY USDJPY 0.01 lots @ 159.321 | SL: 159.172 | TP: 159.68 | Ticket/ID: 168155267
2026-08-16 17:20:53,187 [INFO] [MT5Bot]: [SIGNAL FOUND] BUY USDJPY @ 159.317 | SL: 159.17194 | TP: 159.67964 | Lot: 0.01 | Reason: EMA Cross Uptrend (Close > EMA200, MACD+)
2026-08-16 17:20:53,362 [INFO] [MT5Client]: [ORDER SUCCESS] BUY USDJPY 0.01 lots @ 159.321 | SL: 159.172 | TP: 159.68 | Ticket/ID: 168155268
2026-08-16 17:21:08,391 [INFO] [MT5Bot]: [SIGNAL FOUND] BUY USDJPY @ 159.317 | SL: 159.17194 | TP: 159.67964 | Lot: 0.01 | Reason: EMA Cross Uptrend (Close > EMA200, MACD+)
2026-08-16 17:21:08,558 [INFO] [MT5Client]: [ORDER SUCCESS] BUY USDJPY 0.01 lots @ 159.321 | SL: 159.172 | TP: 159.68 | Ticket/ID: 168155269
2026-08-16 17:21:23,593 [INFO] [MT5Bot]: [SIGNAL FOUND] BUY USDJPY @ 159.317 | SL: 159.17194 | TP: 159.67964 | Lot: 0.01 | Reason: EMA Cross Uptrend (Close > EMA200, MACD+)
2026-08-16 17:21:23,761 [INFO] [MT5Client]: [ORDER SUCCESS] BUY USDJPY 0.01 lots @ 159.321 | SL: 159.172 | TP: 159.68 | Ticket/ID: 168155270
2026-08-16 17:21:38,790 [INFO] [MT5Bot]: [SIGNAL FOUND] BUY USDJPY @ 159.317 | SL: 159.17194 | TP: 159.67964 | Lot: 0.01 | Reason: EMA Cross Uptrend (Close > EMA200, MACD+)
2026-08-16 17:21:38,957 [INFO] [MT5Client]: [ORDER SUCCESS] BUY USDJPY 0.01 lots @ 159.321 | SL: 159.172 | TP: 159.68 | Ticket/ID: 168155271
2026-08-16 17:21:53,982 [INFO] [MT5Bot]: [SIGNAL FOUND] BUY USDJPY @ 159.317 | SL: 159.17194 | TP: 159.67964 | Lot: 0.01 | Reason: EMA Cross Uptrend (Close > EMA200, MACD+)
2026-08-16 17:21:54,150 [INFO] [MT5Client]: [ORDER SUCCESS] BUY USDJPY 0.01 lots @ 159.321 | SL: 159.172 | TP: 159.68 | Ticket/ID: 168155272
2026-08-16 17:22:09,175 [INFO] [MT5Bot]: [SIGNAL FOUND] BUY USDJPY @ 159.317 | SL: 159.17194 | TP: 159.67964 | Lot: 0.01 | Reason: EMA Cross Uptrend (Close > EMA200, MACD+)
2026-08-16 17:22:09,343 [INFO] [MT5Client]: [ORDER SUCCESS] BUY USDJPY 0.01 lots @ 159.321 | SL: 159.172 | TP: 159.68 | Ticket/ID: 168155273
2026-08-16 17:22:24,379 [INFO] [MT5Bot]: [SIGNAL FOUND] BUY USDJPY @ 159.317 | SL: 159.17194 | TP: 159.67964 | Lot: 0.01 | Reason: EMA Cross Uptrend (Close > EMA200, MACD+)
2026-08-16 17:22:24,546 [INFO] [MT5Client]: [ORDER SUCCESS] BUY USDJPY 0.01 lots @ 159.321 | SL: 159.172 | TP: 159.68 | Ticket/ID: 168155274
2026-08-16 17:22:39,576 [INFO] [MT5Bot]: [SIGNAL FOUND] BUY USDJPY @ 159.317 | SL: 159.17194 | TP: 159.67964 | Lot: 0.01 | Reason: EMA Cross Uptrend (Close > EMA200, MACD+)
2026-08-16 17:22:39,744 [INFO] [MT5Client]: [ORDER SUCCESS] BUY USDJPY 0.01 lots @ 159.321 | SL: 159.172 | TP: 159.68 | Ticket/ID: 168155275
2026-08-16 17:22:54,774 [INFO] [MT5Bot]: [SIGNAL FOUND] BUY USDJPY @ 159.317 | SL: 159.17194 | TP: 159.67964 | Lot: 0.01 | Reason: EMA Cross Uptrend (Close > EMA200, MACD+)
2026-08-16 17:22:54,942 [INFO] [MT5Client]: [ORDER SUCCESS] BUY USDJPY 0.01 lots @ 159.321 | SL: 159.172 | TP: 159.68 | Ticket/ID: 168155276
2026-08-16 17:23:09,967 [INFO] [MT5Bot]: [SIGNAL FOUND] BUY USDJPY @ 159.317 | SL: 159.17194 | TP: 159.67964 | Lot: 0.01 | Reason: EMA Cross Uptrend (Close > EMA200, MACD+)
2026-08-16 17:23:10,144 [INFO] [MT5Client]: [ORDER SUCCESS] BUY USDJPY 0.01 lots @ 159.321 | SL: 159.172 | TP: 159.68 | Ticket/ID: 168155277
2026-08-16 17:23:25,170 [INFO] [MT5Bot]: [SIGNAL FOUND] BUY USDJPY @ 159.317 | SL: 159.17194 | TP: 159.67964 | Lot: 0.01 | Reason: EMA Cross Uptrend (Close > EMA200, MACD+)
2026-08-16 17:23:25,345 [INFO] [MT5Client]: [ORDER SUCCESS] BUY USDJPY 0.01 lots @ 159.321 | SL: 159.172 | TP: 159.68 | Ticket/ID: 168155278
2026-08-16 17:23:40,370 [INFO] [MT5Bot]: [SIGNAL FOUND] BUY USDJPY @ 159.317 | SL: 159.17194 | TP: 159.67964 | Lot: 0.01 | Reason: EMA Cross Uptrend (Close > EMA200, MACD+)
2026-08-16 17:23:40,537 [INFO] [MT5Client]: [ORDER SUCCESS] BUY USDJPY 0.01 lots @ 159.321 | SL: 159.172 | TP: 159.68 | Ticket/ID: 168155279
2026-08-16 17:23:55,567 [INFO] [MT5Bot]: [SIGNAL FOUND] BUY USDJPY @ 159.317 | SL: 159.17194 | TP: 159.67964 | Lot: 0.01 | Reason: EMA Cross Uptrend (Close > EMA200, MACD+)
2026-08-16 17:23:55,735 [INFO] [MT5Client]: [ORDER SUCCESS] BUY USDJPY 0.01 lots @ 159.321 | SL: 159.172 | TP: 159.68 | Ticket/ID: 168155280
2026-08-16 17:24:10,767 [INFO] [MT5Bot]: [SIGNAL FOUND] BUY USDJPY @ 159.317 | SL: 159.17194 | TP: 159.67964 | Lot: 0.01 | Reason: EMA Cross Uptrend (Close > EMA200, MACD+)
2026-08-16 17:24:10,935 [INFO] [MT5Client]: [ORDER SUCCESS] BUY USDJPY 0.01 lots @ 159.321 | SL: 159.172 | TP: 159.68 | Ticket/ID: 168155281
2026-08-16 17:24:25,967 [INFO] [MT5Bot]: [SIGNAL FOUND] BUY USDJPY @ 159.317 | SL: 159.17194 | TP: 159.67964 | Lot: 0.01 | Reason: EMA Cross Uptrend (Close > EMA200, MACD+)
2026-08-16 17:24:26,136 [INFO] [MT5Client]: [ORDER SUCCESS] BUY USDJPY 0.01 lots @ 159.321 | SL: 159.172 | TP: 159.68 | Ticket/ID: 168155282
2026-08-16 17:24:41,169 [INFO] [MT5Bot]: [SIGNAL FOUND] BUY USDJPY @ 159.317 | SL: 159.17194 | TP: 159.67964 | Lot: 0.01 | Reason: EMA Cross Uptrend (Close > EMA200, MACD+)
2026-08-16 17:24:41,337 [INFO] [MT5Client]: [ORDER SUCCESS] BUY USDJPY 0.01 lots @ 159.321 | SL: 159.172 | TP: 159.68 | Ticket/ID: 168155283
2026-08-16 17:24:56,367 [INFO] [MT5Bot]: [SIGNAL FOUND] BUY USDJPY @ 159.317 | SL: 159.17194 | TP: 159.67964 | Lot: 0.01 | Reason: EMA Cross Uptrend (Close > EMA200, MACD+)
2026-08-16 17:24:56,535 [INFO] [MT5Client]: [ORDER SUCCESS] BUY USDJPY 0.01 lots @ 159.321 | SL: 159.172 | TP: 159.68 | Ticket/ID: 168155284
2026-08-16 17:25:11,566 [INFO] [MT5Bot]: [SIGNAL FOUND] BUY USDJPY @ 159.317 | SL: 159.17194 | TP: 159.67964 | Lot: 0.01 | Reason: EMA Cross Uptrend (Close > EMA200, MACD+)
2026-08-16 17:25:11,733 [INFO] [MT5Client]: [ORDER SUCCESS] BUY USDJPY 0.01 lots @ 159.321 | SL: 159.172 | TP: 159.68 | Ticket/ID: 168155285
2026-08-16 17:25:26,764 [INFO] [MT5Bot]: [SIGNAL FOUND] BUY USDJPY @ 159.317 | SL: 159.17194 | TP: 159.67964 | Lot: 0.01 | Reason: EMA Cross Uptrend (Close > EMA200, MACD+)
2026-08-16 17:25:26,938 [INFO] [MT5Client]: [ORDER SUCCESS] BUY USDJPY 0.01 lots @ 159.321 | SL: 159.172 | TP: 159.68 | Ticket/ID: 168155286
2026-08-16 17:25:41,966 [INFO] [MT5Bot]: [SIGNAL FOUND] BUY USDJPY @ 159.317 | SL: 159.17194 | TP: 159.67964 | Lot: 0.01 | Reason: EMA Cross Uptrend (Close > EMA200, MACD+)
2026-08-16 17:25:42,133 [INFO] [MT5Client]: [ORDER SUCCESS] BUY USDJPY 0.01 lots @ 159.321 | SL: 159.172 | TP: 159.68 | Ticket/ID: 168155287
2026-08-16 17:25:57,164 [INFO] [MT5Bot]: [SIGNAL FOUND] BUY USDJPY @ 159.317 | SL: 159.17194 | TP: 159.67964 | Lot: 0.01 | Reason: EMA Cross Uptrend (Close > EMA200, MACD+)
2026-08-16 17:25:57,333 [INFO] [MT5Client]: [ORDER SUCCESS] BUY USDJPY 0.01 lots @ 159.321 | SL: 159.172 | TP: 159.68 | Ticket/ID: 168155288
2026-08-16 17:26:12,361 [INFO] [MT5Bot]: [SIGNAL FOUND] BUY USDJPY @ 159.317 | SL: 159.17194 | TP: 159.67964 | Lot: 0.01 | Reason: EMA Cross Uptrend (Close > EMA200, MACD+)
2026-08-16 17:26:12,528 [INFO] [MT5Client]: [ORDER SUCCESS] BUY USDJPY 0.01 lots @ 159.321 | SL: 159.172 | TP: 159.68 | Ticket/ID: 168155289
2026-08-16 17:26:27,554 [INFO] [MT5Bot]: [SIGNAL FOUND] BUY USDJPY @ 159.317 | SL: 159.17194 | TP: 159.67964 | Lot: 0.01 | Reason: EMA Cross Uptrend (Close > EMA200, MACD+)
2026-08-16 17:26:27,721 [INFO] [MT5Client]: [ORDER SUCCESS] BUY USDJPY 0.01 lots @ 159.321 | SL: 159.172 | TP: 159.68 | Ticket/ID: 168155290
2026-08-16 17:26:42,747 [INFO] [MT5Bot]: [SIGNAL FOUND] BUY USDJPY @ 159.317 | SL: 159.17194 | TP: 159.67964 | Lot: 0.01 | Reason: EMA Cross Uptrend (Close > EMA200, MACD+)
2026-08-16 17:26:42,914 [INFO] [MT5Client]: [ORDER SUCCESS] BUY USDJPY 0.01 lots @ 159.321 | SL: 159.172 | TP: 159.68 | Ticket/ID: 168155291
2026-08-16 17:26:57,941 [INFO] [MT5Bot]: [SIGNAL FOUND] BUY USDJPY @ 159.317 | SL: 159.17194 | TP: 159.67964 | Lot: 0.01 | Reason: EMA Cross Uptrend (Close > EMA200, MACD+)
2026-08-16 17:26:58,110 [INFO] [MT5Client]: [ORDER SUCCESS] BUY USDJPY 0.01 lots @ 159.321 | SL: 159.172 | TP: 159.68 | Ticket/ID: 168155292
2026-08-16 17:27:13,137 [INFO] [MT5Bot]: [SIGNAL FOUND] BUY USDJPY @ 159.317 | SL: 159.17194 | TP: 159.67964 | Lot: 0.01 | Reason: EMA Cross Uptrend (Close > EMA200, MACD+)
2026-08-16 17:27:13,304 [INFO] [MT5Client]: [ORDER SUCCESS] BUY USDJPY 0.01 lots @ 159.321 | SL: 159.172 | TP: 159.68 | Ticket/ID: 168155293
2026-08-16 17:27:28,329 [INFO] [MT5Bot]: [SIGNAL FOUND] BUY USDJPY @ 159.317 | SL: 159.17194 | TP: 159.67964 | Lot: 0.01 | Reason: EMA Cross Uptrend (Close > EMA200, MACD+)
2026-08-16 17:27:28,496 [INFO] [MT5Client]: [ORDER SUCCESS] BUY USDJPY 0.01 lots @ 159.321 | SL: 159.172 | TP: 159.68 | Ticket/ID: 168155294
2026-08-16 17:27:43,521 [INFO] [MT5Bot]: [SIGNAL FOUND] BUY USDJPY @ 159.317 | SL: 159.17194 | TP: 159.67964 | Lot: 0.01 | Reason: EMA Cross Uptrend (Close > EMA200, MACD+)
2026-08-16 17:27:43,688 [INFO] [MT5Client]: [ORDER SUCCESS] BUY USDJPY 0.01 lots @ 159.321 | SL: 159.172 | TP: 159.68 | Ticket/ID: 168155295
2026-08-16 17:27:58,712 [INFO] [MT5Bot]: [SIGNAL FOUND] BUY USDJPY @ 159.317 | SL: 159.17194 | TP: 159.67964 | Lot: 0.01 | Reason: EMA Cross Uptrend (Close > EMA200, MACD+)
2026-08-16 17:27:58,882 [INFO] [MT5Client]: [ORDER SUCCESS] BUY USDJPY 0.01 lots @ 159.321 | SL: 159.172 | TP: 159.68 | Ticket/ID: 168155296
2026-08-16 17:28:13,907 [INFO] [MT5Bot]: [SIGNAL FOUND] BUY USDJPY @ 159.317 | SL: 159.17194 | TP: 159.67964 | Lot: 0.01 | Reason: EMA Cross Uptrend (Close > EMA200, MACD+)
2026-08-16 17:28:14,075 [INFO] [MT5Client]: [ORDER SUCCESS] BUY USDJPY 0.01 lots @ 159.321 | SL: 159.172 | TP: 159.68 | Ticket/ID: 168155297
2026-08-16 17:28:29,103 [INFO] [MT5Bot]: [SIGNAL FOUND] BUY USDJPY @ 159.317 | SL: 159.17194 | TP: 159.67964 | Lot: 0.01 | Reason: EMA Cross Uptrend (Close > EMA200, MACD+)
2026-08-16 17:28:29,274 [INFO] [MT5Client]: [ORDER SUCCESS] BUY USDJPY 0.01 lots @ 159.321 | SL: 159.172 | TP: 159.68 | Ticket/ID: 168155298
2026-08-16 17:28:44,305 [INFO] [MT5Bot]: [SIGNAL FOUND] BUY USDJPY @ 159.317 | SL: 159.17194 | TP: 159.67964 | Lot: 0.01 | Reason: EMA Cross Uptrend (Close > EMA200, MACD+)
2026-08-16 17:28:44,473 [INFO] [MT5Client]: [ORDER SUCCESS] BUY USDJPY 0.01 lots @ 159.321 | SL: 159.172 | TP: 159.68 | Ticket/ID: 168155299
2026-08-16 17:28:59,500 [INFO] [MT5Bot]: [SIGNAL FOUND] BUY USDJPY @ 159.317 | SL: 159.17194 | TP: 159.67964 | Lot: 0.01 | Reason: EMA Cross Uptrend (Close > EMA200, MACD+)
2026-08-16 17:28:59,667 [INFO] [MT5Client]: [ORDER SUCCESS] BUY USDJPY 0.01 lots @ 159.321 | SL: 159.172 | TP: 159.68 | Ticket/ID: 168155300
2026-08-16 17:29:14,697 [INFO] [MT5Bot]: [SIGNAL FOUND] BUY USDJPY @ 159.317 | SL: 159.17194 | TP: 159.67964 | Lot: 0.01 | Reason: EMA Cross Uptrend (Close > EMA200, MACD+)
2026-08-16 17:29:14,865 [INFO] [MT5Client]: [ORDER SUCCESS] BUY USDJPY 0.01 lots @ 159.321 | SL: 159.172 | TP: 159.68 | Ticket/ID: 168155301
2026-08-16 17:29:29,908 [INFO] [MT5Bot]: [SIGNAL FOUND] BUY USDJPY @ 159.317 | SL: 159.17194 | TP: 159.67964 | Lot: 0.01 | Reason: EMA Cross Uptrend (Close > EMA200, MACD+)
2026-08-16 17:29:30,076 [INFO] [MT5Client]: [ORDER SUCCESS] BUY USDJPY 0.01 lots @ 159.321 | SL: 159.172 | TP: 159.68 | Ticket/ID: 168155302
2026-08-16 17:29:45,137 [INFO] [MT5Bot]: [SIGNAL FOUND] BUY USDJPY @ 159.317 | SL: 159.17194 | TP: 159.67964 | Lot: 0.01 | Reason: EMA Cross Uptrend (Close > EMA200, MACD+)
2026-08-16 17:29:45,607 [INFO] [MT5Client]: [ORDER SUCCESS] BUY USDJPY 0.01 lots @ 159.321 | SL: 159.172 | TP: 159.68 | Ticket/ID: 168155303
2026-08-16 17:30:00,645 [INFO] [MT5Bot]: [SIGNAL FOUND] BUY USDJPY @ 159.317 | SL: 159.17194 | TP: 159.67964 | Lot: 0.01 | Reason: EMA Cross Uptrend (Close > EMA200, MACD+)
2026-08-16 17:30:00,812 [INFO] [MT5Client]: [ORDER SUCCESS] BUY USDJPY 0.01 lots @ 159.321 | SL: 159.172 | TP: 159.68 | Ticket/ID: 168155304
2026-08-16 17:30:15,846 [INFO] [MT5Bot]: [SIGNAL FOUND] BUY USDJPY @ 159.317 | SL: 159.17194 | TP: 159.67964 | Lot: 0.01 | Reason: EMA Cross Uptrend (Close > EMA200, MACD+)
2026-08-16 17:30:16,013 [INFO] [MT5Client]: [ORDER SUCCESS] BUY USDJPY 0.01 lots @ 159.321 | SL: 159.172 | TP: 159.68 | Ticket/ID: 168155305
2026-08-16 17:30:31,104 [INFO] [MT5Bot]: [SIGNAL FOUND] BUY USDJPY @ 159.317 | SL: 159.17194 | TP: 159.67964 | Lot: 0.01 | Reason: EMA Cross Uptrend (Close > EMA200, MACD+)
2026-08-16 17:30:31,273 [INFO] [MT5Client]: [ORDER SUCCESS] BUY USDJPY 0.01 lots @ 159.321 | SL: 159.172 | TP: 159.68 | Ticket/ID: 168155306
2026-08-16 17:30:46,331 [INFO] [MT5Bot]: [SIGNAL FOUND] BUY USDJPY @ 159.317 | SL: 159.17194 | TP: 159.67964 | Lot: 0.01 | Reason: EMA Cross Uptrend (Close > EMA200, MACD+)
2026-08-16 17:30:46,508 [INFO] [MT5Client]: [ORDER SUCCESS] BUY USDJPY 0.01 lots @ 159.321 | SL: 159.172 | TP: 159.68 | Ticket/ID: 168155307
2026-08-16 17:31:01,560 [INFO] [MT5Bot]: [SIGNAL FOUND] BUY USDJPY @ 159.317 | SL: 159.17194 | TP: 159.67964 | Lot: 0.01 | Reason: EMA Cross Uptrend (Close > EMA200, MACD+)
2026-08-16 17:31:01,729 [INFO] [MT5Client]: [ORDER SUCCESS] BUY USDJPY 0.01 lots @ 159.321 | SL: 159.172 | TP: 159.68 | Ticket/ID: 168155308
2026-08-16 17:31:16,786 [INFO] [MT5Bot]: [SIGNAL FOUND] BUY USDJPY @ 159.317 | SL: 159.17194 | TP: 159.67964 | Lot: 0.01 | Reason: EMA Cross Uptrend (Close > EMA200, MACD+)
2026-08-16 17:31:16,954 [INFO] [MT5Client]: [ORDER SUCCESS] BUY USDJPY 0.01 lots @ 159.321 | SL: 159.172 | TP: 159.68 | Ticket/ID: 168155309
2026-08-16 17:31:31,995 [INFO] [MT5Bot]: [SIGNAL FOUND] BUY USDJPY @ 159.317 | SL: 159.17194 | TP: 159.67964 | Lot: 0.01 | Reason: EMA Cross Uptrend (Close > EMA200, MACD+)
2026-08-16 17:31:32,163 [INFO] [MT5Client]: [ORDER SUCCESS] BUY USDJPY 0.01 lots @ 159.321 | SL: 159.172 | TP: 159.68 | Ticket/ID: 168155310
2026-08-16 17:31:47,196 [INFO] [MT5Bot]: [SIGNAL FOUND] BUY USDJPY @ 159.317 | SL: 159.17194 | TP: 159.67964 | Lot: 0.01 | Reason: EMA Cross Uptrend (Close > EMA200, MACD+)
2026-08-16 17:31:47,363 [INFO] [MT5Client]: [ORDER SUCCESS] BUY USDJPY 0.01 lots @ 159.321 | SL: 159.172 | TP: 159.68 | Ticket/ID: 168155311
2026-08-16 17:32:02,396 [INFO] [MT5Bot]: [SIGNAL FOUND] BUY USDJPY @ 159.317 | SL: 159.17194 | TP: 159.67964 | Lot: 0.01 | Reason: EMA Cross Uptrend (Close > EMA200, MACD+)
2026-08-16 17:32:02,564 [INFO] [MT5Client]: [ORDER SUCCESS] BUY USDJPY 0.01 lots @ 159.321 | SL: 159.172 | TP: 159.68 | Ticket/ID: 168155312
2026-08-16 17:32:17,604 [INFO] [MT5Bot]: [SIGNAL FOUND] BUY USDJPY @ 159.317 | SL: 159.17194 | TP: 159.67964 | Lot: 0.01 | Reason: EMA Cross Uptrend (Close > EMA200, MACD+)
2026-08-16 17:32:17,771 [INFO] [MT5Client]: [ORDER SUCCESS] BUY USDJPY 0.01 lots @ 159.321 | SL: 159.172 | TP: 159.68 | Ticket/ID: 168155313
2026-08-16 17:32:32,800 [INFO] [MT5Bot]: [SIGNAL FOUND] BUY USDJPY @ 159.317 | SL: 159.17194 | TP: 159.67964 | Lot: 0.01 | Reason: EMA Cross Uptrend (Close > EMA200, MACD+)
2026-08-16 17:32:32,968 [INFO] [MT5Client]: [ORDER SUCCESS] BUY USDJPY 0.01 lots @ 159.321 | SL: 159.172 | TP: 159.68 | Ticket/ID: 168155314
2026-08-16 17:32:47,999 [INFO] [MT5Bot]: [SIGNAL FOUND] BUY USDJPY @ 159.317 | SL: 159.17194 | TP: 159.67964 | Lot: 0.01 | Reason: EMA Cross Uptrend (Close > EMA200, MACD+)
2026-08-16 17:32:48,168 [INFO] [MT5Client]: [ORDER SUCCESS] BUY USDJPY 0.01 lots @ 159.321 | SL: 159.172 | TP: 159.68 | Ticket/ID: 168155315
2026-08-16 17:33:03,202 [INFO] [MT5Bot]: [SIGNAL FOUND] BUY USDJPY @ 159.317 | SL: 159.17194 | TP: 159.67964 | Lot: 0.01 | Reason: EMA Cross Uptrend (Close > EMA200, MACD+)
2026-08-16 17:33:03,371 [INFO] [MT5Client]: [ORDER SUCCESS] BUY USDJPY 0.01 lots @ 159.321 | SL: 159.172 | TP: 159.68 | Ticket/ID: 168155316
2026-08-16 17:33:18,402 [INFO] [MT5Bot]: [SIGNAL FOUND] BUY USDJPY @ 159.317 | SL: 159.17194 | TP: 159.67964 | Lot: 0.01 | Reason: EMA Cross Uptrend (Close > EMA200, MACD+)
2026-08-16 17:33:18,569 [INFO] [MT5Client]: [ORDER SUCCESS] BUY USDJPY 0.01 lots @ 159.321 | SL: 159.172 | TP: 159.68 | Ticket/ID: 168155317
2026-08-16 17:33:33,601 [INFO] [MT5Bot]: [SIGNAL FOUND] BUY USDJPY @ 159.317 | SL: 159.17194 | TP: 159.67964 | Lot: 0.01 | Reason: EMA Cross Uptrend (Close > EMA200, MACD+)
2026-08-16 17:33:33,769 [INFO] [MT5Client]: [ORDER SUCCESS] BUY USDJPY 0.01 lots @ 159.321 | SL: 159.172 | TP: 159.68 | Ticket/ID: 168155318
2026-08-16 17:33:48,795 [INFO] [MT5Bot]: [SIGNAL FOUND] BUY USDJPY @ 159.317 | SL: 159.17194 | TP: 159.67964 | Lot: 0.01 | Reason: EMA Cross Uptrend (Close > EMA200, MACD+)
2026-08-16 17:33:48,962 [INFO] [MT5Client]: [ORDER SUCCESS] BUY USDJPY 0.01 lots @ 159.321 | SL: 159.172 | TP: 159.68 | Ticket/ID: 168155319
2026-08-16 17:34:03,988 [INFO] [MT5Bot]: [SIGNAL FOUND] BUY USDJPY @ 159.317 | SL: 159.17194 | TP: 159.67964 | Lot: 0.01 | Reason: EMA Cross Uptrend (Close > EMA200, MACD+)
2026-08-16 17:34:04,160 [INFO] [MT5Client]: [ORDER SUCCESS] BUY USDJPY 0.01 lots @ 159.321 | SL: 159.172 | TP: 159.68 | Ticket/ID: 168155320
2026-08-16 17:34:19,192 [INFO] [MT5Bot]: [SIGNAL FOUND] BUY USDJPY @ 159.317 | SL: 159.17194 | TP: 159.67964 | Lot: 0.01 | Reason: EMA Cross Uptrend (Close > EMA200, MACD+)
2026-08-16 17:34:19,359 [INFO] [MT5Client]: [ORDER SUCCESS] BUY USDJPY 0.01 lots @ 159.321 | SL: 159.172 | TP: 159.68 | Ticket/ID: 168155321
2026-08-16 17:34:34,395 [INFO] [MT5Bot]: [SIGNAL FOUND] BUY USDJPY @ 159.317 | SL: 159.17194 | TP: 159.67964 | Lot: 0.01 | Reason: EMA Cross Uptrend (Close > EMA200, MACD+)
2026-08-16 17:34:34,563 [INFO] [MT5Client]: [ORDER SUCCESS] BUY USDJPY 0.01 lots @ 159.321 | SL: 159.172 | TP: 159.68 | Ticket/ID: 168155322
2026-08-16 17:34:49,593 [INFO] [MT5Bot]: [SIGNAL FOUND] BUY USDJPY @ 159.317 | SL: 159.17194 | TP: 159.67964 | Lot: 0.01 | Reason: EMA Cross Uptrend (Close > EMA200, MACD+)
2026-08-16 17:34:49,761 [INFO] [MT5Client]: [ORDER SUCCESS] BUY USDJPY 0.01 lots @ 159.321 | SL: 159.172 | TP: 159.68 | Ticket/ID: 168155323
2026-08-16 17:35:04,793 [INFO] [MT5Bot]: [SIGNAL FOUND] BUY USDJPY @ 159.317 | SL: 159.17194 | TP: 159.67964 | Lot: 0.01 | Reason: EMA Cross Uptrend (Close > EMA200, MACD+)
2026-08-16 17:35:04,959 [INFO] [MT5Client]: [ORDER SUCCESS] BUY USDJPY 0.01 lots @ 159.321 | SL: 159.172 | TP: 159.68 | Ticket/ID: 168155324
2026-08-16 17:35:19,996 [INFO] [MT5Bot]: [SIGNAL FOUND] BUY USDJPY @ 159.317 | SL: 159.17194 | TP: 159.67964 | Lot: 0.01 | Reason: EMA Cross Uptrend (Close > EMA200, MACD+)
2026-08-16 17:35:20,461 [INFO] [MT5Client]: [ORDER SUCCESS] BUY USDJPY 0.01 lots @ 159.321 | SL: 159.172 | TP: 159.68 | Ticket/ID: 168155325
2026-08-16 17:35:35,485 [INFO] [MT5Bot]: [SIGNAL FOUND] BUY USDJPY @ 159.317 | SL: 159.17194 | TP: 159.67964 | Lot: 0.01 | Reason: EMA Cross Uptrend (Close > EMA200, MACD+)
2026-08-16 17:35:35,653 [INFO] [MT5Client]: [ORDER SUCCESS] BUY USDJPY 0.01 lots @ 159.321 | SL: 159.172 | TP: 159.68 | Ticket/ID: 168155326
2026-08-16 17:35:50,679 [INFO] [MT5Bot]: [SIGNAL FOUND] BUY USDJPY @ 159.317 | SL: 159.17194 | TP: 159.67964 | Lot: 0.01 | Reason: EMA Cross Uptrend (Close > EMA200, MACD+)
2026-08-16 17:35:50,846 [INFO] [MT5Client]: [ORDER SUCCESS] BUY USDJPY 0.01 lots @ 159.321 | SL: 159.172 | TP: 159.68 | Ticket/ID: 168155327
2026-08-16 17:36:05,874 [INFO] [MT5Bot]: [SIGNAL FOUND] BUY USDJPY @ 159.317 | SL: 159.17194 | TP: 159.67964 | Lot: 0.01 | Reason: EMA Cross Uptrend (Close > EMA200, MACD+)
2026-08-16 17:36:06,043 [INFO] [MT5Client]: [ORDER SUCCESS] BUY USDJPY 0.01 lots @ 159.321 | SL: 159.172 | TP: 159.68 | Ticket/ID: 168155328
2026-08-16 17:36:21,067 [INFO] [MT5Bot]: [SIGNAL FOUND] BUY USDJPY @ 159.317 | SL: 159.17194 | TP: 159.67964 | Lot: 0.01 | Reason: EMA Cross Uptrend (Close > EMA200, MACD+)
2026-08-16 17:36:21,234 [INFO] [MT5Client]: [ORDER SUCCESS] BUY USDJPY 0.01 lots @ 159.321 | SL: 159.172 | TP: 159.68 | Ticket/ID: 168155329
2026-08-16 17:36:36,264 [INFO] [MT5Bot]: [SIGNAL FOUND] BUY USDJPY @ 159.317 | SL: 159.17194 | TP: 159.67964 | Lot: 0.01 | Reason: EMA Cross Uptrend (Close > EMA200, MACD+)
2026-08-16 17:36:36,432 [INFO] [MT5Client]: [ORDER SUCCESS] BUY USDJPY 0.01 lots @ 159.321 | SL: 159.172 | TP: 159.68 | Ticket/ID: 168155330
2026-08-16 17:36:51,458 [INFO] [MT5Bot]: [SIGNAL FOUND] BUY USDJPY @ 159.317 | SL: 159.17194 | TP: 159.67964 | Lot: 0.01 | Reason: EMA Cross Uptrend (Close > EMA200, MACD+)
2026-08-16 17:36:51,626 [INFO] [MT5Client]: [ORDER SUCCESS] BUY USDJPY 0.01 lots @ 159.321 | SL: 159.172 | TP: 159.68 | Ticket/ID: 168155331
2026-08-16 17:37:06,652 [INFO] [MT5Bot]: [SIGNAL FOUND] BUY USDJPY @ 159.317 | SL: 159.17194 | TP: 159.67964 | Lot: 0.01 | Reason: EMA Cross Uptrend (Close > EMA200, MACD+)
2026-08-16 17:37:06,823 [INFO] [MT5Client]: [ORDER SUCCESS] BUY USDJPY 0.01 lots @ 159.321 | SL: 159.172 | TP: 159.68 | Ticket/ID: 168155332
2026-08-16 17:37:21,847 [INFO] [MT5Bot]: [SIGNAL FOUND] BUY USDJPY @ 159.317 | SL: 159.17194 | TP: 159.67964 | Lot: 0.01 | Reason: EMA Cross Uptrend (Close > EMA200, MACD+)
2026-08-16 17:37:22,015 [INFO] [MT5Client]: [ORDER SUCCESS] BUY USDJPY 0.01 lots @ 159.321 | SL: 159.172 | TP: 159.68 | Ticket/ID: 168155333
2026-08-16 17:37:37,040 [INFO] [MT5Bot]: [SIGNAL FOUND] BUY USDJPY @ 159.317 | SL: 159.17194 | TP: 159.67964 | Lot: 0.01 | Reason: EMA Cross Uptrend (Close > EMA200, MACD+)
2026-08-16 17:37:37,209 [INFO] [MT5Client]: [ORDER SUCCESS] BUY USDJPY 0.01 lots @ 159.321 | SL: 159.172 | TP: 159.68 | Ticket/ID: 168155334
2026-08-16 17:37:52,234 [INFO] [MT5Bot]: [SIGNAL FOUND] BUY USDJPY @ 159.317 | SL: 159.17194 | TP: 159.67964 | Lot: 0.01 | Reason: EMA Cross Uptrend (Close > EMA200, MACD+)
2026-08-16 17:37:52,401 [INFO] [MT5Client]: [ORDER SUCCESS] BUY USDJPY 0.01 lots @ 159.321 | SL: 159.172 | TP: 159.68 | Ticket/ID: 168155335
2026-08-16 17:38:07,426 [INFO] [MT5Bot]: [SIGNAL FOUND] BUY USDJPY @ 159.317 | SL: 159.17194 | TP: 159.67964 | Lot: 0.01 | Reason: EMA Cross Uptrend (Close > EMA200, MACD+)
2026-08-16 17:38:07,593 [INFO] [MT5Client]: [ORDER SUCCESS] BUY USDJPY 0.01 lots @ 159.321 | SL: 159.172 | TP: 159.68 | Ticket/ID: 168155336
2026-08-16 17:38:22,618 [INFO] [MT5Bot]: [SIGNAL FOUND] BUY USDJPY @ 159.317 | SL: 159.17194 | TP: 159.67964 | Lot: 0.01 | Reason: EMA Cross Uptrend (Close > EMA200, MACD+)
2026-08-16 17:38:22,785 [INFO] [MT5Client]: [ORDER SUCCESS] BUY USDJPY 0.01 lots @ 159.321 | SL: 159.172 | TP: 159.68 | Ticket/ID: 168155337
2026-08-16 17:38:37,810 [INFO] [MT5Bot]: [SIGNAL FOUND] BUY USDJPY @ 159.317 | SL: 159.17194 | TP: 159.67964 | Lot: 0.01 | Reason: EMA Cross Uptrend (Close > EMA200, MACD+)
2026-08-16 17:38:37,977 [INFO] [MT5Client]: [ORDER SUCCESS] BUY USDJPY 0.01 lots @ 159.321 | SL: 159.172 | TP: 159.68 | Ticket/ID: 168155338
2026-08-16 17:38:53,002 [INFO] [MT5Bot]: [SIGNAL FOUND] BUY USDJPY @ 159.317 | SL: 159.17194 | TP: 159.67964 | Lot: 0.01 | Reason: EMA Cross Uptrend (Close > EMA200, MACD+)
2026-08-16 17:38:53,171 [INFO] [MT5Client]: [ORDER SUCCESS] BUY USDJPY 0.01 lots @ 159.321 | SL: 159.172 | TP: 159.68 | Ticket/ID: 168155339
2026-08-16 17:39:08,196 [INFO] [MT5Bot]: [SIGNAL FOUND] BUY USDJPY @ 159.317 | SL: 159.17194 | TP: 159.67964 | Lot: 0.01 | Reason: EMA Cross Uptrend (Close > EMA200, MACD+)
2026-08-16 17:39:08,364 [INFO] [MT5Client]: [ORDER SUCCESS] BUY USDJPY 0.01 lots @ 159.321 | SL: 159.172 | TP: 159.68 | Ticket/ID: 168155340
2026-08-16 17:39:23,389 [INFO] [MT5Bot]: [SIGNAL FOUND] BUY USDJPY @ 159.317 | SL: 159.17194 | TP: 159.67964 | Lot: 0.01 | Reason: EMA Cross Uptrend (Close > EMA200, MACD+)
2026-08-16 17:39:23,558 [INFO] [MT5Client]: [ORDER SUCCESS] BUY USDJPY 0.01 lots @ 159.321 | SL: 159.172 | TP: 159.68 | Ticket/ID: 168155341
2026-08-16 17:39:38,583 [INFO] [MT5Bot]: [SIGNAL FOUND] BUY USDJPY @ 159.317 | SL: 159.17194 | TP: 159.67964 | Lot: 0.01 | Reason: EMA Cross Uptrend (Close > EMA200, MACD+)
2026-08-16 17:39:38,750 [INFO] [MT5Client]: [ORDER SUCCESS] BUY USDJPY 0.01 lots @ 159.321 | SL: 159.172 | TP: 159.68 | Ticket/ID: 168155342
2026-08-16 17:39:53,777 [INFO] [MT5Bot]: [SIGNAL FOUND] BUY USDJPY @ 159.317 | SL: 159.17194 | TP: 159.67964 | Lot: 0.01 | Reason: EMA Cross Uptrend (Close > EMA200, MACD+)
2026-08-16 17:39:53,948 [INFO] [MT5Client]: [ORDER SUCCESS] BUY USDJPY 0.01 lots @ 159.321 | SL: 159.172 | TP: 159.68 | Ticket/ID: 168155343
2026-08-16 17:40:08,978 [INFO] [MT5Bot]: [SIGNAL FOUND] BUY USDJPY @ 159.317 | SL: 159.17194 | TP: 159.67964 | Lot: 0.01 | Reason: EMA Cross Uptrend (Close > EMA200, MACD+)
2026-08-16 17:40:09,146 [INFO] [MT5Client]: [ORDER SUCCESS] BUY USDJPY 0.01 lots @ 159.321 | SL: 159.172 | TP: 159.68 | Ticket/ID: 168155344
2026-08-16 17:40:24,174 [INFO] [MT5Bot]: [SIGNAL FOUND] BUY USDJPY @ 159.317 | SL: 159.17194 | TP: 159.67964 | Lot: 0.01 | Reason: EMA Cross Uptrend (Close > EMA200, MACD+)
2026-08-16 17:40:24,341 [INFO] [MT5Client]: [ORDER SUCCESS] BUY USDJPY 0.01 lots @ 159.321 | SL: 159.172 | TP: 159.68 | Ticket/ID: 168155345
2026-08-16 17:40:39,365 [INFO] [MT5Bot]: [SIGNAL FOUND] BUY USDJPY @ 159.317 | SL: 159.17194 | TP: 159.67964 | Lot: 0.01 | Reason: EMA Cross Uptrend (Close > EMA200, MACD+)
2026-08-16 17:40:39,533 [INFO] [MT5Client]: [ORDER SUCCESS] BUY USDJPY 0.01 lots @ 159.321 | SL: 159.172 | TP: 159.68 | Ticket/ID: 168155346
2026-08-16 17:40:54,562 [INFO] [MT5Bot]: [SIGNAL FOUND] BUY USDJPY @ 159.317 | SL: 159.17194 | TP: 159.67964 | Lot: 0.01 | Reason: EMA Cross Uptrend (Close > EMA200, MACD+)
2026-08-16 17:40:54,734 [INFO] [MT5Client]: [ORDER SUCCESS] BUY USDJPY 0.01 lots @ 159.321 | SL: 159.172 | TP: 159.68 | Ticket/ID: 168155347
2026-08-16 17:41:09,759 [INFO] [MT5Bot]: [SIGNAL FOUND] BUY USDJPY @ 159.317 | SL: 159.17194 | TP: 159.67964 | Lot: 0.01 | Reason: EMA Cross Uptrend (Close > EMA200, MACD+)
2026-08-16 17:41:09,926 [INFO] [MT5Client]: [ORDER SUCCESS] BUY USDJPY 0.01 lots @ 159.321 | SL: 159.172 | TP: 159.68 | Ticket/ID: 168155348
2026-08-16 17:41:24,954 [INFO] [MT5Bot]: [SIGNAL FOUND] BUY USDJPY @ 159.317 | SL: 159.17194 | TP: 159.67964 | Lot: 0.01 | Reason: EMA Cross Uptrend (Close > EMA200, MACD+)
2026-08-16 17:41:25,117 [INFO] [MT5Client]: [ORDER SUCCESS] BUY USDJPY 0.01 lots @ 159.321 | SL: 159.172 | TP: 159.68 | Ticket/ID: 168155349
2026-08-16 17:41:40,141 [INFO] [MT5Bot]: [SIGNAL FOUND] BUY USDJPY @ 159.317 | SL: 159.17194 | TP: 159.67964 | Lot: 0.01 | Reason: EMA Cross Uptrend (Close > EMA200, MACD+)
2026-08-16 17:41:40,304 [INFO] [MT5Client]: [ORDER SUCCESS] BUY USDJPY 0.01 lots @ 159.321 | SL: 159.172 | TP: 159.68 | Ticket/ID: 168155350
2026-08-16 17:41:55,329 [INFO] [MT5Bot]: [SIGNAL FOUND] BUY USDJPY @ 159.317 | SL: 159.17194 | TP: 159.67964 | Lot: 0.01 | Reason: EMA Cross Uptrend (Close > EMA200, MACD+)
2026-08-16 17:41:55,492 [INFO] [MT5Client]: [ORDER SUCCESS] BUY USDJPY 0.01 lots @ 159.321 | SL: 159.172 | TP: 159.68 | Ticket/ID: 168155351
2026-08-16 17:42:10,522 [INFO] [MT5Bot]: [SIGNAL FOUND] BUY USDJPY @ 159.317 | SL: 159.17194 | TP: 159.67964 | Lot: 0.01 | Reason: EMA Cross Uptrend (Close > EMA200, MACD+)
2026-08-16 17:42:10,685 [INFO] [MT5Client]: [ORDER SUCCESS] BUY USDJPY 0.01 lots @ 159.321 | SL: 159.172 | TP: 159.68 | Ticket/ID: 168155352
2026-08-16 17:42:25,714 [INFO] [MT5Bot]: [SIGNAL FOUND] BUY USDJPY @ 159.317 | SL: 159.17194 | TP: 159.67964 | Lot: 0.01 | Reason: EMA Cross Uptrend (Close > EMA200, MACD+)
2026-08-16 17:42:25,879 [INFO] [MT5Client]: [ORDER SUCCESS] BUY USDJPY 0.01 lots @ 159.321 | SL: 159.172 | TP: 159.68 | Ticket/ID: 168155353
2026-08-16 17:42:40,912 [INFO] [MT5Bot]: [SIGNAL FOUND] BUY USDJPY @ 159.317 | SL: 159.17194 | TP: 159.67964 | Lot: 0.01 | Reason: EMA Cross Uptrend (Close > EMA200, MACD+)
2026-08-16 17:42:41,079 [INFO] [MT5Client]: [ORDER SUCCESS] BUY USDJPY 0.01 lots @ 159.321 | SL: 159.172 | TP: 159.68 | Ticket/ID: 168155354
2026-08-16 17:42:56,111 [INFO] [MT5Bot]: [SIGNAL FOUND] BUY USDJPY @ 159.317 | SL: 159.17194 | TP: 159.67964 | Lot: 0.01 | Reason: EMA Cross Uptrend (Close > EMA200, MACD+)
2026-08-16 17:42:56,278 [INFO] [MT5Client]: [ORDER SUCCESS] BUY USDJPY 0.01 lots @ 159.321 | SL: 159.172 | TP: 159.68 | Ticket/ID: 168155355
2026-08-16 17:43:11,306 [INFO] [MT5Bot]: [SIGNAL FOUND] BUY USDJPY @ 159.317 | SL: 159.17194 | TP: 159.67964 | Lot: 0.01 | Reason: EMA Cross Uptrend (Close > EMA200, MACD+)
2026-08-16 17:43:11,474 [INFO] [MT5Client]: [ORDER SUCCESS] BUY USDJPY 0.01 lots @ 159.321 | SL: 159.172 | TP: 159.68 | Ticket/ID: 168155356
2026-08-16 17:43:26,498 [INFO] [MT5Bot]: [SIGNAL FOUND] BUY USDJPY @ 159.317 | SL: 159.17194 | TP: 159.67964 | Lot: 0.01 | Reason: EMA Cross Uptrend (Close > EMA200, MACD+)
2026-08-16 17:43:26,666 [INFO] [MT5Client]: [ORDER SUCCESS] BUY USDJPY 0.01 lots @ 159.321 | SL: 159.172 | TP: 159.68 | Ticket/ID: 168155357
2026-08-16 17:43:41,699 [INFO] [MT5Bot]: [SIGNAL FOUND] BUY USDJPY @ 159.317 | SL: 159.17194 | TP: 159.67964 | Lot: 0.01 | Reason: EMA Cross Uptrend (Close > EMA200, MACD+)
2026-08-16 17:43:41,870 [INFO] [MT5Client]: [ORDER SUCCESS] BUY USDJPY 0.01 lots @ 159.321 | SL: 159.172 | TP: 159.68 | Ticket/ID: 168155358
2026-08-16 17:43:56,903 [INFO] [MT5Bot]: [SIGNAL FOUND] BUY USDJPY @ 159.317 | SL: 159.17194 | TP: 159.67964 | Lot: 0.01 | Reason: EMA Cross Uptrend (Close > EMA200, MACD+)
2026-08-16 17:43:57,071 [INFO] [MT5Client]: [ORDER SUCCESS] BUY USDJPY 0.01 lots @ 159.321 | SL: 159.172 | TP: 159.68 | Ticket/ID: 168155359
2026-08-16 17:44:12,102 [INFO] [MT5Bot]: [SIGNAL FOUND] BUY USDJPY @ 159.317 | SL: 159.17194 | TP: 159.67964 | Lot: 0.01 | Reason: EMA Cross Uptrend (Close > EMA200, MACD+)
2026-08-16 17:44:12,270 [INFO] [MT5Client]: [ORDER SUCCESS] BUY USDJPY 0.01 lots @ 159.321 | SL: 159.172 | TP: 159.68 | Ticket/ID: 168155360
2026-08-16 17:44:27,296 [INFO] [MT5Bot]: [SIGNAL FOUND] BUY USDJPY @ 159.317 | SL: 159.17194 | TP: 159.67964 | Lot: 0.01 | Reason: EMA Cross Uptrend (Close > EMA200, MACD+)
2026-08-16 17:44:27,463 [INFO] [MT5Client]: [ORDER SUCCESS] BUY USDJPY 0.01 lots @ 159.321 | SL: 159.172 | TP: 159.68 | Ticket/ID: 168155361
2026-08-16 17:44:42,489 [INFO] [MT5Bot]: [SIGNAL FOUND] BUY USDJPY @ 159.317 | SL: 159.17194 | TP: 159.67964 | Lot: 0.01 | Reason: EMA Cross Uptrend (Close > EMA200, MACD+)
2026-08-16 17:44:42,656 [INFO] [MT5Client]: [ORDER SUCCESS] BUY USDJPY 0.01 lots @ 159.321 | SL: 159.172 | TP: 159.68 | Ticket/ID: 168155362
2026-08-16 17:44:57,687 [INFO] [MT5Bot]: [SIGNAL FOUND] BUY USDJPY @ 159.317 | SL: 159.17194 | TP: 159.67964 | Lot: 0.01 | Reason: EMA Cross Uptrend (Close > EMA200, MACD+)
2026-08-16 17:44:57,854 [INFO] [MT5Client]: [ORDER SUCCESS] BUY USDJPY 0.01 lots @ 159.321 | SL: 159.172 | TP: 159.68 | Ticket/ID: 168155363
2026-08-16 17:45:12,880 [INFO] [MT5Bot]: [SIGNAL FOUND] BUY USDJPY @ 159.317 | SL: 159.17194 | TP: 159.67964 | Lot: 0.01 | Reason: EMA Cross Uptrend (Close > EMA200, MACD+)
2026-08-16 17:45:13,048 [INFO] [MT5Client]: [ORDER SUCCESS] BUY USDJPY 0.01 lots @ 159.321 | SL: 159.172 | TP: 159.68 | Ticket/ID: 168155364
2026-08-16 17:45:28,074 [INFO] [MT5Bot]: [SIGNAL FOUND] BUY USDJPY @ 159.317 | SL: 159.17194 | TP: 159.67964 | Lot: 0.01 | Reason: EMA Cross Uptrend (Close > EMA200, MACD+)
2026-08-16 17:45:28,241 [INFO] [MT5Client]: [ORDER SUCCESS] BUY USDJPY 0.01 lots @ 159.321 | SL: 159.172 | TP: 159.68 | Ticket/ID: 168155365
2026-08-16 17:45:43,273 [INFO] [MT5Bot]: [SIGNAL FOUND] BUY USDJPY @ 159.317 | SL: 159.17194 | TP: 159.67964 | Lot: 0.01 | Reason: EMA Cross Uptrend (Close > EMA200, MACD+)
2026-08-16 17:45:43,441 [INFO] [MT5Client]: [ORDER SUCCESS] BUY USDJPY 0.01 lots @ 159.321 | SL: 159.172 | TP: 159.68 | Ticket/ID: 168155366
2026-08-16 17:45:58,467 [INFO] [MT5Bot]: [SIGNAL FOUND] BUY USDJPY @ 159.317 | SL: 159.17194 | TP: 159.67964 | Lot: 0.01 | Reason: EMA Cross Uptrend (Close > EMA200, MACD+)
2026-08-16 17:45:58,641 [INFO] [MT5Client]: [ORDER SUCCESS] BUY USDJPY 0.01 lots @ 159.321 | SL: 159.172 | TP: 159.68 | Ticket/ID: 168155367
2026-08-16 17:46:13,666 [INFO] [MT5Bot]: [SIGNAL FOUND] BUY USDJPY @ 159.317 | SL: 159.17194 | TP: 159.67964 | Lot: 0.01 | Reason: EMA Cross Uptrend (Close > EMA200, MACD+)
2026-08-16 17:46:13,834 [INFO] [MT5Client]: [ORDER SUCCESS] BUY USDJPY 0.01 lots @ 159.321 | SL: 159.172 | TP: 159.68 | Ticket/ID: 168155368
2026-08-16 17:46:28,859 [INFO] [MT5Bot]: [SIGNAL FOUND] BUY USDJPY @ 159.317 | SL: 159.17194 | TP: 159.67964 | Lot: 0.01 | Reason: EMA Cross Uptrend (Close > EMA200, MACD+)
2026-08-16 17:46:29,027 [INFO] [MT5Client]: [ORDER SUCCESS] BUY USDJPY 0.01 lots @ 159.321 | SL: 159.172 | TP: 159.68 | Ticket/ID: 168155369
2026-08-16 17:46:44,053 [INFO] [MT5Bot]: [SIGNAL FOUND] BUY USDJPY @ 159.317 | SL: 159.17194 | TP: 159.67964 | Lot: 0.01 | Reason: EMA Cross Uptrend (Close > EMA200, MACD+)
2026-08-16 17:46:44,220 [INFO] [MT5Client]: [ORDER SUCCESS] BUY USDJPY 0.01 lots @ 159.321 | SL: 159.172 | TP: 159.68 | Ticket/ID: 168155370
2026-08-16 17:46:59,244 [INFO] [MT5Bot]: [SIGNAL FOUND] BUY USDJPY @ 159.317 | SL: 159.17194 | TP: 159.67964 | Lot: 0.01 | Reason: EMA Cross Uptrend (Close > EMA200, MACD+)
2026-08-16 17:46:59,413 [INFO] [MT5Client]: [ORDER SUCCESS] BUY USDJPY 0.01 lots @ 159.321 | SL: 159.172 | TP: 159.68 | Ticket/ID: 168155371
2026-08-16 17:47:14,438 [INFO] [MT5Bot]: [SIGNAL FOUND] BUY USDJPY @ 159.317 | SL: 159.17194 | TP: 159.67964 | Lot: 0.01 | Reason: EMA Cross Uptrend (Close > EMA200, MACD+)
2026-08-16 17:47:14,606 [INFO] [MT5Client]: [ORDER SUCCESS] BUY USDJPY 0.01 lots @ 159.321 | SL: 159.172 | TP: 159.68 | Ticket/ID: 168155372
2026-08-16 17:47:29,633 [INFO] [MT5Bot]: [SIGNAL FOUND] BUY USDJPY @ 159.317 | SL: 159.17194 | TP: 159.67964 | Lot: 0.01 | Reason: EMA Cross Uptrend (Close > EMA200, MACD+)
2026-08-16 17:47:29,805 [INFO] [MT5Client]: [ORDER SUCCESS] BUY USDJPY 0.01 lots @ 159.321 | SL: 159.172 | TP: 159.68 | Ticket/ID: 168155373
2026-08-16 17:47:44,831 [INFO] [MT5Bot]: [SIGNAL FOUND] BUY USDJPY @ 159.317 | SL: 159.17194 | TP: 159.67964 | Lot: 0.01 | Reason: EMA Cross Uptrend (Close > EMA200, MACD+)
2026-08-16 17:47:44,998 [INFO] [MT5Client]: [ORDER SUCCESS] BUY USDJPY 0.01 lots @ 159.321 | SL: 159.172 | TP: 159.68 | Ticket/ID: 168155374
2026-08-16 17:48:00,024 [INFO] [MT5Bot]: [SIGNAL FOUND] BUY USDJPY @ 159.317 | SL: 159.17194 | TP: 159.67964 | Lot: 0.01 | Reason: EMA Cross Uptrend (Close > EMA200, MACD+)
2026-08-16 17:48:00,192 [INFO] [MT5Client]: [ORDER SUCCESS] BUY USDJPY 0.01 lots @ 159.321 | SL: 159.172 | TP: 159.68 | Ticket/ID: 168155375
2026-08-16 17:48:15,219 [INFO] [MT5Bot]: [SIGNAL FOUND] BUY USDJPY @ 159.317 | SL: 159.17194 | TP: 159.67964 | Lot: 0.01 | Reason: EMA Cross Uptrend (Close > EMA200, MACD+)
2026-08-16 17:48:15,386 [INFO] [MT5Client]: [ORDER SUCCESS] BUY USDJPY 0.01 lots @ 159.321 | SL: 159.172 | TP: 159.68 | Ticket/ID: 168155376
2026-08-16 17:48:30,415 [INFO] [MT5Bot]: [SIGNAL FOUND] BUY USDJPY @ 159.317 | SL: 159.17194 | TP: 159.67964 | Lot: 0.01 | Reason: EMA Cross Uptrend (Close > EMA200, MACD+)
2026-08-16 17:48:30,582 [INFO] [MT5Client]: [ORDER SUCCESS] BUY USDJPY 0.01 lots @ 159.321 | SL: 159.172 | TP: 159.68 | Ticket/ID: 168155377
2026-08-16 17:48:45,608 [INFO] [MT5Bot]: [SIGNAL FOUND] BUY USDJPY @ 159.317 | SL: 159.17194 | TP: 159.67964 | Lot: 0.01 | Reason: EMA Cross Uptrend (Close > EMA200, MACD+)
2026-08-16 17:48:45,775 [INFO] [MT5Client]: [ORDER SUCCESS] BUY USDJPY 0.01 lots @ 159.321 | SL: 159.172 | TP: 159.68 | Ticket/ID: 168155378
2026-08-16 17:49:00,804 [INFO] [MT5Bot]: [SIGNAL FOUND] BUY USDJPY @ 159.317 | SL: 159.17194 | TP: 159.67964 | Lot: 0.01 | Reason: EMA Cross Uptrend (Close > EMA200, MACD+)
2026-08-16 17:49:00,972 [INFO] [MT5Client]: [ORDER SUCCESS] BUY USDJPY 0.01 lots @ 159.321 | SL: 159.172 | TP: 159.68 | Ticket/ID: 168155379
2026-08-16 17:49:16,000 [INFO] [MT5Bot]: [SIGNAL FOUND] BUY USDJPY @ 159.317 | SL: 159.17194 | TP: 159.67964 | Lot: 0.01 | Reason: EMA Cross Uptrend (Close > EMA200, MACD+)
2026-08-16 17:49:16,169 [INFO] [MT5Client]: [ORDER SUCCESS] BUY USDJPY 0.01 lots @ 159.321 | SL: 159.172 | TP: 159.68 | Ticket/ID: 168155380
2026-08-16 17:49:31,197 [INFO] [MT5Bot]: [SIGNAL FOUND] BUY USDJPY @ 159.317 | SL: 159.17194 | TP: 159.67964 | Lot: 0.01 | Reason: EMA Cross Uptrend (Close > EMA200, MACD+)
2026-08-16 17:49:31,364 [INFO] [MT5Client]: [ORDER SUCCESS] BUY USDJPY 0.01 lots @ 159.321 | SL: 159.172 | TP: 159.68 | Ticket/ID: 168155381
2026-08-16 17:49:46,393 [INFO] [MT5Bot]: [SIGNAL FOUND] BUY USDJPY @ 159.317 | SL: 159.17194 | TP: 159.67964 | Lot: 0.01 | Reason: EMA Cross Uptrend (Close > EMA200, MACD+)
2026-08-16 17:49:46,560 [INFO] [MT5Client]: [ORDER SUCCESS] BUY USDJPY 0.01 lots @ 159.321 | SL: 159.172 | TP: 159.68 | Ticket/ID: 168155382
2026-08-16 17:50:01,588 [INFO] [MT5Bot]: [SIGNAL FOUND] BUY USDJPY @ 159.317 | SL: 159.17194 | TP: 159.67964 | Lot: 0.01 | Reason: EMA Cross Uptrend (Close > EMA200, MACD+)
2026-08-16 17:50:01,756 [INFO] [MT5Client]: [ORDER SUCCESS] BUY USDJPY 0.01 lots @ 159.321 | SL: 159.172 | TP: 159.68 | Ticket/ID: 168155383
2026-08-16 17:50:16,782 [INFO] [MT5Bot]: [SIGNAL FOUND] BUY USDJPY @ 159.317 | SL: 159.17194 | TP: 159.67964 | Lot: 0.01 | Reason: EMA Cross Uptrend (Close > EMA200, MACD+)
2026-08-16 17:50:16,949 [INFO] [MT5Client]: [ORDER SUCCESS] BUY USDJPY 0.01 lots @ 159.321 | SL: 159.172 | TP: 159.68 | Ticket/ID: 168155384
2026-08-16 17:50:31,978 [INFO] [MT5Bot]: [SIGNAL FOUND] BUY USDJPY @ 159.317 | SL: 159.17194 | TP: 159.67964 | Lot: 0.01 | Reason: EMA Cross Uptrend (Close > EMA200, MACD+)
2026-08-16 17:50:32,145 [INFO] [MT5Client]: [ORDER SUCCESS] BUY USDJPY 0.01 lots @ 159.321 | SL: 159.172 | TP: 159.68 | Ticket/ID: 168155385
2026-08-16 17:50:47,176 [INFO] [MT5Bot]: [SIGNAL FOUND] BUY USDJPY @ 159.317 | SL: 159.17194 | TP: 159.67964 | Lot: 0.01 | Reason: EMA Cross Uptrend (Close > EMA200, MACD+)
2026-08-16 17:50:47,348 [INFO] [MT5Client]: [ORDER SUCCESS] BUY USDJPY 0.01 lots @ 159.321 | SL: 159.172 | TP: 159.68 | Ticket/ID: 168155386
2026-08-16 17:51:02,381 [INFO] [MT5Bot]: [SIGNAL FOUND] BUY USDJPY @ 159.317 | SL: 159.17194 | TP: 159.67964 | Lot: 0.01 | Reason: EMA Cross Uptrend (Close > EMA200, MACD+)
2026-08-16 17:51:02,548 [INFO] [MT5Client]: [ORDER SUCCESS] BUY USDJPY 0.01 lots @ 159.321 | SL: 159.172 | TP: 159.68 | Ticket/ID: 168155387
2026-08-16 17:51:17,574 [INFO] [MT5Bot]: [SIGNAL FOUND] BUY USDJPY @ 159.317 | SL: 159.17194 | TP: 159.67964 | Lot: 0.01 | Reason: EMA Cross Uptrend (Close > EMA200, MACD+)
2026-08-16 17:51:17,741 [INFO] [MT5Client]: [ORDER SUCCESS] BUY USDJPY 0.01 lots @ 159.321 | SL: 159.172 | TP: 159.68 | Ticket/ID: 168155388
2026-08-16 17:51:32,765 [INFO] [MT5Bot]: [SIGNAL FOUND] BUY USDJPY @ 159.317 | SL: 159.17194 | TP: 159.67964 | Lot: 0.01 | Reason: EMA Cross Uptrend (Close > EMA200, MACD+)
2026-08-16 17:51:32,933 [INFO] [MT5Client]: [ORDER SUCCESS] BUY USDJPY 0.01 lots @ 159.321 | SL: 159.172 | TP: 159.68 | Ticket/ID: 168155389
2026-08-16 17:51:47,962 [INFO] [MT5Bot]: [SIGNAL FOUND] BUY USDJPY @ 159.317 | SL: 159.17194 | TP: 159.67964 | Lot: 0.01 | Reason: EMA Cross Uptrend (Close > EMA200, MACD+)
2026-08-16 17:51:48,129 [INFO] [MT5Client]: [ORDER SUCCESS] BUY USDJPY 0.01 lots @ 159.321 | SL: 159.172 | TP: 159.68 | Ticket/ID: 168155390
2026-08-16 17:52:03,157 [INFO] [MT5Bot]: [SIGNAL FOUND] BUY USDJPY @ 159.317 | SL: 159.17194 | TP: 159.67964 | Lot: 0.01 | Reason: EMA Cross Uptrend (Close > EMA200, MACD+)
2026-08-16 17:52:03,324 [INFO] [MT5Client]: [ORDER SUCCESS] BUY USDJPY 0.01 lots @ 159.321 | SL: 159.172 | TP: 159.68 | Ticket/ID: 168155391
2026-08-16 17:52:18,350 [INFO] [MT5Bot]: [SIGNAL FOUND] BUY USDJPY @ 159.317 | SL: 159.17194 | TP: 159.67964 | Lot: 0.01 | Reason: EMA Cross Uptrend (Close > EMA200, MACD+)
2026-08-16 17:52:18,520 [INFO] [MT5Client]: [ORDER SUCCESS] BUY USDJPY 0.01 lots @ 159.321 | SL: 159.172 | TP: 159.68 | Ticket/ID: 168155392
2026-08-16 17:52:33,548 [INFO] [MT5Bot]: [SIGNAL FOUND] BUY USDJPY @ 159.317 | SL: 159.17194 | TP: 159.67964 | Lot: 0.01 | Reason: EMA Cross Uptrend (Close > EMA200, MACD+)
2026-08-16 17:52:33,715 [INFO] [MT5Client]: [ORDER SUCCESS] BUY USDJPY 0.01 lots @ 159.321 | SL: 159.172 | TP: 159.68 | Ticket/ID: 168155393
2026-08-16 17:52:48,742 [INFO] [MT5Bot]: [SIGNAL FOUND] BUY USDJPY @ 159.317 | SL: 159.17194 | TP: 159.67964 | Lot: 0.01 | Reason: EMA Cross Uptrend (Close > EMA200, MACD+)
2026-08-16 17:52:48,910 [INFO] [MT5Client]: [ORDER SUCCESS] BUY USDJPY 0.01 lots @ 159.321 | SL: 159.172 | TP: 159.68 | Ticket/ID: 168155394
2026-08-16 17:53:03,935 [INFO] [MT5Bot]: [SIGNAL FOUND] BUY USDJPY @ 159.317 | SL: 159.17194 | TP: 159.67964 | Lot: 0.01 | Reason: EMA Cross Uptrend (Close > EMA200, MACD+)
2026-08-16 17:53:04,103 [INFO] [MT5Client]: [ORDER SUCCESS] BUY USDJPY 0.01 lots @ 159.321 | SL: 159.172 | TP: 159.68 | Ticket/ID: 168155395
2026-08-16 17:53:19,129 [INFO] [MT5Bot]: [SIGNAL FOUND] BUY USDJPY @ 159.317 | SL: 159.17194 | TP: 159.67964 | Lot: 0.01 | Reason: EMA Cross Uptrend (Close > EMA200, MACD+)
2026-08-16 17:53:19,296 [INFO] [MT5Client]: [ORDER SUCCESS] BUY USDJPY 0.01 lots @ 159.321 | SL: 159.172 | TP: 159.68 | Ticket/ID: 168155396
2026-08-16 17:53:34,322 [INFO] [MT5Bot]: [SIGNAL FOUND] BUY USDJPY @ 159.317 | SL: 159.17194 | TP: 159.67964 | Lot: 0.01 | Reason: EMA Cross Uptrend (Close > EMA200, MACD+)
2026-08-16 17:53:34,490 [INFO] [MT5Client]: [ORDER SUCCESS] BUY USDJPY 0.01 lots @ 159.321 | SL: 159.172 | TP: 159.68 | Ticket/ID: 168155397
2026-08-16 17:53:49,520 [INFO] [MT5Bot]: [SIGNAL FOUND] BUY USDJPY @ 159.317 | SL: 159.17194 | TP: 159.67964 | Lot: 0.01 | Reason: EMA Cross Uptrend (Close > EMA200, MACD+)
2026-08-16 17:53:49,687 [INFO] [MT5Client]: [ORDER SUCCESS] BUY USDJPY 0.01 lots @ 159.321 | SL: 159.172 | TP: 159.68 | Ticket/ID: 168155398
2026-08-16 17:54:04,715 [INFO] [MT5Bot]: [SIGNAL FOUND] BUY USDJPY @ 159.317 | SL: 159.17194 | TP: 159.67964 | Lot: 0.01 | Reason: EMA Cross Uptrend (Close > EMA200, MACD+)
2026-08-16 17:54:04,882 [INFO] [MT5Client]: [ORDER SUCCESS] BUY USDJPY 0.01 lots @ 159.321 | SL: 159.172 | TP: 159.68 | Ticket/ID: 168155399
2026-08-16 19:01:57,595 [INFO] [MT5Bot]: Initializing MetaTrader 5 Trading Bot...
2026-08-16 19:01:57,606 [INFO] [MT5Client]: Connected to MT5 - Account: 5054521327 (Abdul Rahman) | Server: MetaQuotes-Demo | Balance: 100000.0 USD | Leverage: 1:100
2026-08-16 19:01:57,607 [INFO] [MT5Bot]: Logged In: Login #5054521327 (Abdul Rahman) | Server: MetaQuotes-Demo | Balance: 100000.0 USD | Equity: 100000.0 USD
2026-08-16 19:01:57,607 [INFO] [MT5Bot]: Target Symbols: XAUUSD, USDJPY, GBPUSD, BTCUSD | Timeframe: M15
2026-08-16 19:01:57,607 [INFO] [MT5Bot]: Lot Size: 0.01 (Fixed: True) | Magic: 888001
2026-08-16 19:01:57,607 [INFO] [MT5Bot]: Bot started successfully. Listening for signals...
2026-08-16 19:01:57,630 [WARNING] [MT5Client]: Symbol 'BTCUSD' not found on broker
2026-08-16 19:02:12,652 [WARNING] [MT5Client]: Symbol 'BTCUSD' not found on broker
2026-08-16 19:02:27,673 [WARNING] [MT5Client]: Symbol 'BTCUSD' not found on broker
2026-08-16 19:02:42,697 [WARNING] [MT5Client]: Symbol 'BTCUSD' not found on broker
2026-08-16 19:02:50,745 [INFO] [MT5Bot]: Initializing MetaTrader 5 Trading Bot...
2026-08-16 19:02:50,757 [INFO] [MT5Client]: Connected to MT5 - Account: 5054521327 (Abdul Rahman) | Server: MetaQuotes-Demo | Balance: 100000.0 USD | Leverage: 1:100
2026-08-16 19:02:50,757 [INFO] [MT5Bot]: Logged In: Login #5054521327 (Abdul Rahman) | Server: MetaQuotes-Demo | Balance: 100000.0 USD | Equity: 100000.0 USD
2026-08-16 19:02:50,757 [INFO] [MT5Bot]: Target Symbols: XAUUSD, USDJPY, GBPUSD, BTCUSD | Timeframe: M15
2026-08-16 19:02:50,757 [INFO] [MT5Bot]: Lot Size: 0.01 (Fixed: True) | Magic: 888001
2026-08-16 19:02:50,757 [INFO] [MT5Bot]: Bot started successfully. Listening for signals...
2026-08-16 19:02:50,783 [WARNING] [MT5Client]: Symbol 'BTCUSD' not found on broker
2026-08-16 19:02:57,716 [WARNING] [MT5Client]: Symbol 'BTCUSD' not found on broker
2026-08-16 19:03:05,806 [WARNING] [MT5Client]: Symbol 'BTCUSD' not found on broker
2026-08-16 19:03:06,485 [INFO] [MT5Bot]: Initializing MetaTrader 5 Trading Bot...
2026-08-16 19:03:06,498 [INFO] [MT5Client]: Connected to MT5 - Account: 5054521327 (Abdul Rahman) | Server: MetaQuotes-Demo | Balance: 100000.0 USD | Leverage: 1:100
2026-08-16 19:03:06,498 [INFO] [MT5Bot]: Logged In: Login #5054521327 (Abdul Rahman) | Server: MetaQuotes-Demo | Balance: 100000.0 USD | Equity: 100000.0 USD
2026-08-16 19:03:06,498 [INFO] [MT5Bot]: Target Symbols: XAUUSD, USDJPY, GBPUSD, EURUSD | Timeframe: M15
2026-08-16 19:03:06,498 [INFO] [MT5Bot]: Lot Size: 0.01 (Fixed: True) | Magic: 888001
2026-08-16 19:03:06,498 [INFO] [MT5Bot]: Bot started successfully. Listening for signals...
2026-08-16 19:03:12,736 [WARNING] [MT5Client]: Symbol 'BTCUSD' not found on broker
2026-08-16 19:03:20,826 [WARNING] [MT5Client]: Symbol 'BTCUSD' not found on broker
2026-08-16 19:03:27,757 [WARNING] [MT5Client]: Symbol 'BTCUSD' not found on broker
2026-08-16 19:03:35,847 [WARNING] [MT5Client]: Symbol 'BTCUSD' not found on broker
2026-08-16 19:03:42,777 [WARNING] [MT5Client]: Symbol 'BTCUSD' not found on broker
2026-08-16 19:03:50,867 [WARNING] [MT5Client]: Symbol 'BTCUSD' not found on broker
2026-08-16 19:03:57,797 [WARNING] [MT5Client]: Symbol 'BTCUSD' not found on broker
2026-08-16 19:04:05,888 [WARNING] [MT5Client]: Symbol 'BTCUSD' not found on broker
2026-08-16 19:04:12,818 [WARNING] [MT5Client]: Symbol 'BTCUSD' not found on broker
2026-08-16 19:04:20,909 [WARNING] [MT5Client]: Symbol 'BTCUSD' not found on broker
2026-08-16 19:04:27,841 [WARNING] [MT5Client]: Symbol 'BTCUSD' not found on broker
2026-08-16 19:04:35,929 [WARNING] [MT5Client]: Symbol 'BTCUSD' not found on broker
2026-08-16 19:04:42,861 [WARNING] [MT5Client]: Symbol 'BTCUSD' not found on broker
2026-08-16 19:04:50,949 [WARNING] [MT5Client]: Symbol 'BTCUSD' not found on broker
2026-08-16 19:04:57,885 [WARNING] [MT5Client]: Symbol 'BTCUSD' not found on broker
2026-08-16 19:05:05,969 [WARNING] [MT5Client]: Symbol 'BTCUSD' not found on broker
2026-08-16 19:05:12,905 [WARNING] [MT5Client]: Symbol 'BTCUSD' not found on broker
2026-08-16 19:05:20,990 [WARNING] [MT5Client]: Symbol 'BTCUSD' not found on broker
2026-08-16 19:05:27,925 [WARNING] [MT5Client]: Symbol 'BTCUSD' not found on broker
2026-08-16 19:05:36,010 [WARNING] [MT5Client]: Symbol 'BTCUSD' not found on broker
2026-08-16 19:05:42,956 [WARNING] [MT5Client]: Symbol 'BTCUSD' not found on broker
2026-08-16 19:05:51,031 [WARNING] [MT5Client]: Symbol 'BTCUSD' not found on broker
2026-08-16 19:05:57,976 [WARNING] [MT5Client]: Symbol 'BTCUSD' not found on broker
2026-08-16 19:06:06,052 [WARNING] [MT5Client]: Symbol 'BTCUSD' not found on broker
2026-08-16 19:06:12,995 [WARNING] [MT5Client]: Symbol 'BTCUSD' not found on broker
2026-08-16 19:06:21,071 [WARNING] [MT5Client]: Symbol 'BTCUSD' not found on broker
2026-08-16 19:06:28,015 [WARNING] [MT5Client]: Symbol 'BTCUSD' not found on broker
2026-08-16 19:06:36,091 [WARNING] [MT5Client]: Symbol 'BTCUSD' not found on broker
2026-08-16 19:06:43,037 [WARNING] [MT5Client]: Symbol 'BTCUSD' not found on broker
2026-08-16 19:06:51,110 [WARNING] [MT5Client]: Symbol 'BTCUSD' not found on broker
2026-08-16 19:06:58,058 [WARNING] [MT5Client]: Symbol 'BTCUSD' not found on broker
2026-08-16 19:07:06,130 [WARNING] [MT5Client]: Symbol 'BTCUSD' not found on broker
2026-08-16 19:07:13,078 [WARNING] [MT5Client]: Symbol 'BTCUSD' not found on broker
2026-08-16 19:07:21,151 [WARNING] [MT5Client]: Symbol 'BTCUSD' not found on broker
2026-08-16 19:07:28,098 [WARNING] [MT5Client]: Symbol 'BTCUSD' not found on broker
2026-08-16 19:07:36,171 [WARNING] [MT5Client]: Symbol 'BTCUSD' not found on broker
2026-08-16 19:07:43,121 [WARNING] [MT5Client]: Symbol 'BTCUSD' not found on broker
2026-08-16 19:07:51,191 [WARNING] [MT5Client]: Symbol 'BTCUSD' not found on broker
2026-08-16 19:07:58,141 [WARNING] [MT5Client]: Symbol 'BTCUSD' not found on broker
2026-08-16 19:08:06,212 [WARNING] [MT5Client]: Symbol 'BTCUSD' not found on broker
2026-08-16 19:08:13,161 [WARNING] [MT5Client]: Symbol 'BTCUSD' not found on broker
2026-08-16 19:08:21,233 [WARNING] [MT5Client]: Symbol 'BTCUSD' not found on broker
2026-08-16 19:08:28,181 [WARNING] [MT5Client]: Symbol 'BTCUSD' not found on broker
2026-08-16 19:08:36,254 [WARNING] [MT5Client]: Symbol 'BTCUSD' not found on broker
2026-08-16 19:08:43,201 [WARNING] [MT5Client]: Symbol 'BTCUSD' not found on broker
2026-08-16 19:08:51,273 [WARNING] [MT5Client]: Symbol 'BTCUSD' not found on broker
2026-08-16 19:08:58,225 [WARNING] [MT5Client]: Symbol 'BTCUSD' not found on broker
2026-08-16 19:09:06,293 [WARNING] [MT5Client]: Symbol 'BTCUSD' not found on broker
2026-08-16 19:09:13,245 [WARNING] [MT5Client]: Symbol 'BTCUSD' not found on broker
2026-08-16 19:09:21,322 [WARNING] [MT5Client]: Symbol 'BTCUSD' not found on broker
2026-08-16 19:09:28,270 [WARNING] [MT5Client]: Symbol 'BTCUSD' not found on broker
2026-08-16 19:09:36,348 [WARNING] [MT5Client]: Symbol 'BTCUSD' not found on broker
2026-08-16 19:09:43,295 [WARNING] [MT5Client]: Symbol 'BTCUSD' not found on broker
2026-08-16 19:09:51,377 [WARNING] [MT5Client]: Symbol 'BTCUSD' not found on broker
2026-08-16 19:09:58,314 [WARNING] [MT5Client]: Symbol 'BTCUSD' not found on broker
2026-08-16 19:10:06,398 [WARNING] [MT5Client]: Symbol 'BTCUSD' not found on broker
2026-08-16 19:10:13,333 [WARNING] [MT5Client]: Symbol 'BTCUSD' not found on broker
2026-08-16 19:10:21,419 [WARNING] [MT5Client]: Symbol 'BTCUSD' not found on broker
2026-08-16 19:10:28,352 [WARNING] [MT5Client]: Symbol 'BTCUSD' not found on broker
2026-08-16 19:10:36,446 [WARNING] [MT5Client]: Symbol 'BTCUSD' not found on broker
2026-08-16 19:10:43,373 [WARNING] [MT5Client]: Symbol 'BTCUSD' not found on broker
2026-08-16 19:10:51,470 [WARNING] [MT5Client]: Symbol 'BTCUSD' not found on broker
2026-08-16 19:10:58,394 [WARNING] [MT5Client]: Symbol 'BTCUSD' not found on broker
2026-08-16 19:11:06,496 [WARNING] [MT5Client]: Symbol 'BTCUSD' not found on broker
2026-08-16 19:11:13,419 [WARNING] [MT5Client]: Symbol 'BTCUSD' not found on broker
2026-08-16 19:11:21,517 [WARNING] [MT5Client]: Symbol 'BTCUSD' not found on broker
2026-08-16 19:11:28,438 [WARNING] [MT5Client]: Symbol 'BTCUSD' not found on broker
2026-08-16 19:11:36,537 [WARNING] [MT5Client]: Symbol 'BTCUSD' not found on broker
2026-08-16 19:11:43,457 [WARNING] [MT5Client]: Symbol 'BTCUSD' not found on broker
2026-08-16 19:11:51,556 [WARNING] [MT5Client]: Symbol 'BTCUSD' not found on broker
2026-08-16 19:11:58,476 [WARNING] [MT5Client]: Symbol 'BTCUSD' not found on broker
2026-08-16 19:12:06,577 [WARNING] [MT5Client]: Symbol 'BTCUSD' not found on broker
2026-08-16 19:12:13,495 [WARNING] [MT5Client]: Symbol 'BTCUSD' not found on broker
2026-08-16 19:12:21,608 [WARNING] [MT5Client]: Symbol 'BTCUSD' not found on broker
2026-08-16 19:12:28,515 [WARNING] [MT5Client]: Symbol 'BTCUSD' not found on broker
2026-08-16 19:12:36,627 [WARNING] [MT5Client]: Symbol 'BTCUSD' not found on broker
2026-08-16 19:12:43,534 [WARNING] [MT5Client]: Symbol 'BTCUSD' not found on broker
2026-08-16 19:12:51,647 [WARNING] [MT5Client]: Symbol 'BTCUSD' not found on broker
2026-08-16 19:12:58,553 [WARNING] [MT5Client]: Symbol 'BTCUSD' not found on broker
2026-08-16 19:13:06,666 [WARNING] [MT5Client]: Symbol 'BTCUSD' not found on broker
2026-08-16 19:13:13,572 [WARNING] [MT5Client]: Symbol 'BTCUSD' not found on broker
2026-08-16 19:13:21,687 [WARNING] [MT5Client]: Symbol 'BTCUSD' not found on broker
2026-08-16 19:13:28,592 [WARNING] [MT5Client]: Symbol 'BTCUSD' not found on broker
2026-08-16 19:13:36,707 [WARNING] [MT5Client]: Symbol 'BTCUSD' not found on broker
2026-08-16 19:13:43,619 [WARNING] [MT5Client]: Symbol 'BTCUSD' not found on broker
2026-08-16 19:13:51,727 [WARNING] [MT5Client]: Symbol 'BTCUSD' not found on broker
2026-08-16 19:13:58,639 [WARNING] [MT5Client]: Symbol 'BTCUSD' not found on broker
2026-08-16 19:14:06,746 [WARNING] [MT5Client]: Symbol 'BTCUSD' not found on broker
2026-08-16 19:14:13,659 [WARNING] [MT5Client]: Symbol 'BTCUSD' not found on broker
2026-08-16 19:14:21,768 [WARNING] [MT5Client]: Symbol 'BTCUSD' not found on broker
2026-08-16 19:14:28,677 [WARNING] [MT5Client]: Symbol 'BTCUSD' not found on broker
2026-08-16 19:14:36,787 [WARNING] [MT5Client]: Symbol 'BTCUSD' not found on broker
2026-08-16 19:14:43,696 [WARNING] [MT5Client]: Symbol 'BTCUSD' not found on broker
2026-08-16 19:14:51,806 [WARNING] [MT5Client]: Symbol 'BTCUSD' not found on broker
2026-08-16 19:14:58,715 [WARNING] [MT5Client]: Symbol 'BTCUSD' not found on broker
2026-08-16 19:15:06,829 [WARNING] [MT5Client]: Symbol 'BTCUSD' not found on broker
2026-08-16 19:15:13,736 [WARNING] [MT5Client]: Symbol 'BTCUSD' not found on broker
2026-08-16 19:15:21,851 [WARNING] [MT5Client]: Symbol 'BTCUSD' not found on broker
2026-08-16 19:15:28,754 [WARNING] [MT5Client]: Symbol 'BTCUSD' not found on broker
2026-08-16 19:15:36,872 [WARNING] [MT5Client]: Symbol 'BTCUSD' not found on broker
2026-08-16 19:15:43,774 [WARNING] [MT5Client]: Symbol 'BTCUSD' not found on broker
2026-08-16 19:15:51,892 [WARNING] [MT5Client]: Symbol 'BTCUSD' not found on broker
2026-08-16 19:15:58,793 [WARNING] [MT5Client]: Symbol 'BTCUSD' not found on broker
2026-08-16 19:16:06,911 [WARNING] [MT5Client]: Symbol 'BTCUSD' not found on broker
2026-08-16 19:16:13,813 [WARNING] [MT5Client]: Symbol 'BTCUSD' not found on broker
2026-08-16 19:16:21,931 [WARNING] [MT5Client]: Symbol 'BTCUSD' not found on broker
2026-08-16 19:16:28,833 [WARNING] [MT5Client]: Symbol 'BTCUSD' not found on broker
2026-08-16 19:16:36,951 [WARNING] [MT5Client]: Symbol 'BTCUSD' not found on broker
2026-08-16 19:16:43,852 [WARNING] [MT5Client]: Symbol 'BTCUSD' not found on broker
2026-08-16 19:16:51,971 [WARNING] [MT5Client]: Symbol 'BTCUSD' not found on broker
2026-08-16 19:16:58,872 [WARNING] [MT5Client]: Symbol 'BTCUSD' not found on broker
2026-08-16 19:17:06,990 [WARNING] [MT5Client]: Symbol 'BTCUSD' not found on broker
2026-08-16 19:17:13,891 [WARNING] [MT5Client]: Symbol 'BTCUSD' not found on broker
2026-08-16 19:17:22,010 [WARNING] [MT5Client]: Symbol 'BTCUSD' not found on broker
2026-08-16 19:17:28,910 [WARNING] [MT5Client]: Symbol 'BTCUSD' not found on broker
2026-08-16 19:17:37,029 [WARNING] [MT5Client]: Symbol 'BTCUSD' not found on broker
2026-08-16 19:17:43,932 [WARNING] [MT5Client]: Symbol 'BTCUSD' not found on broker
2026-08-16 19:17:52,050 [WARNING] [MT5Client]: Symbol 'BTCUSD' not found on broker
2026-08-16 19:17:58,951 [WARNING] [MT5Client]: Symbol 'BTCUSD' not found on broker
2026-08-16 19:18:07,070 [WARNING] [MT5Client]: Symbol 'BTCUSD' not found on broker
2026-08-16 19:18:13,970 [WARNING] [MT5Client]: Symbol 'BTCUSD' not found on broker
2026-08-16 19:18:22,089 [WARNING] [MT5Client]: Symbol 'BTCUSD' not found on broker
2026-08-16 19:18:28,991 [WARNING] [MT5Client]: Symbol 'BTCUSD' not found on broker
2026-08-16 19:18:37,108 [WARNING] [MT5Client]: Symbol 'BTCUSD' not found on broker
2026-08-16 19:18:44,011 [WARNING] [MT5Client]: Symbol 'BTCUSD' not found on broker
2026-08-16 19:18:52,127 [WARNING] [MT5Client]: Symbol 'BTCUSD' not found on broker
2026-08-16 19:18:59,030 [WARNING] [MT5Client]: Symbol 'BTCUSD' not found on broker
2026-08-16 19:19:07,147 [WARNING] [MT5Client]: Symbol 'BTCUSD' not found on broker
2026-08-16 19:19:14,049 [WARNING] [MT5Client]: Symbol 'BTCUSD' not found on broker
2026-08-16 19:19:22,169 [WARNING] [MT5Client]: Symbol 'BTCUSD' not found on broker
2026-08-16 19:19:29,075 [WARNING] [MT5Client]: Symbol 'BTCUSD' not found on broker
2026-08-16 19:19:37,196 [WARNING] [MT5Client]: Symbol 'BTCUSD' not found on broker
2026-08-16 19:19:44,098 [WARNING] [MT5Client]: Symbol 'BTCUSD' not found on broker
2026-08-16 19:19:52,221 [WARNING] [MT5Client]: Symbol 'BTCUSD' not found on broker
2026-08-16 19:19:59,119 [WARNING] [MT5Client]: Symbol 'BTCUSD' not found on broker
2026-08-16 19:20:07,241 [WARNING] [MT5Client]: Symbol 'BTCUSD' not found on broker
2026-08-16 19:20:14,138 [WARNING] [MT5Client]: Symbol 'BTCUSD' not found on broker
2026-08-16 19:20:22,261 [WARNING] [MT5Client]: Symbol 'BTCUSD' not found on broker
2026-08-16 19:20:29,158 [WARNING] [MT5Client]: Symbol 'BTCUSD' not found on broker
2026-08-16 19:20:37,282 [WARNING] [MT5Client]: Symbol 'BTCUSD' not found on broker
2026-08-16 19:20:44,180 [WARNING] [MT5Client]: Symbol 'BTCUSD' not found on broker
2026-08-16 19:20:52,302 [WARNING] [MT5Client]: Symbol 'BTCUSD' not found on broker
2026-08-16 19:20:59,200 [WARNING] [MT5Client]: Symbol 'BTCUSD' not found on broker
2026-08-16 19:21:07,322 [WARNING] [MT5Client]: Symbol 'BTCUSD' not found on broker
2026-08-16 19:21:14,219 [WARNING] [MT5Client]: Symbol 'BTCUSD' not found on broker
2026-08-16 19:21:22,343 [WARNING] [MT5Client]: Symbol 'BTCUSD' not found on broker
2026-08-16 19:21:29,240 [WARNING] [MT5Client]: Symbol 'BTCUSD' not found on broker
2026-08-16 19:21:37,363 [WARNING] [MT5Client]: Symbol 'BTCUSD' not found on broker
2026-08-16 19:21:44,260 [WARNING] [MT5Client]: Symbol 'BTCUSD' not found on broker
2026-08-16 19:21:52,383 [WARNING] [MT5Client]: Symbol 'BTCUSD' not found on broker
2026-08-16 19:21:59,279 [WARNING] [MT5Client]: Symbol 'BTCUSD' not found on broker
2026-08-16 19:22:07,403 [WARNING] [MT5Client]: Symbol 'BTCUSD' not found on broker
2026-08-16 19:22:14,299 [WARNING] [MT5Client]: Symbol 'BTCUSD' not found on broker
2026-08-16 19:22:22,432 [WARNING] [MT5Client]: Symbol 'BTCUSD' not found on broker
2026-08-16 19:22:29,322 [WARNING] [MT5Client]: Symbol 'BTCUSD' not found on broker
2026-08-16 19:22:37,457 [WARNING] [MT5Client]: Symbol 'BTCUSD' not found on broker
2026-08-16 19:22:44,349 [WARNING] [MT5Client]: Symbol 'BTCUSD' not found on broker
2026-08-16 19:22:52,481 [WARNING] [MT5Client]: Symbol 'BTCUSD' not found on broker
2026-08-16 19:22:59,374 [WARNING] [MT5Client]: Symbol 'BTCUSD' not found on broker
2026-08-16 19:23:07,508 [WARNING] [MT5Client]: Symbol 'BTCUSD' not found on broker
2026-08-16 19:23:14,398 [WARNING] [MT5Client]: Symbol 'BTCUSD' not found on broker
2026-08-16 19:23:22,535 [WARNING] [MT5Client]: Symbol 'BTCUSD' not found on broker
2026-08-16 19:23:29,419 [WARNING] [MT5Client]: Symbol 'BTCUSD' not found on broker
2026-08-16 19:23:37,558 [WARNING] [MT5Client]: Symbol 'BTCUSD' not found on broker
2026-08-16 19:23:44,441 [WARNING] [MT5Client]: Symbol 'BTCUSD' not found on broker
2026-08-16 19:23:52,586 [WARNING] [MT5Client]: Symbol 'BTCUSD' not found on broker
2026-08-16 19:23:59,462 [WARNING] [MT5Client]: Symbol 'BTCUSD' not found on broker
2026-08-16 19:24:07,608 [WARNING] [MT5Client]: Symbol 'BTCUSD' not found on broker
2026-08-16 19:24:14,485 [WARNING] [MT5Client]: Symbol 'BTCUSD' not found on broker
2026-08-16 19:24:22,629 [WARNING] [MT5Client]: Symbol 'BTCUSD' not found on broker
2026-08-16 19:24:29,506 [WARNING] [MT5Client]: Symbol 'BTCUSD' not found on broker
2026-08-16 19:24:37,653 [WARNING] [MT5Client]: Symbol 'BTCUSD' not found on broker
2026-08-16 19:24:44,534 [WARNING] [MT5Client]: Symbol 'BTCUSD' not found on broker
2026-08-16 19:24:52,678 [WARNING] [MT5Client]: Symbol 'BTCUSD' not found on broker
2026-08-16 19:24:59,555 [WARNING] [MT5Client]: Symbol 'BTCUSD' not found on broker
2026-08-16 19:25:07,703 [WARNING] [MT5Client]: Symbol 'BTCUSD' not found on broker
2026-08-16 19:25:14,575 [WARNING] [MT5Client]: Symbol 'BTCUSD' not found on broker
2026-08-16 19:25:22,727 [WARNING] [MT5Client]: Symbol 'BTCUSD' not found on broker
2026-08-16 19:25:29,596 [WARNING] [MT5Client]: Symbol 'BTCUSD' not found on broker
2026-08-16 19:25:37,752 [WARNING] [MT5Client]: Symbol 'BTCUSD' not found on broker
2026-08-16 19:25:44,620 [WARNING] [MT5Client]: Symbol 'BTCUSD' not found on broker
2026-08-16 19:25:52,775 [WARNING] [MT5Client]: Symbol 'BTCUSD' not found on broker
2026-08-16 19:25:59,642 [WARNING] [MT5Client]: Symbol 'BTCUSD' not found on broker
2026-08-16 19:26:07,800 [WARNING] [MT5Client]: Symbol 'BTCUSD' not found on broker
2026-08-16 19:26:14,663 [WARNING] [MT5Client]: Symbol 'BTCUSD' not found on broker
2026-08-16 19:26:22,824 [WARNING] [MT5Client]: Symbol 'BTCUSD' not found on broker
2026-08-16 19:26:29,687 [WARNING] [MT5Client]: Symbol 'BTCUSD' not found on broker
2026-08-16 19:26:37,845 [WARNING] [MT5Client]: Symbol 'BTCUSD' not found on broker
2026-08-16 19:26:44,710 [WARNING] [MT5Client]: Symbol 'BTCUSD' not found on broker
2026-08-16 19:26:52,869 [WARNING] [MT5Client]: Symbol 'BTCUSD' not found on broker
2026-08-16 19:26:59,730 [WARNING] [MT5Client]: Symbol 'BTCUSD' not found on broker
2026-08-16 19:27:07,894 [WARNING] [MT5Client]: Symbol 'BTCUSD' not found on broker
2026-08-16 19:27:14,754 [WARNING] [MT5Client]: Symbol 'BTCUSD' not found on broker
2026-08-16 19:27:22,913 [WARNING] [MT5Client]: Symbol 'BTCUSD' not found on broker
2026-08-16 19:27:29,778 [WARNING] [MT5Client]: Symbol 'BTCUSD' not found on broker
2026-08-16 19:27:37,932 [WARNING] [MT5Client]: Symbol 'BTCUSD' not found on broker
2026-08-16 19:27:44,799 [WARNING] [MT5Client]: Symbol 'BTCUSD' not found on broker
2026-08-16 19:27:52,952 [WARNING] [MT5Client]: Symbol 'BTCUSD' not found on broker
2026-08-16 19:27:59,818 [WARNING] [MT5Client]: Symbol 'BTCUSD' not found on broker
2026-08-16 19:28:07,973 [WARNING] [MT5Client]: Symbol 'BTCUSD' not found on broker
2026-08-16 19:28:14,837 [WARNING] [MT5Client]: Symbol 'BTCUSD' not found on broker
2026-08-16 19:28:22,993 [WARNING] [MT5Client]: Symbol 'BTCUSD' not found on broker
2026-08-16 19:28:29,857 [WARNING] [MT5Client]: Symbol 'BTCUSD' not found on broker
2026-08-16 19:28:38,013 [WARNING] [MT5Client]: Symbol 'BTCUSD' not found on broker
2026-08-16 19:28:44,877 [WARNING] [MT5Client]: Symbol 'BTCUSD' not found on broker
2026-08-16 19:28:53,032 [WARNING] [MT5Client]: Symbol 'BTCUSD' not found on broker
2026-08-16 19:28:59,898 [WARNING] [MT5Client]: Symbol 'BTCUSD' not found on broker
2026-08-16 19:29:08,052 [WARNING] [MT5Client]: Symbol 'BTCUSD' not found on broker
2026-08-16 19:29:14,918 [WARNING] [MT5Client]: Symbol 'BTCUSD' not found on broker
2026-08-16 19:29:23,072 [WARNING] [MT5Client]: Symbol 'BTCUSD' not found on broker
2026-08-16 19:29:29,937 [WARNING] [MT5Client]: Symbol 'BTCUSD' not found on broker
2026-08-16 19:29:38,092 [WARNING] [MT5Client]: Symbol 'BTCUSD' not found on broker
2026-08-16 19:29:44,957 [WARNING] [MT5Client]: Symbol 'BTCUSD' not found on broker
2026-08-16 19:29:53,112 [WARNING] [MT5Client]: Symbol 'BTCUSD' not found on broker
2026-08-16 19:29:59,977 [WARNING] [MT5Client]: Symbol 'BTCUSD' not found on broker
2026-08-16 19:30:08,131 [WARNING] [MT5Client]: Symbol 'BTCUSD' not found on broker
2026-08-16 19:30:14,996 [WARNING] [MT5Client]: Symbol 'BTCUSD' not found on broker
2026-08-16 19:30:23,151 [WARNING] [MT5Client]: Symbol 'BTCUSD' not found on broker
2026-08-16 19:30:30,025 [WARNING] [MT5Client]: Symbol 'BTCUSD' not found on broker
2026-08-16 19:30:38,171 [WARNING] [MT5Client]: Symbol 'BTCUSD' not found on broker
2026-08-16 19:30:45,044 [WARNING] [MT5Client]: Symbol 'BTCUSD' not found on broker
2026-08-16 19:30:53,195 [WARNING] [MT5Client]: Symbol 'BTCUSD' not found on broker
2026-08-16 19:31:00,068 [WARNING] [MT5Client]: Symbol 'BTCUSD' not found on broker
2026-08-16 19:31:08,223 [WARNING] [MT5Client]: Symbol 'BTCUSD' not found on broker
2026-08-16 19:31:15,094 [WARNING] [MT5Client]: Symbol 'BTCUSD' not found on broker
2026-08-16 19:31:23,247 [WARNING] [MT5Client]: Symbol 'BTCUSD' not found on broker
2026-08-16 19:31:30,116 [WARNING] [MT5Client]: Symbol 'BTCUSD' not found on broker
2026-08-16 19:31:38,273 [WARNING] [MT5Client]: Symbol 'BTCUSD' not found on broker
2026-08-16 19:31:45,138 [WARNING] [MT5Client]: Symbol 'BTCUSD' not found on broker
2026-08-16 19:31:53,296 [WARNING] [MT5Client]: Symbol 'BTCUSD' not found on broker
2026-08-16 19:32:00,163 [WARNING] [MT5Client]: Symbol 'BTCUSD' not found on broker
2026-08-16 19:32:08,315 [WARNING] [MT5Client]: Symbol 'BTCUSD' not found on broker
2026-08-16 19:32:15,182 [WARNING] [MT5Client]: Symbol 'BTCUSD' not found on broker
2026-08-16 19:32:23,340 [WARNING] [MT5Client]: Symbol 'BTCUSD' not found on broker
2026-08-16 19:32:30,205 [WARNING] [MT5Client]: Symbol 'BTCUSD' not found on broker
2026-08-16 19:32:38,366 [WARNING] [MT5Client]: Symbol 'BTCUSD' not found on broker
2026-08-16 19:32:45,233 [WARNING] [MT5Client]: Symbol 'BTCUSD' not found on broker
2026-08-16 19:32:53,389 [WARNING] [MT5Client]: Symbol 'BTCUSD' not found on broker
2026-08-16 19:33:00,255 [WARNING] [MT5Client]: Symbol 'BTCUSD' not found on broker
2026-08-16 19:33:08,413 [WARNING] [MT5Client]: Symbol 'BTCUSD' not found on broker
2026-08-16 19:33:15,274 [WARNING] [MT5Client]: Symbol 'BTCUSD' not found on broker
2026-08-16 19:33:23,437 [WARNING] [MT5Client]: Symbol 'BTCUSD' not found on broker
2026-08-16 19:33:30,297 [WARNING] [MT5Client]: Symbol 'BTCUSD' not found on broker
2026-08-16 19:33:38,460 [WARNING] [MT5Client]: Symbol 'BTCUSD' not found on broker
2026-08-16 19:33:45,323 [WARNING] [MT5Client]: Symbol 'BTCUSD' not found on broker
2026-08-16 19:33:53,487 [WARNING] [MT5Client]: Symbol 'BTCUSD' not found on broker
2026-08-16 19:34:00,346 [WARNING] [MT5Client]: Symbol 'BTCUSD' not found on broker
2026-08-16 19:34:08,513 [WARNING] [MT5Client]: Symbol 'BTCUSD' not found on broker
2026-08-16 19:34:15,370 [WARNING] [MT5Client]: Symbol 'BTCUSD' not found on broker
2026-08-16 19:34:23,536 [WARNING] [MT5Client]: Symbol 'BTCUSD' not found on broker
2026-08-16 19:34:30,393 [WARNING] [MT5Client]: Symbol 'BTCUSD' not found on broker
2026-08-16 19:34:38,561 [WARNING] [MT5Client]: Symbol 'BTCUSD' not found on broker
2026-08-16 19:34:45,417 [WARNING] [MT5Client]: Symbol 'BTCUSD' not found on broker
2026-08-16 19:34:53,580 [WARNING] [MT5Client]: Symbol 'BTCUSD' not found on broker
2026-08-16 19:35:00,439 [WARNING] [MT5Client]: Symbol 'BTCUSD' not found on broker
2026-08-16 19:35:08,605 [WARNING] [MT5Client]: Symbol 'BTCUSD' not found on broker
2026-08-16 19:35:15,464 [WARNING] [MT5Client]: Symbol 'BTCUSD' not found on broker
2026-08-16 19:35:23,630 [WARNING] [MT5Client]: Symbol 'BTCUSD' not found on broker
2026-08-16 19:35:30,489 [WARNING] [MT5Client]: Symbol 'BTCUSD' not found on broker
2026-08-16 19:35:38,656 [WARNING] [MT5Client]: Symbol 'BTCUSD' not found on broker
2026-08-16 19:35:45,511 [WARNING] [MT5Client]: Symbol 'BTCUSD' not found on broker
2026-08-16 19:35:53,681 [WARNING] [MT5Client]: Symbol 'BTCUSD' not found on broker
2026-08-16 19:36:00,534 [WARNING] [MT5Client]: Symbol 'BTCUSD' not found on broker
2026-08-16 19:36:08,703 [WARNING] [MT5Client]: Symbol 'BTCUSD' not found on broker
2026-08-16 19:36:15,556 [WARNING] [MT5Client]: Symbol 'BTCUSD' not found on broker
2026-08-16 19:36:23,731 [WARNING] [MT5Client]: Symbol 'BTCUSD' not found on broker
2026-08-16 19:36:30,583 [WARNING] [MT5Client]: Symbol 'BTCUSD' not found on broker
2026-08-16 19:36:38,757 [WARNING] [MT5Client]: Symbol 'BTCUSD' not found on broker
2026-08-16 19:36:45,607 [WARNING] [MT5Client]: Symbol 'BTCUSD' not found on broker
2026-08-16 19:36:53,785 [WARNING] [MT5Client]: Symbol 'BTCUSD' not found on broker
2026-08-16 19:37:00,631 [WARNING] [MT5Client]: Symbol 'BTCUSD' not found on broker
2026-08-16 19:37:08,812 [WARNING] [MT5Client]: Symbol 'BTCUSD' not found on broker
2026-08-16 19:37:15,658 [WARNING] [MT5Client]: Symbol 'BTCUSD' not found on broker
2026-08-16 19:37:23,837 [WARNING] [MT5Client]: Symbol 'BTCUSD' not found on broker
2026-08-16 19:37:30,685 [WARNING] [MT5Client]: Symbol 'BTCUSD' not found on broker
2026-08-16 19:37:38,866 [WARNING] [MT5Client]: Symbol 'BTCUSD' not found on broker
2026-08-16 19:37:45,712 [WARNING] [MT5Client]: Symbol 'BTCUSD' not found on broker
2026-08-16 19:37:53,887 [WARNING] [MT5Client]: Symbol 'BTCUSD' not found on broker
2026-08-16 19:38:00,731 [WARNING] [MT5Client]: Symbol 'BTCUSD' not found on broker
2026-08-16 19:38:08,909 [WARNING] [MT5Client]: Symbol 'BTCUSD' not found on broker
2026-08-16 19:38:15,750 [WARNING] [MT5Client]: Symbol 'BTCUSD' not found on broker
2026-08-16 19:38:23,929 [WARNING] [MT5Client]: Symbol 'BTCUSD' not found on broker
2026-08-16 19:38:30,779 [WARNING] [MT5Client]: Symbol 'BTCUSD' not found on broker
2026-08-16 19:38:38,954 [WARNING] [MT5Client]: Symbol 'BTCUSD' not found on broker
2026-08-16 19:38:45,803 [WARNING] [MT5Client]: Symbol 'BTCUSD' not found on broker
2026-08-16 19:38:53,979 [WARNING] [MT5Client]: Symbol 'BTCUSD' not found on broker
2026-08-16 19:39:00,831 [WARNING] [MT5Client]: Symbol 'BTCUSD' not found on broker
2026-08-16 19:39:09,006 [WARNING] [MT5Client]: Symbol 'BTCUSD' not found on broker
2026-08-16 19:39:15,855 [WARNING] [MT5Client]: Symbol 'BTCUSD' not found on broker
2026-08-16 19:39:24,030 [WARNING] [MT5Client]: Symbol 'BTCUSD' not found on broker
2026-08-16 19:39:30,882 [WARNING] [MT5Client]: Symbol 'BTCUSD' not found on broker
2026-08-16 19:39:39,050 [WARNING] [MT5Client]: Symbol 'BTCUSD' not found on broker
2026-08-16 19:39:45,907 [WARNING] [MT5Client]: Symbol 'BTCUSD' not found on broker
2026-08-16 19:39:54,077 [WARNING] [MT5Client]: Symbol 'BTCUSD' not found on broker
2026-08-16 19:40:00,934 [WARNING] [MT5Client]: Symbol 'BTCUSD' not found on broker
2026-08-16 19:40:09,104 [WARNING] [MT5Client]: Symbol 'BTCUSD' not found on broker
2026-08-16 19:40:15,959 [WARNING] [MT5Client]: Symbol 'BTCUSD' not found on broker
2026-08-16 19:40:24,133 [WARNING] [MT5Client]: Symbol 'BTCUSD' not found on broker
2026-08-16 19:40:30,984 [WARNING] [MT5Client]: Symbol 'BTCUSD' not found on broker
2026-08-16 19:40:39,155 [WARNING] [MT5Client]: Symbol 'BTCUSD' not found on broker
2026-08-16 19:40:46,004 [WARNING] [MT5Client]: Symbol 'BTCUSD' not found on broker
2026-08-16 19:40:54,174 [WARNING] [MT5Client]: Symbol 'BTCUSD' not found on broker
2026-08-16 19:41:01,024 [WARNING] [MT5Client]: Symbol 'BTCUSD' not found on broker
2026-08-16 19:41:09,194 [WARNING] [MT5Client]: Symbol 'BTCUSD' not found on broker
2026-08-16 19:41:16,043 [WARNING] [MT5Client]: Symbol 'BTCUSD' not found on broker
2026-08-16 19:41:24,215 [WARNING] [MT5Client]: Symbol 'BTCUSD' not found on broker
2026-08-16 19:41:31,069 [WARNING] [MT5Client]: Symbol 'BTCUSD' not found on broker
2026-08-16 19:41:39,238 [WARNING] [MT5Client]: Symbol 'BTCUSD' not found on broker
2026-08-16 19:41:46,091 [WARNING] [MT5Client]: Symbol 'BTCUSD' not found on broker
2026-08-16 19:41:54,265 [WARNING] [MT5Client]: Symbol 'BTCUSD' not found on broker
2026-08-16 19:42:01,112 [WARNING] [MT5Client]: Symbol 'BTCUSD' not found on broker
2026-08-16 19:42:09,287 [WARNING] [MT5Client]: Symbol 'BTCUSD' not found on broker
2026-08-16 19:42:16,137 [WARNING] [MT5Client]: Symbol 'BTCUSD' not found on broker
2026-08-16 19:42:24,318 [WARNING] [MT5Client]: Symbol 'BTCUSD' not found on broker
2026-08-16 19:42:31,162 [WARNING] [MT5Client]: Symbol 'BTCUSD' not found on broker
2026-08-16 19:42:39,343 [WARNING] [MT5Client]: Symbol 'BTCUSD' not found on broker
2026-08-16 19:42:46,189 [WARNING] [MT5Client]: Symbol 'BTCUSD' not found on broker
2026-08-16 19:42:54,372 [WARNING] [MT5Client]: Symbol 'BTCUSD' not found on broker
2026-08-16 19:43:01,214 [WARNING] [MT5Client]: Symbol 'BTCUSD' not found on broker
2026-08-16 19:43:09,397 [WARNING] [MT5Client]: Symbol 'BTCUSD' not found on broker
2026-08-16 19:43:16,241 [WARNING] [MT5Client]: Symbol 'BTCUSD' not found on broker
2026-08-16 19:43:24,420 [WARNING] [MT5Client]: Symbol 'BTCUSD' not found on broker
2026-08-16 19:43:31,274 [WARNING] [MT5Client]: Symbol 'BTCUSD' not found on broker
2026-08-16 19:43:39,454 [WARNING] [MT5Client]: Symbol 'BTCUSD' not found on broker
2026-08-16 19:43:46,303 [WARNING] [MT5Client]: Symbol 'BTCUSD' not found on broker
2026-08-16 19:43:54,476 [WARNING] [MT5Client]: Symbol 'BTCUSD' not found on broker
2026-08-16 19:44:01,328 [WARNING] [MT5Client]: Symbol 'BTCUSD' not found on broker
2026-08-16 19:44:09,503 [WARNING] [MT5Client]: Symbol 'BTCUSD' not found on broker
2026-08-16 19:44:16,348 [WARNING] [MT5Client]: Symbol 'BTCUSD' not found on broker
2026-08-16 19:44:24,526 [WARNING] [MT5Client]: Symbol 'BTCUSD' not found on broker
2026-08-16 19:44:31,372 [WARNING] [MT5Client]: Symbol 'BTCUSD' not found on broker
2026-08-16 19:44:39,555 [WARNING] [MT5Client]: Symbol 'BTCUSD' not found on broker
2026-08-16 19:44:46,393 [WARNING] [MT5Client]: Symbol 'BTCUSD' not found on broker
2026-08-16 19:44:54,575 [WARNING] [MT5Client]: Symbol 'BTCUSD' not found on broker
2026-08-16 19:45:01,411 [WARNING] [MT5Client]: Symbol 'BTCUSD' not found on broker
2026-08-16 19:45:09,595 [WARNING] [MT5Client]: Symbol 'BTCUSD' not found on broker
2026-08-16 19:45:16,434 [WARNING] [MT5Client]: Symbol 'BTCUSD' not found on broker
2026-08-16 19:45:24,619 [WARNING] [MT5Client]: Symbol 'BTCUSD' not found on broker
2026-08-16 19:45:31,460 [WARNING] [MT5Client]: Symbol 'BTCUSD' not found on broker
2026-08-16 19:45:39,639 [WARNING] [MT5Client]: Symbol 'BTCUSD' not found on broker
2026-08-16 19:45:46,479 [WARNING] [MT5Client]: Symbol 'BTCUSD' not found on broker
2026-08-16 19:45:54,659 [WARNING] [MT5Client]: Symbol 'BTCUSD' not found on broker
2026-08-16 19:46:01,500 [WARNING] [MT5Client]: Symbol 'BTCUSD' not found on broker
2026-08-16 19:46:09,678 [WARNING] [MT5Client]: Symbol 'BTCUSD' not found on broker
2026-08-16 19:46:16,519 [WARNING] [MT5Client]: Symbol 'BTCUSD' not found on broker
2026-08-16 19:46:24,698 [WARNING] [MT5Client]: Symbol 'BTCUSD' not found on broker
2026-08-16 19:46:31,538 [WARNING] [MT5Client]: Symbol 'BTCUSD' not found on broker
2026-08-16 19:46:39,718 [WARNING] [MT5Client]: Symbol 'BTCUSD' not found on broker
2026-08-16 19:46:46,560 [WARNING] [MT5Client]: Symbol 'BTCUSD' not found on broker
2026-08-16 19:46:54,741 [WARNING] [MT5Client]: Symbol 'BTCUSD' not found on broker
2026-08-16 19:47:01,581 [WARNING] [MT5Client]: Symbol 'BTCUSD' not found on broker
2026-08-16 19:47:09,761 [WARNING] [MT5Client]: Symbol 'BTCUSD' not found on broker
2026-08-16 19:47:16,600 [WARNING] [MT5Client]: Symbol 'BTCUSD' not found on broker
2026-08-16 19:47:24,783 [WARNING] [MT5Client]: Symbol 'BTCUSD' not found on broker
2026-08-16 19:47:31,622 [WARNING] [MT5Client]: Symbol 'BTCUSD' not found on broker
2026-08-16 19:47:39,803 [WARNING] [MT5Client]: Symbol 'BTCUSD' not found on broker
2026-08-16 19:47:46,644 [WARNING] [MT5Client]: Symbol 'BTCUSD' not found on broker
2026-08-16 19:47:54,826 [WARNING] [MT5Client]: Symbol 'BTCUSD' not found on broker
2026-08-16 19:48:01,666 [WARNING] [MT5Client]: Symbol 'BTCUSD' not found on broker
2026-08-16 19:48:09,848 [WARNING] [MT5Client]: Symbol 'BTCUSD' not found on broker
2026-08-16 19:48:16,686 [WARNING] [MT5Client]: Symbol 'BTCUSD' not found on broker
2026-08-16 19:48:24,869 [WARNING] [MT5Client]: Symbol 'BTCUSD' not found on broker
2026-08-16 19:48:31,709 [WARNING] [MT5Client]: Symbol 'BTCUSD' not found on broker
2026-08-16 19:48:39,892 [WARNING] [MT5Client]: Symbol 'BTCUSD' not found on broker
2026-08-16 19:48:46,729 [WARNING] [MT5Client]: Symbol 'BTCUSD' not found on broker
2026-08-16 19:48:54,912 [WARNING] [MT5Client]: Symbol 'BTCUSD' not found on broker
2026-08-16 19:49:01,751 [WARNING] [MT5Client]: Symbol 'BTCUSD' not found on broker
2026-08-16 19:49:09,935 [WARNING] [MT5Client]: Symbol 'BTCUSD' not found on broker
2026-08-16 19:49:16,773 [WARNING] [MT5Client]: Symbol 'BTCUSD' not found on broker
2026-08-16 19:49:24,959 [WARNING] [MT5Client]: Symbol 'BTCUSD' not found on broker
2026-08-16 19:49:31,793 [WARNING] [MT5Client]: Symbol 'BTCUSD' not found on broker
2026-08-16 19:49:39,983 [WARNING] [MT5Client]: Symbol 'BTCUSD' not found on broker
2026-08-16 19:49:46,816 [WARNING] [MT5Client]: Symbol 'BTCUSD' not found on broker
2026-08-16 19:49:55,005 [WARNING] [MT5Client]: Symbol 'BTCUSD' not found on broker
2026-08-16 19:50:01,838 [WARNING] [MT5Client]: Symbol 'BTCUSD' not found on broker
2026-08-16 19:50:10,029 [WARNING] [MT5Client]: Symbol 'BTCUSD' not found on broker
2026-08-16 19:50:16,860 [WARNING] [MT5Client]: Symbol 'BTCUSD' not found on broker
2026-08-16 19:50:25,052 [WARNING] [MT5Client]: Symbol 'BTCUSD' not found on broker
2026-08-16 19:50:31,880 [WARNING] [MT5Client]: Symbol 'BTCUSD' not found on broker
2026-08-16 19:50:40,074 [WARNING] [MT5Client]: Symbol 'BTCUSD' not found on broker
2026-08-16 19:50:46,900 [WARNING] [MT5Client]: Symbol 'BTCUSD' not found on broker
2026-08-16 19:50:55,097 [WARNING] [MT5Client]: Symbol 'BTCUSD' not found on broker
2026-08-16 19:51:01,924 [WARNING] [MT5Client]: Symbol 'BTCUSD' not found on broker
2026-08-16 19:51:10,121 [WARNING] [MT5Client]: Symbol 'BTCUSD' not found on broker
2026-08-16 19:51:16,946 [WARNING] [MT5Client]: Symbol 'BTCUSD' not found on broker
2026-08-16 19:51:25,143 [WARNING] [MT5Client]: Symbol 'BTCUSD' not found on broker
2026-08-16 19:51:31,966 [WARNING] [MT5Client]: Symbol 'BTCUSD' not found on broker
2026-08-16 19:51:40,166 [WARNING] [MT5Client]: Symbol 'BTCUSD' not found on broker
2026-08-16 19:51:46,991 [WARNING] [MT5Client]: Symbol 'BTCUSD' not found on broker
2026-08-16 19:51:55,191 [WARNING] [MT5Client]: Symbol 'BTCUSD' not found on broker
2026-08-16 19:52:02,010 [WARNING] [MT5Client]: Symbol 'BTCUSD' not found on broker
2026-08-16 19:52:10,215 [WARNING] [MT5Client]: Symbol 'BTCUSD' not found on broker
2026-08-16 19:52:17,031 [WARNING] [MT5Client]: Symbol 'BTCUSD' not found on broker
2026-08-16 19:52:25,237 [WARNING] [MT5Client]: Symbol 'BTCUSD' not found on broker
2026-08-16 19:52:32,052 [WARNING] [MT5Client]: Symbol 'BTCUSD' not found on broker
2026-08-16 19:52:40,261 [WARNING] [MT5Client]: Symbol 'BTCUSD' not found on broker
2026-08-16 19:52:47,074 [WARNING] [MT5Client]: Symbol 'BTCUSD' not found on broker
2026-08-16 19:52:55,282 [WARNING] [MT5Client]: Symbol 'BTCUSD' not found on broker
2026-08-16 19:53:02,095 [WARNING] [MT5Client]: Symbol 'BTCUSD' not found on broker
2026-08-16 19:53:10,305 [WARNING] [MT5Client]: Symbol 'BTCUSD' not found on broker
2026-08-16 19:53:17,119 [WARNING] [MT5Client]: Symbol 'BTCUSD' not found on broker
2026-08-16 19:53:25,327 [WARNING] [MT5Client]: Symbol 'BTCUSD' not found on broker
2026-08-16 19:53:32,140 [WARNING] [MT5Client]: Symbol 'BTCUSD' not found on broker
2026-08-16 19:53:40,352 [WARNING] [MT5Client]: Symbol 'BTCUSD' not found on broker
2026-08-16 19:53:47,162 [WARNING] [MT5Client]: Symbol 'BTCUSD' not found on broker
2026-08-16 19:53:55,375 [WARNING] [MT5Client]: Symbol 'BTCUSD' not found on broker
2026-08-16 19:54:02,184 [WARNING] [MT5Client]: Symbol 'BTCUSD' not found on broker
2026-08-16 19:54:10,398 [WARNING] [MT5Client]: Symbol 'BTCUSD' not found on broker
2026-08-16 19:54:17,206 [WARNING] [MT5Client]: Symbol 'BTCUSD' not found on broker
2026-08-16 19:54:25,422 [WARNING] [MT5Client]: Symbol 'BTCUSD' not found on broker
2026-08-16 19:54:32,230 [WARNING] [MT5Client]: Symbol 'BTCUSD' not found on broker
2026-08-16 19:54:40,442 [WARNING] [MT5Client]: Symbol 'BTCUSD' not found on broker
2026-08-16 19:54:47,253 [WARNING] [MT5Client]: Symbol 'BTCUSD' not found on broker
2026-08-16 19:54:55,465 [WARNING] [MT5Client]: Symbol 'BTCUSD' not found on broker
2026-08-16 19:55:02,273 [WARNING] [MT5Client]: Symbol 'BTCUSD' not found on broker
2026-08-16 19:55:10,485 [WARNING] [MT5Client]: Symbol 'BTCUSD' not found on broker
2026-08-16 19:55:17,296 [WARNING] [MT5Client]: Symbol 'BTCUSD' not found on broker
2026-08-16 19:55:25,509 [WARNING] [MT5Client]: Symbol 'BTCUSD' not found on broker
2026-08-16 19:55:32,319 [WARNING] [MT5Client]: Symbol 'BTCUSD' not found on broker
2026-08-16 19:55:40,530 [WARNING] [MT5Client]: Symbol 'BTCUSD' not found on broker
2026-08-16 19:55:47,341 [WARNING] [MT5Client]: Symbol 'BTCUSD' not found on broker
2026-08-16 19:55:55,553 [WARNING] [MT5Client]: Symbol 'BTCUSD' not found on broker
2026-08-16 19:56:02,366 [WARNING] [MT5Client]: Symbol 'BTCUSD' not found on broker
2026-08-16 19:56:10,575 [WARNING] [MT5Client]: Symbol 'BTCUSD' not found on broker
2026-08-16 19:56:17,389 [WARNING] [MT5Client]: Symbol 'BTCUSD' not found on broker
2026-08-16 19:56:25,594 [WARNING] [MT5Client]: Symbol 'BTCUSD' not found on broker
2026-08-16 19:56:32,410 [WARNING] [MT5Client]: Symbol 'BTCUSD' not found on broker
2026-08-16 19:56:40,614 [WARNING] [MT5Client]: Symbol 'BTCUSD' not found on broker
2026-08-16 19:56:47,431 [WARNING] [MT5Client]: Symbol 'BTCUSD' not found on broker
2026-08-16 19:56:55,639 [WARNING] [MT5Client]: Symbol 'BTCUSD' not found on broker
2026-08-16 19:57:02,451 [WARNING] [MT5Client]: Symbol 'BTCUSD' not found on broker
2026-08-16 19:57:10,661 [WARNING] [MT5Client]: Symbol 'BTCUSD' not found on broker
2026-08-16 19:57:17,471 [WARNING] [MT5Client]: Symbol 'BTCUSD' not found on broker
2026-08-16 19:57:25,686 [WARNING] [MT5Client]: Symbol 'BTCUSD' not found on broker
2026-08-16 19:57:32,493 [WARNING] [MT5Client]: Symbol 'BTCUSD' not found on broker
2026-08-16 19:57:40,709 [WARNING] [MT5Client]: Symbol 'BTCUSD' not found on broker
2026-08-16 19:57:47,515 [WARNING] [MT5Client]: Symbol 'BTCUSD' not found on broker
2026-08-16 19:57:55,731 [WARNING] [MT5Client]: Symbol 'BTCUSD' not found on broker
2026-08-16 19:58:02,536 [WARNING] [MT5Client]: Symbol 'BTCUSD' not found on broker
2026-08-16 19:58:10,756 [WARNING] [MT5Client]: Symbol 'BTCUSD' not found on broker
2026-08-16 19:58:17,558 [WARNING] [MT5Client]: Symbol 'BTCUSD' not found on broker
2026-08-16 19:58:25,776 [WARNING] [MT5Client]: Symbol 'BTCUSD' not found on broker
2026-08-16 19:58:32,581 [WARNING] [MT5Client]: Symbol 'BTCUSD' not found on broker
2026-08-16 19:58:40,798 [WARNING] [MT5Client]: Symbol 'BTCUSD' not found on broker
2026-08-16 19:58:47,602 [WARNING] [MT5Client]: Symbol 'BTCUSD' not found on broker
2026-08-16 19:58:55,820 [WARNING] [MT5Client]: Symbol 'BTCUSD' not found on broker
2026-08-16 19:59:02,627 [WARNING] [MT5Client]: Symbol 'BTCUSD' not found on broker
2026-08-16 19:59:10,845 [WARNING] [MT5Client]: Symbol 'BTCUSD' not found on broker
2026-08-16 19:59:17,649 [WARNING] [MT5Client]: Symbol 'BTCUSD' not found on broker
2026-08-16 19:59:25,864 [WARNING] [MT5Client]: Symbol 'BTCUSD' not found on broker
2026-08-16 19:59:32,670 [WARNING] [MT5Client]: Symbol 'BTCUSD' not found on broker
2026-08-16 19:59:40,888 [WARNING] [MT5Client]: Symbol 'BTCUSD' not found on broker
2026-08-16 19:59:47,691 [WARNING] [MT5Client]: Symbol 'BTCUSD' not found on broker
2026-08-16 19:59:55,910 [WARNING] [MT5Client]: Symbol 'BTCUSD' not found on broker
2026-08-16 20:00:02,715 [WARNING] [MT5Client]: Symbol 'BTCUSD' not found on broker
2026-08-16 20:00:10,935 [WARNING] [MT5Client]: Symbol 'BTCUSD' not found on broker
2026-08-16 20:00:17,736 [WARNING] [MT5Client]: Symbol 'BTCUSD' not found on broker
2026-08-16 20:00:25,956 [WARNING] [MT5Client]: Symbol 'BTCUSD' not found on broker
2026-08-16 20:00:32,759 [WARNING] [MT5Client]: Symbol 'BTCUSD' not found on broker
2026-08-16 20:00:40,980 [WARNING] [MT5Client]: Symbol 'BTCUSD' not found on broker
2026-08-16 20:00:47,780 [WARNING] [MT5Client]: Symbol 'BTCUSD' not found on broker
2026-08-16 20:00:56,004 [WARNING] [MT5Client]: Symbol 'BTCUSD' not found on broker
2026-08-16 20:01:02,802 [WARNING] [MT5Client]: Symbol 'BTCUSD' not found on broker
2026-08-16 20:01:11,028 [WARNING] [MT5Client]: Symbol 'BTCUSD' not found on broker
2026-08-16 20:01:17,823 [WARNING] [MT5Client]: Symbol 'BTCUSD' not found on broker
2026-08-16 20:01:26,050 [WARNING] [MT5Client]: Symbol 'BTCUSD' not found on broker
2026-08-16 20:01:32,846 [WARNING] [MT5Client]: Symbol 'BTCUSD' not found on broker
2026-08-16 20:01:41,073 [WARNING] [MT5Client]: Symbol 'BTCUSD' not found on broker
2026-08-16 20:01:47,867 [WARNING] [MT5Client]: Symbol 'BTCUSD' not found on broker
2026-08-16 20:01:56,097 [WARNING] [MT5Client]: Symbol 'BTCUSD' not found on broker
2026-08-16 20:02:02,890 [WARNING] [MT5Client]: Symbol 'BTCUSD' not found on broker
2026-08-16 20:02:11,123 [WARNING] [MT5Client]: Symbol 'BTCUSD' not found on broker
2026-08-16 20:02:17,914 [WARNING] [MT5Client]: Symbol 'BTCUSD' not found on broker
2026-08-16 20:02:26,146 [WARNING] [MT5Client]: Symbol 'BTCUSD' not found on broker
2026-08-16 20:02:32,936 [WARNING] [MT5Client]: Symbol 'BTCUSD' not found on broker
2026-08-16 20:02:41,167 [WARNING] [MT5Client]: Symbol 'BTCUSD' not found on broker
2026-08-16 20:02:47,959 [WARNING] [MT5Client]: Symbol 'BTCUSD' not found on broker
2026-08-16 20:02:56,189 [WARNING] [MT5Client]: Symbol 'BTCUSD' not found on broker
2026-08-16 20:03:02,983 [WARNING] [MT5Client]: Symbol 'BTCUSD' not found on broker
2026-08-16 20:03:11,213 [WARNING] [MT5Client]: Symbol 'BTCUSD' not found on broker
2026-08-16 20:03:18,005 [WARNING] [MT5Client]: Symbol 'BTCUSD' not found on broker
2026-08-16 20:03:26,236 [WARNING] [MT5Client]: Symbol 'BTCUSD' not found on broker
2026-08-16 20:03:33,029 [WARNING] [MT5Client]: Symbol 'BTCUSD' not found on broker
2026-08-16 20:03:41,258 [WARNING] [MT5Client]: Symbol 'BTCUSD' not found on broker
2026-08-16 20:03:48,050 [WARNING] [MT5Client]: Symbol 'BTCUSD' not found on broker
2026-08-16 20:03:56,282 [WARNING] [MT5Client]: Symbol 'BTCUSD' not found on broker
2026-08-16 20:04:03,072 [WARNING] [MT5Client]: Symbol 'BTCUSD' not found on broker
2026-08-16 20:04:11,305 [WARNING] [MT5Client]: Symbol 'BTCUSD' not found on broker
2026-08-16 20:04:18,093 [WARNING] [MT5Client]: Symbol 'BTCUSD' not found on broker
2026-08-16 20:04:26,327 [WARNING] [MT5Client]: Symbol 'BTCUSD' not found on broker
2026-08-16 20:04:33,111 [WARNING] [MT5Client]: Symbol 'BTCUSD' not found on broker
2026-08-16 20:04:41,348 [WARNING] [MT5Client]: Symbol 'BTCUSD' not found on broker
2026-08-16 20:04:48,132 [WARNING] [MT5Client]: Symbol 'BTCUSD' not found on broker
2026-08-16 20:04:56,371 [WARNING] [MT5Client]: Symbol 'BTCUSD' not found on broker
2026-08-16 20:05:03,151 [WARNING] [MT5Client]: Symbol 'BTCUSD' not found on broker
2026-08-16 20:05:11,397 [WARNING] [MT5Client]: Symbol 'BTCUSD' not found on broker
2026-08-16 20:05:18,173 [WARNING] [MT5Client]: Symbol 'BTCUSD' not found on broker
2026-08-16 20:05:26,418 [WARNING] [MT5Client]: Symbol 'BTCUSD' not found on broker
2026-08-16 20:05:33,195 [WARNING] [MT5Client]: Symbol 'BTCUSD' not found on broker
2026-08-16 20:05:41,438 [WARNING] [MT5Client]: Symbol 'BTCUSD' not found on broker
2026-08-16 20:05:48,216 [WARNING] [MT5Client]: Symbol 'BTCUSD' not found on broker
2026-08-16 20:05:56,459 [WARNING] [MT5Client]: Symbol 'BTCUSD' not found on broker
2026-08-16 20:06:03,237 [WARNING] [MT5Client]: Symbol 'BTCUSD' not found on broker
2026-08-16 20:06:11,482 [WARNING] [MT5Client]: Symbol 'BTCUSD' not found on broker
2026-08-16 20:06:18,258 [WARNING] [MT5Client]: Symbol 'BTCUSD' not found on broker
2026-08-16 20:06:26,504 [WARNING] [MT5Client]: Symbol 'BTCUSD' not found on broker
2026-08-16 20:06:33,280 [WARNING] [MT5Client]: Symbol 'BTCUSD' not found on broker
2026-08-16 20:06:41,526 [WARNING] [MT5Client]: Symbol 'BTCUSD' not found on broker
2026-08-16 20:06:48,303 [WARNING] [MT5Client]: Symbol 'BTCUSD' not found on broker
2026-08-16 20:06:56,549 [WARNING] [MT5Client]: Symbol 'BTCUSD' not found on broker
2026-08-16 20:07:03,328 [WARNING] [MT5Client]: Symbol 'BTCUSD' not found on broker
2026-08-16 20:07:11,572 [WARNING] [MT5Client]: Symbol 'BTCUSD' not found on broker
2026-08-16 20:07:18,351 [WARNING] [MT5Client]: Symbol 'BTCUSD' not found on broker
2026-08-16 20:07:26,594 [WARNING] [MT5Client]: Symbol 'BTCUSD' not found on broker
2026-08-16 20:07:33,373 [WARNING] [MT5Client]: Symbol 'BTCUSD' not found on broker
2026-08-16 20:07:41,614 [WARNING] [MT5Client]: Symbol 'BTCUSD' not found on broker
2026-08-16 20:07:48,396 [WARNING] [MT5Client]: Symbol 'BTCUSD' not found on broker
2026-08-16 20:07:56,635 [WARNING] [MT5Client]: Symbol 'BTCUSD' not found on broker
2026-08-16 20:08:03,417 [WARNING] [MT5Client]: Symbol 'BTCUSD' not found on broker
2026-08-16 20:08:11,659 [WARNING] [MT5Client]: Symbol 'BTCUSD' not found on broker
2026-08-16 20:08:18,439 [WARNING] [MT5Client]: Symbol 'BTCUSD' not found on broker
2026-08-16 20:08:26,680 [WARNING] [MT5Client]: Symbol 'BTCUSD' not found on broker
2026-08-16 20:08:33,462 [WARNING] [MT5Client]: Symbol 'BTCUSD' not found on broker
2026-08-16 20:08:41,707 [WARNING] [MT5Client]: Symbol 'BTCUSD' not found on broker
2026-08-16 20:08:48,485 [WARNING] [MT5Client]: Symbol 'BTCUSD' not found on broker
2026-08-16 20:08:56,730 [WARNING] [MT5Client]: Symbol 'BTCUSD' not found on broker
2026-08-16 20:09:03,506 [WARNING] [MT5Client]: Symbol 'BTCUSD' not found on broker
2026-08-16 20:09:11,752 [WARNING] [MT5Client]: Symbol 'BTCUSD' not found on broker
2026-08-16 20:09:18,531 [WARNING] [MT5Client]: Symbol 'BTCUSD' not found on broker
2026-08-16 20:09:26,775 [WARNING] [MT5Client]: Symbol 'BTCUSD' not found on broker
2026-08-16 20:09:33,552 [WARNING] [MT5Client]: Symbol 'BTCUSD' not found on broker
2026-08-16 20:09:41,797 [WARNING] [MT5Client]: Symbol 'BTCUSD' not found on broker
2026-08-16 20:09:48,575 [WARNING] [MT5Client]: Symbol 'BTCUSD' not found on broker
2026-08-16 20:09:56,819 [WARNING] [MT5Client]: Symbol 'BTCUSD' not found on broker
2026-08-16 20:10:03,595 [WARNING] [MT5Client]: Symbol 'BTCUSD' not found on broker
2026-08-16 20:10:11,842 [WARNING] [MT5Client]: Symbol 'BTCUSD' not found on broker
2026-08-16 20:10:18,619 [WARNING] [MT5Client]: Symbol 'BTCUSD' not found on broker
2026-08-16 20:10:26,865 [WARNING] [MT5Client]: Symbol 'BTCUSD' not found on broker
2026-08-16 20:10:33,645 [WARNING] [MT5Client]: Symbol 'BTCUSD' not found on broker
2026-08-16 20:10:41,889 [WARNING] [MT5Client]: Symbol 'BTCUSD' not found on broker
2026-08-16 20:10:48,666 [WARNING] [MT5Client]: Symbol 'BTCUSD' not found on broker
2026-08-16 20:10:56,915 [WARNING] [MT5Client]: Symbol 'BTCUSD' not found on broker
2026-08-16 20:11:03,692 [WARNING] [MT5Client]: Symbol 'BTCUSD' not found on broker
2026-08-16 20:11:11,938 [WARNING] [MT5Client]: Symbol 'BTCUSD' not found on broker
2026-08-16 20:11:18,714 [WARNING] [MT5Client]: Symbol 'BTCUSD' not found on broker
2026-08-16 20:11:26,959 [WARNING] [MT5Client]: Symbol 'BTCUSD' not found on broker
2026-08-16 20:11:33,736 [WARNING] [MT5Client]: Symbol 'BTCUSD' not found on broker
2026-08-16 20:11:41,983 [WARNING] [MT5Client]: Symbol 'BTCUSD' not found on broker
2026-08-16 20:11:48,757 [WARNING] [MT5Client]: Symbol 'BTCUSD' not found on broker
2026-08-16 20:11:57,007 [WARNING] [MT5Client]: Symbol 'BTCUSD' not found on broker
2026-08-16 20:12:03,781 [WARNING] [MT5Client]: Symbol 'BTCUSD' not found on broker
2026-08-16 20:12:12,031 [WARNING] [MT5Client]: Symbol 'BTCUSD' not found on broker
2026-08-16 20:12:18,805 [WARNING] [MT5Client]: Symbol 'BTCUSD' not found on broker
2026-08-16 20:12:27,055 [WARNING] [MT5Client]: Symbol 'BTCUSD' not found on broker
2026-08-16 20:12:33,827 [WARNING] [MT5Client]: Symbol 'BTCUSD' not found on broker
2026-08-16 20:12:42,074 [WARNING] [MT5Client]: Symbol 'BTCUSD' not found on broker
2026-08-16 20:12:48,848 [WARNING] [MT5Client]: Symbol 'BTCUSD' not found on broker
2026-08-16 20:12:57,096 [WARNING] [MT5Client]: Symbol 'BTCUSD' not found on broker
2026-08-16 20:13:03,871 [WARNING] [MT5Client]: Symbol 'BTCUSD' not found on broker
2026-08-16 20:13:12,119 [WARNING] [MT5Client]: Symbol 'BTCUSD' not found on broker
2026-08-16 20:13:18,895 [WARNING] [MT5Client]: Symbol 'BTCUSD' not found on broker
2026-08-16 20:13:27,140 [WARNING] [MT5Client]: Symbol 'BTCUSD' not found on broker
2026-08-16 20:13:33,918 [WARNING] [MT5Client]: Symbol 'BTCUSD' not found on broker
2026-08-16 20:13:42,161 [WARNING] [MT5Client]: Symbol 'BTCUSD' not found on broker
2026-08-16 20:13:48,942 [WARNING] [MT5Client]: Symbol 'BTCUSD' not found on broker
2026-08-16 20:13:57,184 [WARNING] [MT5Client]: Symbol 'BTCUSD' not found on broker
2026-08-16 20:14:03,966 [WARNING] [MT5Client]: Symbol 'BTCUSD' not found on broker
2026-08-16 20:14:12,210 [WARNING] [MT5Client]: Symbol 'BTCUSD' not found on broker
2026-08-16 20:14:18,989 [WARNING] [MT5Client]: Symbol 'BTCUSD' not found on broker
2026-08-16 20:14:27,232 [WARNING] [MT5Client]: Symbol 'BTCUSD' not found on broker
2026-08-16 20:14:34,011 [WARNING] [MT5Client]: Symbol 'BTCUSD' not found on broker
2026-08-16 20:14:42,256 [WARNING] [MT5Client]: Symbol 'BTCUSD' not found on broker
2026-08-16 20:14:49,032 [WARNING] [MT5Client]: Symbol 'BTCUSD' not found on broker
2026-08-16 20:14:57,279 [WARNING] [MT5Client]: Symbol 'BTCUSD' not found on broker
2026-08-16 20:15:04,053 [WARNING] [MT5Client]: Symbol 'BTCUSD' not found on broker
2026-08-16 20:15:12,304 [WARNING] [MT5Client]: Symbol 'BTCUSD' not found on broker
2026-08-16 20:15:19,074 [WARNING] [MT5Client]: Symbol 'BTCUSD' not found on broker
2026-08-16 20:15:27,325 [WARNING] [MT5Client]: Symbol 'BTCUSD' not found on broker
2026-08-16 20:15:34,096 [WARNING] [MT5Client]: Symbol 'BTCUSD' not found on broker
2026-08-16 20:15:42,348 [WARNING] [MT5Client]: Symbol 'BTCUSD' not found on broker
2026-08-16 20:15:49,118 [WARNING] [MT5Client]: Symbol 'BTCUSD' not found on broker
2026-08-16 20:15:57,372 [WARNING] [MT5Client]: Symbol 'BTCUSD' not found on broker
2026-08-16 20:16:04,141 [WARNING] [MT5Client]: Symbol 'BTCUSD' not found on broker
2026-08-16 20:16:12,396 [WARNING] [MT5Client]: Symbol 'BTCUSD' not found on broker
2026-08-16 20:16:19,161 [WARNING] [MT5Client]: Symbol 'BTCUSD' not found on broker
2026-08-16 20:16:27,419 [WARNING] [MT5Client]: Symbol 'BTCUSD' not found on broker
2026-08-16 20:16:34,184 [WARNING] [MT5Client]: Symbol 'BTCUSD' not found on broker
2026-08-16 20:16:42,442 [WARNING] [MT5Client]: Symbol 'BTCUSD' not found on broker
2026-08-16 20:16:49,205 [WARNING] [MT5Client]: Symbol 'BTCUSD' not found on broker
2026-08-16 20:16:57,469 [WARNING] [MT5Client]: Symbol 'BTCUSD' not found on broker
2026-08-16 20:17:04,224 [WARNING] [MT5Client]: Symbol 'BTCUSD' not found on broker
2026-08-16 20:17:12,493 [WARNING] [MT5Client]: Symbol 'BTCUSD' not found on broker
2026-08-16 20:17:19,250 [WARNING] [MT5Client]: Symbol 'BTCUSD' not found on broker
2026-08-16 20:17:27,517 [WARNING] [MT5Client]: Symbol 'BTCUSD' not found on broker
2026-08-16 20:17:34,272 [WARNING] [MT5Client]: Symbol 'BTCUSD' not found on broker
2026-08-16 20:17:42,540 [WARNING] [MT5Client]: Symbol 'BTCUSD' not found on broker
2026-08-16 20:17:49,295 [WARNING] [MT5Client]: Symbol 'BTCUSD' not found on broker
2026-08-16 20:17:57,561 [WARNING] [MT5Client]: Symbol 'BTCUSD' not found on broker
2026-08-16 20:18:04,317 [WARNING] [MT5Client]: Symbol 'BTCUSD' not found on broker
2026-08-16 20:18:12,585 [WARNING] [MT5Client]: Symbol 'BTCUSD' not found on broker
2026-08-16 20:18:19,340 [WARNING] [MT5Client]: Symbol 'BTCUSD' not found on broker
2026-08-16 20:18:27,610 [WARNING] [MT5Client]: Symbol 'BTCUSD' not found on broker
2026-08-16 20:18:34,364 [WARNING] [MT5Client]: Symbol 'BTCUSD' not found on broker
2026-08-16 20:18:42,632 [WARNING] [MT5Client]: Symbol 'BTCUSD' not found on broker
2026-08-16 20:18:49,389 [WARNING] [MT5Client]: Symbol 'BTCUSD' not found on broker
2026-08-16 20:18:57,655 [WARNING] [MT5Client]: Symbol 'BTCUSD' not found on broker
2026-08-16 20:19:04,412 [WARNING] [MT5Client]: Symbol 'BTCUSD' not found on broker
2026-08-16 20:19:12,679 [WARNING] [MT5Client]: Symbol 'BTCUSD' not found on broker
2026-08-16 20:19:19,434 [WARNING] [MT5Client]: Symbol 'BTCUSD' not found on broker
2026-08-16 20:19:27,702 [WARNING] [MT5Client]: Symbol 'BTCUSD' not found on broker
2026-08-16 20:19:34,459 [WARNING] [MT5Client]: Symbol 'BTCUSD' not found on broker
2026-08-16 20:19:42,725 [WARNING] [MT5Client]: Symbol 'BTCUSD' not found on broker
2026-08-16 20:19:49,480 [WARNING] [MT5Client]: Symbol 'BTCUSD' not found on broker
2026-08-16 20:19:57,748 [WARNING] [MT5Client]: Symbol 'BTCUSD' not found on broker
2026-08-16 20:20:04,502 [WARNING] [MT5Client]: Symbol 'BTCUSD' not found on broker
2026-08-16 20:20:12,774 [WARNING] [MT5Client]: Symbol 'BTCUSD' not found on broker
2026-08-16 20:20:19,524 [WARNING] [MT5Client]: Symbol 'BTCUSD' not found on broker
2026-08-16 20:20:27,795 [WARNING] [MT5Client]: Symbol 'BTCUSD' not found on broker
2026-08-16 20:20:34,545 [WARNING] [MT5Client]: Symbol 'BTCUSD' not found on broker
2026-08-16 20:20:42,817 [WARNING] [MT5Client]: Symbol 'BTCUSD' not found on broker
2026-08-16 20:20:49,570 [WARNING] [MT5Client]: Symbol 'BTCUSD' not found on broker
2026-08-16 20:20:57,839 [WARNING] [MT5Client]: Symbol 'BTCUSD' not found on broker
2026-08-16 20:21:04,590 [WARNING] [MT5Client]: Symbol 'BTCUSD' not found on broker
2026-08-16 20:21:12,859 [WARNING] [MT5Client]: Symbol 'BTCUSD' not found on broker
2026-08-16 20:21:19,611 [WARNING] [MT5Client]: Symbol 'BTCUSD' not found on broker
2026-08-16 20:21:27,882 [WARNING] [MT5Client]: Symbol 'BTCUSD' not found on broker
2026-08-16 20:21:34,634 [WARNING] [MT5Client]: Symbol 'BTCUSD' not found on broker
2026-08-16 20:21:42,910 [WARNING] [MT5Client]: Symbol 'BTCUSD' not found on broker
2026-08-16 20:21:49,657 [WARNING] [MT5Client]: Symbol 'BTCUSD' not found on broker
2026-08-16 20:21:57,931 [WARNING] [MT5Client]: Symbol 'BTCUSD' not found on broker
2026-08-16 20:22:04,680 [WARNING] [MT5Client]: Symbol 'BTCUSD' not found on broker
2026-08-16 20:22:12,952 [WARNING] [MT5Client]: Symbol 'BTCUSD' not found on broker
2026-08-16 20:22:19,701 [WARNING] [MT5Client]: Symbol 'BTCUSD' not found on broker
2026-08-16 20:22:27,974 [WARNING] [MT5Client]: Symbol 'BTCUSD' not found on broker
2026-08-16 20:22:34,721 [WARNING] [MT5Client]: Symbol 'BTCUSD' not found on broker
2026-08-16 20:22:42,996 [WARNING] [MT5Client]: Symbol 'BTCUSD' not found on broker
2026-08-16 20:22:49,743 [WARNING] [MT5Client]: Symbol 'BTCUSD' not found on broker
2026-08-16 20:22:58,020 [WARNING] [MT5Client]: Symbol 'BTCUSD' not found on broker
2026-08-16 20:23:04,763 [WARNING] [MT5Client]: Symbol 'BTCUSD' not found on broker
2026-08-16 20:23:13,042 [WARNING] [MT5Client]: Symbol 'BTCUSD' not found on broker
2026-08-16 20:23:19,783 [WARNING] [MT5Client]: Symbol 'BTCUSD' not found on broker
2026-08-16 20:23:28,066 [WARNING] [MT5Client]: Symbol 'BTCUSD' not found on broker
2026-08-16 20:23:34,802 [WARNING] [MT5Client]: Symbol 'BTCUSD' not found on broker
2026-08-16 20:23:43,089 [WARNING] [MT5Client]: Symbol 'BTCUSD' not found on broker
2026-08-16 20:23:49,825 [WARNING] [MT5Client]: Symbol 'BTCUSD' not found on broker
2026-08-16 20:23:58,112 [WARNING] [MT5Client]: Symbol 'BTCUSD' not found on broker
2026-08-16 20:24:04,845 [WARNING] [MT5Client]: Symbol 'BTCUSD' not found on broker
2026-08-16 20:24:13,132 [WARNING] [MT5Client]: Symbol 'BTCUSD' not found on broker
2026-08-16 20:24:19,865 [WARNING] [MT5Client]: Symbol 'BTCUSD' not found on broker
2026-08-16 20:24:28,157 [WARNING] [MT5Client]: Symbol 'BTCUSD' not found on broker
2026-08-16 20:24:34,885 [WARNING] [MT5Client]: Symbol 'BTCUSD' not found on broker
2026-08-16 20:24:43,181 [WARNING] [MT5Client]: Symbol 'BTCUSD' not found on broker
2026-08-16 20:24:49,905 [WARNING] [MT5Client]: Symbol 'BTCUSD' not found on broker
2026-08-16 20:24:58,201 [WARNING] [MT5Client]: Symbol 'BTCUSD' not found on broker
2026-08-16 20:25:04,924 [WARNING] [MT5Client]: Symbol 'BTCUSD' not found on broker
2026-08-16 20:25:13,221 [WARNING] [MT5Client]: Symbol 'BTCUSD' not found on broker
2026-08-16 20:25:19,946 [WARNING] [MT5Client]: Symbol 'BTCUSD' not found on broker
2026-08-16 20:25:28,242 [WARNING] [MT5Client]: Symbol 'BTCUSD' not found on broker
2026-08-16 20:25:34,971 [WARNING] [MT5Client]: Symbol 'BTCUSD' not found on broker
2026-08-16 20:25:43,265 [WARNING] [MT5Client]: Symbol 'BTCUSD' not found on broker
2026-08-16 20:25:49,993 [WARNING] [MT5Client]: Symbol 'BTCUSD' not found on broker
2026-08-16 20:25:58,288 [WARNING] [MT5Client]: Symbol 'BTCUSD' not found on broker
2026-08-16 20:26:05,016 [WARNING] [MT5Client]: Symbol 'BTCUSD' not found on broker
2026-08-16 20:26:13,311 [WARNING] [MT5Client]: Symbol 'BTCUSD' not found on broker
2026-08-16 20:26:20,038 [WARNING] [MT5Client]: Symbol 'BTCUSD' not found on broker
2026-08-16 20:26:28,333 [WARNING] [MT5Client]: Symbol 'BTCUSD' not found on broker
2026-08-16 20:26:35,060 [WARNING] [MT5Client]: Symbol 'BTCUSD' not found on broker
2026-08-16 20:26:43,361 [WARNING] [MT5Client]: Symbol 'BTCUSD' not found on broker
2026-08-16 20:26:50,083 [WARNING] [MT5Client]: Symbol 'BTCUSD' not found on broker
2026-08-16 20:26:58,386 [WARNING] [MT5Client]: Symbol 'BTCUSD' not found on broker
2026-08-16 20:27:05,103 [WARNING] [MT5Client]: Symbol 'BTCUSD' not found on broker
2026-08-16 20:27:13,409 [WARNING] [MT5Client]: Symbol 'BTCUSD' not found on broker
2026-08-16 20:27:20,126 [WARNING] [MT5Client]: Symbol 'BTCUSD' not found on broker
2026-08-16 20:27:28,431 [WARNING] [MT5Client]: Symbol 'BTCUSD' not found on broker
2026-08-16 20:27:35,147 [WARNING] [MT5Client]: Symbol 'BTCUSD' not found on broker
2026-08-16 20:27:43,455 [WARNING] [MT5Client]: Symbol 'BTCUSD' not found on broker
2026-08-16 20:27:50,168 [WARNING] [MT5Client]: Symbol 'BTCUSD' not found on broker
2026-08-16 20:27:58,478 [WARNING] [MT5Client]: Symbol 'BTCUSD' not found on broker
2026-08-16 20:28:05,192 [WARNING] [MT5Client]: Symbol 'BTCUSD' not found on broker
2026-08-16 20:28:13,503 [WARNING] [MT5Client]: Symbol 'BTCUSD' not found on broker
2026-08-16 20:28:20,213 [WARNING] [MT5Client]: Symbol 'BTCUSD' not found on broker
2026-08-16 20:28:28,525 [WARNING] [MT5Client]: Symbol 'BTCUSD' not found on broker
2026-08-16 20:28:35,235 [WARNING] [MT5Client]: Symbol 'BTCUSD' not found on broker
2026-08-16 20:28:43,547 [WARNING] [MT5Client]: Symbol 'BTCUSD' not found on broker
2026-08-16 20:28:50,258 [WARNING] [MT5Client]: Symbol 'BTCUSD' not found on broker
2026-08-16 20:28:58,568 [WARNING] [MT5Client]: Symbol 'BTCUSD' not found on broker
2026-08-16 20:29:05,280 [WARNING] [MT5Client]: Symbol 'BTCUSD' not found on broker
2026-08-16 20:29:13,593 [WARNING] [MT5Client]: Symbol 'BTCUSD' not found on broker
2026-08-16 20:29:20,305 [WARNING] [MT5Client]: Symbol 'BTCUSD' not found on broker
2026-08-16 20:29:28,614 [WARNING] [MT5Client]: Symbol 'BTCUSD' not found on broker
2026-08-16 20:29:35,324 [WARNING] [MT5Client]: Symbol 'BTCUSD' not found on broker
2026-08-16 20:29:43,636 [WARNING] [MT5Client]: Symbol 'BTCUSD' not found on broker
2026-08-16 20:29:50,345 [WARNING] [MT5Client]: Symbol 'BTCUSD' not found on broker
2026-08-16 20:29:58,660 [WARNING] [MT5Client]: Symbol 'BTCUSD' not found on broker
2026-08-16 20:30:05,369 [WARNING] [MT5Client]: Symbol 'BTCUSD' not found on broker
2026-08-16 20:30:13,681 [WARNING] [MT5Client]: Symbol 'BTCUSD' not found on broker
2026-08-16 20:30:20,390 [WARNING] [MT5Client]: Symbol 'BTCUSD' not found on broker
2026-08-16 20:30:28,707 [WARNING] [MT5Client]: Symbol 'BTCUSD' not found on broker
2026-08-16 20:30:35,411 [WARNING] [MT5Client]: Symbol 'BTCUSD' not found on broker
2026-08-16 20:30:43,730 [WARNING] [MT5Client]: Symbol 'BTCUSD' not found on broker
2026-08-16 20:30:50,432 [WARNING] [MT5Client]: Symbol 'BTCUSD' not found on broker
2026-08-16 20:30:58,755 [WARNING] [MT5Client]: Symbol 'BTCUSD' not found on broker
2026-08-16 20:31:05,454 [WARNING] [MT5Client]: Symbol 'BTCUSD' not found on broker
2026-08-16 20:31:13,780 [WARNING] [MT5Client]: Symbol 'BTCUSD' not found on broker
2026-08-16 20:31:20,475 [WARNING] [MT5Client]: Symbol 'BTCUSD' not found on broker
2026-08-16 20:31:28,803 [WARNING] [MT5Client]: Symbol 'BTCUSD' not found on broker
2026-08-16 20:31:35,499 [WARNING] [MT5Client]: Symbol 'BTCUSD' not found on broker
2026-08-16 20:31:43,829 [WARNING] [MT5Client]: Symbol 'BTCUSD' not found on broker
2026-08-16 20:31:50,520 [WARNING] [MT5Client]: Symbol 'BTCUSD' not found on broker
2026-08-16 20:31:58,850 [WARNING] [MT5Client]: Symbol 'BTCUSD' not found on broker
2026-08-16 20:32:05,542 [WARNING] [MT5Client]: Symbol 'BTCUSD' not found on broker
2026-08-16 20:32:13,873 [WARNING] [MT5Client]: Symbol 'BTCUSD' not found on broker
2026-08-16 20:32:20,563 [WARNING] [MT5Client]: Symbol 'BTCUSD' not found on broker
2026-08-16 20:32:28,898 [WARNING] [MT5Client]: Symbol 'BTCUSD' not found on broker
2026-08-16 20:32:35,584 [WARNING] [MT5Client]: Symbol 'BTCUSD' not found on broker
2026-08-16 20:32:43,921 [WARNING] [MT5Client]: Symbol 'BTCUSD' not found on broker
2026-08-16 20:32:50,606 [WARNING] [MT5Client]: Symbol 'BTCUSD' not found on broker
2026-08-16 20:32:58,944 [WARNING] [MT5Client]: Symbol 'BTCUSD' not found on broker
2026-08-16 20:33:05,628 [WARNING] [MT5Client]: Symbol 'BTCUSD' not found on broker
2026-08-16 20:33:13,966 [WARNING] [MT5Client]: Symbol 'BTCUSD' not found on broker
2026-08-16 20:33:20,650 [WARNING] [MT5Client]: Symbol 'BTCUSD' not found on broker
2026-08-16 20:33:28,989 [WARNING] [MT5Client]: Symbol 'BTCUSD' not found on broker
2026-08-16 20:33:35,673 [WARNING] [MT5Client]: Symbol 'BTCUSD' not found on broker
2026-08-16 20:33:44,015 [WARNING] [MT5Client]: Symbol 'BTCUSD' not found on broker
2026-08-16 20:33:50,695 [WARNING] [MT5Client]: Symbol 'BTCUSD' not found on broker
2026-08-16 20:33:59,042 [WARNING] [MT5Client]: Symbol 'BTCUSD' not found on broker
2026-08-16 20:34:05,716 [WARNING] [MT5Client]: Symbol 'BTCUSD' not found on broker
2026-08-16 20:34:14,063 [WARNING] [MT5Client]: Symbol 'BTCUSD' not found on broker
2026-08-16 20:34:20,740 [WARNING] [MT5Client]: Symbol 'BTCUSD' not found on broker
2026-08-16 20:34:29,084 [WARNING] [MT5Client]: Symbol 'BTCUSD' not found on broker
2026-08-16 20:34:35,764 [WARNING] [MT5Client]: Symbol 'BTCUSD' not found on broker
2026-08-16 20:34:44,110 [WARNING] [MT5Client]: Symbol 'BTCUSD' not found on broker
2026-08-16 20:34:50,786 [WARNING] [MT5Client]: Symbol 'BTCUSD' not found on broker
2026-08-16 20:34:59,131 [WARNING] [MT5Client]: Symbol 'BTCUSD' not found on broker
2026-08-16 20:35:05,807 [WARNING] [MT5Client]: Symbol 'BTCUSD' not found on broker
2026-08-16 20:35:14,153 [WARNING] [MT5Client]: Symbol 'BTCUSD' not found on broker
2026-08-16 20:35:20,828 [WARNING] [MT5Client]: Symbol 'BTCUSD' not found on broker
2026-08-16 20:35:29,177 [WARNING] [MT5Client]: Symbol 'BTCUSD' not found on broker
2026-08-16 20:35:35,848 [WARNING] [MT5Client]: Symbol 'BTCUSD' not found on broker
2026-08-16 20:35:44,201 [WARNING] [MT5Client]: Symbol 'BTCUSD' not found on broker
2026-08-16 20:35:50,869 [WARNING] [MT5Client]: Symbol 'BTCUSD' not found on broker
2026-08-16 20:35:59,225 [WARNING] [MT5Client]: Symbol 'BTCUSD' not found on broker
2026-08-16 20:36:05,893 [WARNING] [MT5Client]: Symbol 'BTCUSD' not found on broker
2026-08-16 20:36:14,246 [WARNING] [MT5Client]: Symbol 'BTCUSD' not found on broker
2026-08-16 20:36:20,915 [WARNING] [MT5Client]: Symbol 'BTCUSD' not found on broker
2026-08-16 20:36:29,267 [WARNING] [MT5Client]: Symbol 'BTCUSD' not found on broker
2026-08-16 20:36:35,933 [WARNING] [MT5Client]: Symbol 'BTCUSD' not found on broker
2026-08-16 20:36:44,286 [WARNING] [MT5Client]: Symbol 'BTCUSD' not found on broker
2026-08-16 20:36:50,956 [WARNING] [MT5Client]: Symbol 'BTCUSD' not found on broker
2026-08-16 20:36:59,309 [WARNING] [MT5Client]: Symbol 'BTCUSD' not found on broker
2026-08-16 20:37:05,978 [WARNING] [MT5Client]: Symbol 'BTCUSD' not found on broker
2026-08-16 20:37:14,333 [WARNING] [MT5Client]: Symbol 'BTCUSD' not found on broker
2026-08-16 20:37:20,999 [WARNING] [MT5Client]: Symbol 'BTCUSD' not found on broker
2026-08-16 20:37:29,356 [WARNING] [MT5Client]: Symbol 'BTCUSD' not found on broker
2026-08-16 20:37:36,024 [WARNING] [MT5Client]: Symbol 'BTCUSD' not found on broker
2026-08-16 20:37:44,381 [WARNING] [MT5Client]: Symbol 'BTCUSD' not found on broker
2026-08-16 20:37:51,043 [WARNING] [MT5Client]: Symbol 'BTCUSD' not found on broker
2026-08-16 20:37:59,399 [WARNING] [MT5Client]: Symbol 'BTCUSD' not found on broker
2026-08-16 20:38:06,065 [WARNING] [MT5Client]: Symbol 'BTCUSD' not found on broker
2026-08-16 20:38:14,423 [WARNING] [MT5Client]: Symbol 'BTCUSD' not found on broker
2026-08-16 20:38:21,084 [WARNING] [MT5Client]: Symbol 'BTCUSD' not found on broker
2026-08-16 20:38:29,447 [WARNING] [MT5Client]: Symbol 'BTCUSD' not found on broker
2026-08-16 20:38:36,107 [WARNING] [MT5Client]: Symbol 'BTCUSD' not found on broker
2026-08-16 20:38:44,475 [WARNING] [MT5Client]: Symbol 'BTCUSD' not found on broker
2026-08-16 20:38:51,130 [WARNING] [MT5Client]: Symbol 'BTCUSD' not found on broker
2026-08-16 20:38:59,494 [WARNING] [MT5Client]: Symbol 'BTCUSD' not found on broker
2026-08-16 20:39:06,153 [WARNING] [MT5Client]: Symbol 'BTCUSD' not found on broker
2026-08-16 20:39:14,518 [WARNING] [MT5Client]: Symbol 'BTCUSD' not found on broker
2026-08-16 20:39:21,174 [WARNING] [MT5Client]: Symbol 'BTCUSD' not found on broker
2026-08-16 20:39:29,542 [WARNING] [MT5Client]: Symbol 'BTCUSD' not found on broker
2026-08-16 20:39:36,194 [WARNING] [MT5Client]: Symbol 'BTCUSD' not found on broker
2026-08-16 20:39:44,565 [WARNING] [MT5Client]: Symbol 'BTCUSD' not found on broker
2026-08-16 20:39:51,215 [WARNING] [MT5Client]: Symbol 'BTCUSD' not found on broker
2026-08-16 20:39:59,588 [WARNING] [MT5Client]: Symbol 'BTCUSD' not found on broker
2026-08-16 20:40:06,234 [WARNING] [MT5Client]: Symbol 'BTCUSD' not found on broker
2026-08-16 20:40:14,611 [WARNING] [MT5Client]: Symbol 'BTCUSD' not found on broker
2026-08-16 20:40:21,257 [WARNING] [MT5Client]: Symbol 'BTCUSD' not found on broker
2026-08-16 20:40:29,633 [WARNING] [MT5Client]: Symbol 'BTCUSD' not found on broker
2026-08-16 20:40:36,280 [WARNING] [MT5Client]: Symbol 'BTCUSD' not found on broker
2026-08-16 20:40:44,657 [WARNING] [MT5Client]: Symbol 'BTCUSD' not found on broker
2026-08-16 20:40:51,300 [WARNING] [MT5Client]: Symbol 'BTCUSD' not found on broker
2026-08-16 20:40:59,680 [WARNING] [MT5Client]: Symbol 'BTCUSD' not found on broker
2026-08-16 20:41:06,319 [WARNING] [MT5Client]: Symbol 'BTCUSD' not found on broker
2026-08-16 20:41:14,701 [WARNING] [MT5Client]: Symbol 'BTCUSD' not found on broker
2026-08-16 20:41:21,337 [WARNING] [MT5Client]: Symbol 'BTCUSD' not found on broker
2026-08-16 20:41:29,720 [WARNING] [MT5Client]: Symbol 'BTCUSD' not found on broker
2026-08-16 20:41:36,355 [WARNING] [MT5Client]: Symbol 'BTCUSD' not found on broker
2026-08-16 20:41:44,744 [WARNING] [MT5Client]: Symbol 'BTCUSD' not found on broker
2026-08-16 20:41:51,379 [WARNING] [MT5Client]: Symbol 'BTCUSD' not found on broker
2026-08-16 20:41:59,767 [WARNING] [MT5Client]: Symbol 'BTCUSD' not found on broker
2026-08-16 20:42:06,400 [WARNING] [MT5Client]: Symbol 'BTCUSD' not found on broker
2026-08-16 20:42:14,790 [WARNING] [MT5Client]: Symbol 'BTCUSD' not found on broker
2026-08-16 20:42:21,420 [WARNING] [MT5Client]: Symbol 'BTCUSD' not found on broker
2026-08-16 20:42:29,812 [WARNING] [MT5Client]: Symbol 'BTCUSD' not found on broker
2026-08-16 20:42:36,444 [WARNING] [MT5Client]: Symbol 'BTCUSD' not found on broker
2026-08-16 20:42:44,831 [WARNING] [MT5Client]: Symbol 'BTCUSD' not found on broker
2026-08-16 20:42:51,466 [WARNING] [MT5Client]: Symbol 'BTCUSD' not found on broker
2026-08-16 20:42:59,853 [WARNING] [MT5Client]: Symbol 'BTCUSD' not found on broker
2026-08-16 20:43:06,489 [WARNING] [MT5Client]: Symbol 'BTCUSD' not found on broker
2026-08-16 20:43:14,878 [WARNING] [MT5Client]: Symbol 'BTCUSD' not found on broker
2026-08-16 20:43:21,512 [WARNING] [MT5Client]: Symbol 'BTCUSD' not found on broker
2026-08-16 20:43:29,901 [WARNING] [MT5Client]: Symbol 'BTCUSD' not found on broker
2026-08-16 20:43:36,536 [WARNING] [MT5Client]: Symbol 'BTCUSD' not found on broker
2026-08-16 20:43:44,925 [WARNING] [MT5Client]: Symbol 'BTCUSD' not found on broker
2026-08-16 20:43:51,559 [WARNING] [MT5Client]: Symbol 'BTCUSD' not found on broker
2026-08-16 20:43:59,944 [WARNING] [MT5Client]: Symbol 'BTCUSD' not found on broker
2026-08-16 20:44:06,580 [WARNING] [MT5Client]: Symbol 'BTCUSD' not found on broker
2026-08-16 20:44:14,965 [WARNING] [MT5Client]: Symbol 'BTCUSD' not found on broker
2026-08-16 20:44:21,600 [WARNING] [MT5Client]: Symbol 'BTCUSD' not found on broker
2026-08-16 20:44:29,987 [WARNING] [MT5Client]: Symbol 'BTCUSD' not found on broker
2026-08-16 20:44:36,622 [WARNING] [MT5Client]: Symbol 'BTCUSD' not found on broker
2026-08-16 20:44:45,010 [WARNING] [MT5Client]: Symbol 'BTCUSD' not found on broker
2026-08-16 20:44:51,640 [WARNING] [MT5Client]: Symbol 'BTCUSD' not found on broker
2026-08-16 20:45:00,032 [WARNING] [MT5Client]: Symbol 'BTCUSD' not found on broker
2026-08-16 20:45:06,659 [WARNING] [MT5Client]: Symbol 'BTCUSD' not found on broker
2026-08-16 20:45:15,054 [WARNING] [MT5Client]: Symbol 'BTCUSD' not found on broker
2026-08-16 20:45:21,680 [WARNING] [MT5Client]: Symbol 'BTCUSD' not found on broker
2026-08-16 20:45:30,077 [WARNING] [MT5Client]: Symbol 'BTCUSD' not found on broker
2026-08-16 20:45:36,703 [WARNING] [MT5Client]: Symbol 'BTCUSD' not found on broker
2026-08-16 20:45:45,098 [WARNING] [MT5Client]: Symbol 'BTCUSD' not found on broker
2026-08-16 20:45:51,725 [WARNING] [MT5Client]: Symbol 'BTCUSD' not found on broker
2026-08-16 20:46:00,120 [WARNING] [MT5Client]: Symbol 'BTCUSD' not found on broker
2026-08-16 20:46:06,748 [WARNING] [MT5Client]: Symbol 'BTCUSD' not found on broker
2026-08-16 20:46:15,145 [WARNING] [MT5Client]: Symbol 'BTCUSD' not found on broker
2026-08-16 20:46:21,772 [WARNING] [MT5Client]: Symbol 'BTCUSD' not found on broker
2026-08-16 20:46:30,170 [WARNING] [MT5Client]: Symbol 'BTCUSD' not found on broker
2026-08-16 20:46:36,793 [WARNING] [MT5Client]: Symbol 'BTCUSD' not found on broker
2026-08-16 20:46:45,191 [WARNING] [MT5Client]: Symbol 'BTCUSD' not found on broker
2026-08-16 20:46:51,818 [WARNING] [MT5Client]: Symbol 'BTCUSD' not found on broker
2026-08-16 20:47:00,212 [WARNING] [MT5Client]: Symbol 'BTCUSD' not found on broker
2026-08-16 20:47:06,839 [WARNING] [MT5Client]: Symbol 'BTCUSD' not found on broker
2026-08-16 20:47:15,236 [WARNING] [MT5Client]: Symbol 'BTCUSD' not found on broker
2026-08-16 20:47:21,861 [WARNING] [MT5Client]: Symbol 'BTCUSD' not found on broker
2026-08-16 20:47:30,260 [WARNING] [MT5Client]: Symbol 'BTCUSD' not found on broker
2026-08-16 20:47:36,882 [WARNING] [MT5Client]: Symbol 'BTCUSD' not found on broker
2026-08-16 20:47:45,281 [WARNING] [MT5Client]: Symbol 'BTCUSD' not found on broker
2026-08-16 20:47:51,904 [WARNING] [MT5Client]: Symbol 'BTCUSD' not found on broker
2026-08-16 20:48:00,301 [WARNING] [MT5Client]: Symbol 'BTCUSD' not found on broker
2026-08-16 20:48:06,925 [WARNING] [MT5Client]: Symbol 'BTCUSD' not found on broker
2026-08-16 20:48:15,325 [WARNING] [MT5Client]: Symbol 'BTCUSD' not found on broker
2026-08-16 20:48:21,947 [WARNING] [MT5Client]: Symbol 'BTCUSD' not found on broker
2026-08-16 20:48:30,346 [WARNING] [MT5Client]: Symbol 'BTCUSD' not found on broker
2026-08-16 20:48:36,971 [WARNING] [MT5Client]: Symbol 'BTCUSD' not found on broker
2026-08-16 20:48:45,367 [WARNING] [MT5Client]: Symbol 'BTCUSD' not found on broker
2026-08-16 20:48:51,994 [WARNING] [MT5Client]: Symbol 'BTCUSD' not found on broker
2026-08-16 20:49:00,390 [WARNING] [MT5Client]: Symbol 'BTCUSD' not found on broker
2026-08-16 20:49:07,016 [WARNING] [MT5Client]: Symbol 'BTCUSD' not found on broker
2026-08-16 20:49:15,409 [WARNING] [MT5Client]: Symbol 'BTCUSD' not found on broker
2026-08-16 20:49:22,040 [WARNING] [MT5Client]: Symbol 'BTCUSD' not found on broker
2026-08-16 20:49:30,435 [WARNING] [MT5Client]: Symbol 'BTCUSD' not found on broker
2026-08-16 20:49:37,065 [WARNING] [MT5Client]: Symbol 'BTCUSD' not found on broker
2026-08-16 20:49:45,458 [WARNING] [MT5Client]: Symbol 'BTCUSD' not found on broker
2026-08-16 20:49:52,087 [WARNING] [MT5Client]: Symbol 'BTCUSD' not found on broker
2026-08-16 20:50:00,484 [WARNING] [MT5Client]: Symbol 'BTCUSD' not found on broker
2026-08-16 20:50:07,109 [WARNING] [MT5Client]: Symbol 'BTCUSD' not found on broker
2026-08-16 20:50:15,506 [WARNING] [MT5Client]: Symbol 'BTCUSD' not found on broker
2026-08-16 20:50:22,128 [WARNING] [MT5Client]: Symbol 'BTCUSD' not found on broker
2026-08-16 20:50:30,529 [WARNING] [MT5Client]: Symbol 'BTCUSD' not found on broker
2026-08-16 20:50:37,152 [WARNING] [MT5Client]: Symbol 'BTCUSD' not found on broker
2026-08-16 20:50:45,551 [WARNING] [MT5Client]: Symbol 'BTCUSD' not found on broker
2026-08-16 20:50:52,173 [WARNING] [MT5Client]: Symbol 'BTCUSD' not found on broker
2026-08-16 20:51:00,573 [WARNING] [MT5Client]: Symbol 'BTCUSD' not found on broker
2026-08-16 20:51:07,195 [WARNING] [MT5Client]: Symbol 'BTCUSD' not found on broker
2026-08-16 20:51:15,594 [WARNING] [MT5Client]: Symbol 'BTCUSD' not found on broker
2026-08-16 20:51:22,216 [WARNING] [MT5Client]: Symbol 'BTCUSD' not found on broker
2026-08-16 20:51:30,617 [WARNING] [MT5Client]: Symbol 'BTCUSD' not found on broker
2026-08-16 20:51:37,235 [WARNING] [MT5Client]: Symbol 'BTCUSD' not found on broker
2026-08-16 20:51:45,640 [WARNING] [MT5Client]: Symbol 'BTCUSD' not found on broker
2026-08-16 20:51:52,257 [WARNING] [MT5Client]: Symbol 'BTCUSD' not found on broker
2026-08-16 20:52:00,663 [WARNING] [MT5Client]: Symbol 'BTCUSD' not found on broker
2026-08-16 20:52:07,280 [WARNING] [MT5Client]: Symbol 'BTCUSD' not found on broker
2026-08-16 20:52:15,682 [WARNING] [MT5Client]: Symbol 'BTCUSD' not found on broker
2026-08-16 20:52:22,307 [WARNING] [MT5Client]: Symbol 'BTCUSD' not found on broker
2026-08-16 20:52:30,704 [WARNING] [MT5Client]: Symbol 'BTCUSD' not found on broker
2026-08-16 20:52:37,326 [WARNING] [MT5Client]: Symbol 'BTCUSD' not found on broker
2026-08-16 20:52:45,723 [WARNING] [MT5Client]: Symbol 'BTCUSD' not found on broker
2026-08-16 20:52:52,346 [WARNING] [MT5Client]: Symbol 'BTCUSD' not found on broker
2026-08-16 20:53:00,744 [WARNING] [MT5Client]: Symbol 'BTCUSD' not found on broker
2026-08-16 20:53:07,368 [WARNING] [MT5Client]: Symbol 'BTCUSD' not found on broker
2026-08-16 20:53:15,769 [WARNING] [MT5Client]: Symbol 'BTCUSD' not found on broker
2026-08-16 20:53:22,390 [WARNING] [MT5Client]: Symbol 'BTCUSD' not found on broker
2026-08-16 20:53:30,792 [WARNING] [MT5Client]: Symbol 'BTCUSD' not found on broker
2026-08-16 20:53:37,410 [WARNING] [MT5Client]: Symbol 'BTCUSD' not found on broker
2026-08-16 20:53:45,811 [WARNING] [MT5Client]: Symbol 'BTCUSD' not found on broker
2026-08-16 20:53:52,431 [WARNING] [MT5Client]: Symbol 'BTCUSD' not found on broker
2026-08-16 20:54:00,835 [WARNING] [MT5Client]: Symbol 'BTCUSD' not found on broker
2026-08-16 20:54:07,453 [WARNING] [MT5Client]: Symbol 'BTCUSD' not found on broker
2026-08-16 20:54:15,857 [WARNING] [MT5Client]: Symbol 'BTCUSD' not found on broker
2026-08-16 20:54:22,478 [WARNING] [MT5Client]: Symbol 'BTCUSD' not found on broker
2026-08-16 20:54:30,882 [WARNING] [MT5Client]: Symbol 'BTCUSD' not found on broker
2026-08-16 20:54:37,500 [WARNING] [MT5Client]: Symbol 'BTCUSD' not found on broker
2026-08-16 20:54:45,906 [WARNING] [MT5Client]: Symbol 'BTCUSD' not found on broker
2026-08-16 20:54:52,520 [WARNING] [MT5Client]: Symbol 'BTCUSD' not found on broker
2026-08-16 20:55:00,926 [WARNING] [MT5Client]: Symbol 'BTCUSD' not found on broker
2026-08-16 20:55:07,539 [WARNING] [MT5Client]: Symbol 'BTCUSD' not found on broker
2026-08-16 20:55:15,949 [WARNING] [MT5Client]: Symbol 'BTCUSD' not found on broker
2026-08-16 20:55:22,561 [WARNING] [MT5Client]: Symbol 'BTCUSD' not found on broker
2026-08-16 20:55:30,973 [WARNING] [MT5Client]: Symbol 'BTCUSD' not found on broker
2026-08-16 20:55:37,580 [WARNING] [MT5Client]: Symbol 'BTCUSD' not found on broker
2026-08-16 20:55:45,996 [WARNING] [MT5Client]: Symbol 'BTCUSD' not found on broker
2026-08-16 20:55:52,601 [WARNING] [MT5Client]: Symbol 'BTCUSD' not found on broker
2026-08-16 20:56:01,015 [WARNING] [MT5Client]: Symbol 'BTCUSD' not found on broker
2026-08-16 20:56:07,622 [WARNING] [MT5Client]: Symbol 'BTCUSD' not found on broker
2026-08-16 20:56:16,038 [WARNING] [MT5Client]: Symbol 'BTCUSD' not found on broker
2026-08-16 20:56:22,642 [WARNING] [MT5Client]: Symbol 'BTCUSD' not found on broker
2026-08-16 20:56:31,061 [WARNING] [MT5Client]: Symbol 'BTCUSD' not found on broker
2026-08-16 20:56:37,662 [WARNING] [MT5Client]: Symbol 'BTCUSD' not found on broker
2026-08-16 20:56:46,084 [WARNING] [MT5Client]: Symbol 'BTCUSD' not found on broker
2026-08-16 20:56:52,686 [WARNING] [MT5Client]: Symbol 'BTCUSD' not found on broker
2026-08-16 20:57:01,105 [WARNING] [MT5Client]: Symbol 'BTCUSD' not found on broker
2026-08-16 20:57:07,708 [WARNING] [MT5Client]: Symbol 'BTCUSD' not found on broker
2026-08-16 20:57:16,127 [WARNING] [MT5Client]: Symbol 'BTCUSD' not found on broker
2026-08-16 20:57:22,728 [WARNING] [MT5Client]: Symbol 'BTCUSD' not found on broker
2026-08-16 20:57:31,150 [WARNING] [MT5Client]: Symbol 'BTCUSD' not found on broker
2026-08-16 20:57:37,750 [WARNING] [MT5Client]: Symbol 'BTCUSD' not found on broker
2026-08-16 20:57:46,174 [WARNING] [MT5Client]: Symbol 'BTCUSD' not found on broker
2026-08-16 20:57:52,772 [WARNING] [MT5Client]: Symbol 'BTCUSD' not found on broker
2026-08-16 20:58:01,199 [WARNING] [MT5Client]: Symbol 'BTCUSD' not found on broker
2026-08-16 20:58:07,795 [WARNING] [MT5Client]: Symbol 'BTCUSD' not found on broker
2026-08-16 20:58:16,222 [WARNING] [MT5Client]: Symbol 'BTCUSD' not found on broker
2026-08-16 20:58:22,820 [WARNING] [MT5Client]: Symbol 'BTCUSD' not found on broker
2026-08-16 20:58:31,247 [WARNING] [MT5Client]: Symbol 'BTCUSD' not found on broker
2026-08-16 20:58:37,842 [WARNING] [MT5Client]: Symbol 'BTCUSD' not found on broker
2026-08-16 20:58:46,269 [WARNING] [MT5Client]: Symbol 'BTCUSD' not found on broker
2026-08-16 20:58:52,863 [WARNING] [MT5Client]: Symbol 'BTCUSD' not found on broker
2026-08-16 20:59:01,295 [WARNING] [MT5Client]: Symbol 'BTCUSD' not found on broker
2026-08-16 20:59:07,887 [WARNING] [MT5Client]: Symbol 'BTCUSD' not found on broker
2026-08-16 20:59:16,313 [WARNING] [MT5Client]: Symbol 'BTCUSD' not found on broker
2026-08-16 20:59:22,909 [WARNING] [MT5Client]: Symbol 'BTCUSD' not found on broker
2026-08-16 20:59:31,334 [WARNING] [MT5Client]: Symbol 'BTCUSD' not found on broker
2026-08-16 20:59:37,929 [WARNING] [MT5Client]: Symbol 'BTCUSD' not found on broker
2026-08-16 20:59:46,356 [WARNING] [MT5Client]: Symbol 'BTCUSD' not found on broker
2026-08-16 20:59:52,951 [WARNING] [MT5Client]: Symbol 'BTCUSD' not found on broker
2026-08-16 21:00:01,382 [WARNING] [MT5Client]: Symbol 'BTCUSD' not found on broker
2026-08-16 21:00:07,972 [WARNING] [MT5Client]: Symbol 'BTCUSD' not found on broker
2026-08-16 21:00:16,405 [WARNING] [MT5Client]: Symbol 'BTCUSD' not found on broker
2026-08-16 21:00:22,994 [WARNING] [MT5Client]: Symbol 'BTCUSD' not found on broker
2026-08-16 21:00:31,428 [WARNING] [MT5Client]: Symbol 'BTCUSD' not found on broker
2026-08-16 21:00:38,016 [WARNING] [MT5Client]: Symbol 'BTCUSD' not found on broker
2026-08-16 21:00:46,450 [WARNING] [MT5Client]: Symbol 'BTCUSD' not found on broker
2026-08-16 21:00:53,040 [WARNING] [MT5Client]: Symbol 'BTCUSD' not found on broker
2026-08-16 21:01:01,472 [WARNING] [MT5Client]: Symbol 'BTCUSD' not found on broker
2026-08-16 21:01:08,063 [WARNING] [MT5Client]: Symbol 'BTCUSD' not found on broker
2026-08-16 21:01:16,493 [WARNING] [MT5Client]: Symbol 'BTCUSD' not found on broker
2026-08-16 21:01:23,083 [WARNING] [MT5Client]: Symbol 'BTCUSD' not found on broker
2026-08-16 21:01:31,516 [WARNING] [MT5Client]: Symbol 'BTCUSD' not found on broker
2026-08-16 21:01:38,105 [WARNING] [MT5Client]: Symbol 'BTCUSD' not found on broker
2026-08-16 21:01:46,537 [WARNING] [MT5Client]: Symbol 'BTCUSD' not found on broker
2026-08-16 21:01:53,128 [WARNING] [MT5Client]: Symbol 'BTCUSD' not found on broker
2026-08-16 21:02:01,555 [WARNING] [MT5Client]: Symbol 'BTCUSD' not found on broker
2026-08-16 21:02:08,150 [WARNING] [MT5Client]: Symbol 'BTCUSD' not found on broker
2026-08-16 21:02:16,577 [WARNING] [MT5Client]: Symbol 'BTCUSD' not found on broker
2026-08-16 21:02:23,172 [WARNING] [MT5Client]: Symbol 'BTCUSD' not found on broker
2026-08-16 21:02:31,600 [WARNING] [MT5Client]: Symbol 'BTCUSD' not found on broker
2026-08-16 21:02:38,194 [WARNING] [MT5Client]: Symbol 'BTCUSD' not found on broker
2026-08-16 21:02:46,622 [WARNING] [MT5Client]: Symbol 'BTCUSD' not found on broker
2026-08-16 21:02:53,215 [WARNING] [MT5Client]: Symbol 'BTCUSD' not found on broker
2026-08-16 21:03:01,644 [WARNING] [MT5Client]: Symbol 'BTCUSD' not found on broker
2026-08-16 21:03:08,238 [WARNING] [MT5Client]: Symbol 'BTCUSD' not found on broker
2026-08-16 21:03:16,669 [WARNING] [MT5Client]: Symbol 'BTCUSD' not found on broker
2026-08-16 21:03:23,261 [WARNING] [MT5Client]: Symbol 'BTCUSD' not found on broker
2026-08-16 21:03:31,694 [WARNING] [MT5Client]: Symbol 'BTCUSD' not found on broker
2026-08-16 21:03:38,282 [WARNING] [MT5Client]: Symbol 'BTCUSD' not found on broker
2026-08-16 21:03:46,717 [WARNING] [MT5Client]: Symbol 'BTCUSD' not found on broker
2026-08-16 21:03:53,307 [WARNING] [MT5Client]: Symbol 'BTCUSD' not found on broker
2026-08-16 21:04:01,740 [WARNING] [MT5Client]: Symbol 'BTCUSD' not found on broker
2026-08-16 21:04:08,328 [WARNING] [MT5Client]: Symbol 'BTCUSD' not found on broker
2026-08-16 21:04:16,762 [WARNING] [MT5Client]: Symbol 'BTCUSD' not found on broker
2026-08-16 21:04:23,348 [WARNING] [MT5Client]: Symbol 'BTCUSD' not found on broker
2026-08-16 21:04:31,786 [WARNING] [MT5Client]: Symbol 'BTCUSD' not found on broker
2026-08-16 21:04:38,371 [WARNING] [MT5Client]: Symbol 'BTCUSD' not found on broker
2026-08-16 21:04:46,808 [WARNING] [MT5Client]: Symbol 'BTCUSD' not found on broker
2026-08-16 21:04:53,392 [WARNING] [MT5Client]: Symbol 'BTCUSD' not found on broker
2026-08-16 21:05:01,827 [WARNING] [MT5Client]: Symbol 'BTCUSD' not found on broker
2026-08-16 21:05:08,412 [WARNING] [MT5Client]: Symbol 'BTCUSD' not found on broker
2026-08-16 21:05:16,848 [WARNING] [MT5Client]: Symbol 'BTCUSD' not found on broker
2026-08-16 21:05:23,436 [WARNING] [MT5Client]: Symbol 'BTCUSD' not found on broker
2026-08-16 21:05:31,870 [WARNING] [MT5Client]: Symbol 'BTCUSD' not found on broker
2026-08-16 21:05:38,460 [WARNING] [MT5Client]: Symbol 'BTCUSD' not found on broker
2026-08-16 21:05:46,895 [WARNING] [MT5Client]: Symbol 'BTCUSD' not found on broker
2026-08-16 21:05:53,483 [WARNING] [MT5Client]: Symbol 'BTCUSD' not found on broker
2026-08-16 21:06:01,920 [WARNING] [MT5Client]: Symbol 'BTCUSD' not found on broker
2026-08-16 21:06:08,501 [WARNING] [MT5Client]: Symbol 'BTCUSD' not found on broker
2026-08-16 21:06:16,941 [WARNING] [MT5Client]: Symbol 'BTCUSD' not found on broker
2026-08-16 21:06:23,524 [WARNING] [MT5Client]: Symbol 'BTCUSD' not found on broker
2026-08-16 21:06:31,960 [WARNING] [MT5Client]: Symbol 'BTCUSD' not found on broker
2026-08-16 21:06:38,546 [WARNING] [MT5Client]: Symbol 'BTCUSD' not found on broker
2026-08-16 21:06:46,981 [WARNING] [MT5Client]: Symbol 'BTCUSD' not found on broker
2026-08-16 21:06:53,567 [WARNING] [MT5Client]: Symbol 'BTCUSD' not found on broker
2026-08-16 21:07:02,002 [WARNING] [MT5Client]: Symbol 'BTCUSD' not found on broker
2026-08-16 21:07:08,592 [WARNING] [MT5Client]: Symbol 'BTCUSD' not found on broker
2026-08-16 21:07:17,028 [WARNING] [MT5Client]: Symbol 'BTCUSD' not found on broker
2026-08-16 21:07:23,613 [WARNING] [MT5Client]: Symbol 'BTCUSD' not found on broker
2026-08-16 21:07:32,052 [WARNING] [MT5Client]: Symbol 'BTCUSD' not found on broker
2026-08-16 21:07:38,638 [WARNING] [MT5Client]: Symbol 'BTCUSD' not found on broker
2026-08-16 21:07:47,075 [WARNING] [MT5Client]: Symbol 'BTCUSD' not found on broker
2026-08-16 21:07:53,659 [WARNING] [MT5Client]: Symbol 'BTCUSD' not found on broker
2026-08-16 21:08:02,096 [WARNING] [MT5Client]: Symbol 'BTCUSD' not found on broker
2026-08-16 21:08:08,682 [WARNING] [MT5Client]: Symbol 'BTCUSD' not found on broker
2026-08-16 21:08:17,118 [WARNING] [MT5Client]: Symbol 'BTCUSD' not found on broker
2026-08-16 21:08:23,703 [WARNING] [MT5Client]: Symbol 'BTCUSD' not found on broker
2026-08-16 21:08:32,141 [WARNING] [MT5Client]: Symbol 'BTCUSD' not found on broker
2026-08-16 21:08:38,725 [WARNING] [MT5Client]: Symbol 'BTCUSD' not found on broker
2026-08-16 21:08:47,165 [WARNING] [MT5Client]: Symbol 'BTCUSD' not found on broker
2026-08-16 21:08:53,748 [WARNING] [MT5Client]: Symbol 'BTCUSD' not found on broker
2026-08-16 21:09:02,184 [WARNING] [MT5Client]: Symbol 'BTCUSD' not found on broker
2026-08-16 21:09:08,772 [WARNING] [MT5Client]: Symbol 'BTCUSD' not found on broker
2026-08-16 21:09:17,211 [WARNING] [MT5Client]: Symbol 'BTCUSD' not found on broker
2026-08-16 21:09:23,791 [WARNING] [MT5Client]: Symbol 'BTCUSD' not found on broker
2026-08-16 21:09:32,235 [WARNING] [MT5Client]: Symbol 'BTCUSD' not found on broker
2026-08-16 21:09:38,815 [WARNING] [MT5Client]: Symbol 'BTCUSD' not found on broker
2026-08-16 21:09:47,256 [WARNING] [MT5Client]: Symbol 'BTCUSD' not found on broker
2026-08-16 21:09:53,838 [WARNING] [MT5Client]: Symbol 'BTCUSD' not found on broker
2026-08-16 21:10:02,276 [WARNING] [MT5Client]: Symbol 'BTCUSD' not found on broker
2026-08-16 21:10:08,862 [WARNING] [MT5Client]: Symbol 'BTCUSD' not found on broker
2026-08-16 21:10:17,295 [WARNING] [MT5Client]: Symbol 'BTCUSD' not found on broker
2026-08-16 21:10:23,883 [WARNING] [MT5Client]: Symbol 'BTCUSD' not found on broker
2026-08-16 21:10:32,320 [WARNING] [MT5Client]: Symbol 'BTCUSD' not found on broker
2026-08-16 21:10:38,905 [WARNING] [MT5Client]: Symbol 'BTCUSD' not found on broker
2026-08-16 21:10:47,343 [WARNING] [MT5Client]: Symbol 'BTCUSD' not found on broker
2026-08-16 21:10:53,927 [WARNING] [MT5Client]: Symbol 'BTCUSD' not found on broker
2026-08-16 21:11:02,367 [WARNING] [MT5Client]: Symbol 'BTCUSD' not found on broker
2026-08-16 21:11:08,949 [WARNING] [MT5Client]: Symbol 'BTCUSD' not found on broker
2026-08-16 21:11:17,388 [WARNING] [MT5Client]: Symbol 'BTCUSD' not found on broker
2026-08-16 21:11:23,973 [WARNING] [MT5Client]: Symbol 'BTCUSD' not found on broker
2026-08-16 21:11:32,407 [WARNING] [MT5Client]: Symbol 'BTCUSD' not found on broker
2026-08-16 21:11:38,993 [WARNING] [MT5Client]: Symbol 'BTCUSD' not found on broker
2026-08-16 21:11:47,433 [WARNING] [MT5Client]: Symbol 'BTCUSD' not found on broker
2026-08-16 21:11:54,016 [WARNING] [MT5Client]: Symbol 'BTCUSD' not found on broker
2026-08-16 21:12:02,456 [WARNING] [MT5Client]: Symbol 'BTCUSD' not found on broker
2026-08-16 21:12:09,037 [WARNING] [MT5Client]: Symbol 'BTCUSD' not found on broker
2026-08-16 21:12:17,475 [WARNING] [MT5Client]: Symbol 'BTCUSD' not found on broker
2026-08-16 21:12:24,056 [WARNING] [MT5Client]: Symbol 'BTCUSD' not found on broker
2026-08-16 21:12:32,497 [WARNING] [MT5Client]: Symbol 'BTCUSD' not found on broker
2026-08-16 21:12:39,075 [WARNING] [MT5Client]: Symbol 'BTCUSD' not found on broker
2026-08-16 21:12:47,519 [WARNING] [MT5Client]: Symbol 'BTCUSD' not found on broker
2026-08-16 21:12:54,096 [WARNING] [MT5Client]: Symbol 'BTCUSD' not found on broker
2026-08-16 21:13:02,537 [WARNING] [MT5Client]: Symbol 'BTCUSD' not found on broker
2026-08-16 21:13:09,116 [WARNING] [MT5Client]: Symbol 'BTCUSD' not found on broker
2026-08-16 21:13:17,563 [WARNING] [MT5Client]: Symbol 'BTCUSD' not found on broker
2026-08-16 21:13:24,138 [WARNING] [MT5Client]: Symbol 'BTCUSD' not found on broker
2026-08-16 21:13:32,582 [WARNING] [MT5Client]: Symbol 'BTCUSD' not found on broker
2026-08-16 21:13:39,161 [WARNING] [MT5Client]: Symbol 'BTCUSD' not found on broker
2026-08-16 21:13:47,603 [WARNING] [MT5Client]: Symbol 'BTCUSD' not found on broker
2026-08-16 21:13:54,183 [WARNING] [MT5Client]: Symbol 'BTCUSD' not found on broker
2026-08-16 21:14:02,631 [WARNING] [MT5Client]: Symbol 'BTCUSD' not found on broker
2026-08-16 21:14:09,206 [WARNING] [MT5Client]: Symbol 'BTCUSD' not found on broker
2026-08-16 21:14:17,652 [WARNING] [MT5Client]: Symbol 'BTCUSD' not found on broker
2026-08-16 21:14:24,228 [WARNING] [MT5Client]: Symbol 'BTCUSD' not found on broker
2026-08-16 21:14:32,679 [WARNING] [MT5Client]: Symbol 'BTCUSD' not found on broker
2026-08-16 21:14:39,249 [WARNING] [MT5Client]: Symbol 'BTCUSD' not found on broker
2026-08-16 21:14:47,705 [WARNING] [MT5Client]: Symbol 'BTCUSD' not found on broker
2026-08-16 21:14:54,275 [WARNING] [MT5Client]: Symbol 'BTCUSD' not found on broker
2026-08-16 21:15:02,724 [WARNING] [MT5Client]: Symbol 'BTCUSD' not found on broker
2026-08-16 21:15:09,293 [WARNING] [MT5Client]: Symbol 'BTCUSD' not found on broker
2026-08-16 21:15:17,749 [WARNING] [MT5Client]: Symbol 'BTCUSD' not found on broker
2026-08-16 21:15:24,317 [WARNING] [MT5Client]: Symbol 'BTCUSD' not found on broker
2026-08-16 21:15:32,770 [WARNING] [MT5Client]: Symbol 'BTCUSD' not found on broker
2026-08-16 21:15:39,336 [WARNING] [MT5Client]: Symbol 'BTCUSD' not found on broker
2026-08-16 21:15:47,794 [WARNING] [MT5Client]: Symbol 'BTCUSD' not found on broker
2026-08-16 21:15:54,367 [WARNING] [MT5Client]: Symbol 'BTCUSD' not found on broker
2026-08-16 21:16:02,820 [WARNING] [MT5Client]: Symbol 'BTCUSD' not found on broker
2026-08-16 21:16:09,386 [WARNING] [MT5Client]: Symbol 'BTCUSD' not found on broker
2026-08-16 21:16:17,842 [WARNING] [MT5Client]: Symbol 'BTCUSD' not found on broker
2026-08-16 21:16:24,410 [WARNING] [MT5Client]: Symbol 'BTCUSD' not found on broker
2026-08-16 21:16:32,864 [WARNING] [MT5Client]: Symbol 'BTCUSD' not found on broker
2026-08-16 21:16:39,431 [WARNING] [MT5Client]: Symbol 'BTCUSD' not found on broker
2026-08-16 21:16:47,884 [WARNING] [MT5Client]: Symbol 'BTCUSD' not found on broker
2026-08-16 21:16:54,458 [WARNING] [MT5Client]: Symbol 'BTCUSD' not found on broker
2026-08-16 21:17:02,910 [WARNING] [MT5Client]: Symbol 'BTCUSD' not found on broker
2026-08-16 21:17:09,480 [WARNING] [MT5Client]: Symbol 'BTCUSD' not found on broker
2026-08-16 21:17:17,932 [WARNING] [MT5Client]: Symbol 'BTCUSD' not found on broker
2026-08-16 21:17:24,503 [WARNING] [MT5Client]: Symbol 'BTCUSD' not found on broker
2026-08-16 21:17:32,960 [WARNING] [MT5Client]: Symbol 'BTCUSD' not found on broker
2026-08-16 21:17:39,527 [WARNING] [MT5Client]: Symbol 'BTCUSD' not found on broker
2026-08-16 21:17:47,981 [WARNING] [MT5Client]: Symbol 'BTCUSD' not found on broker
2026-08-16 21:17:54,548 [WARNING] [MT5Client]: Symbol 'BTCUSD' not found on broker
2026-08-16 21:18:03,004 [WARNING] [MT5Client]: Symbol 'BTCUSD' not found on broker
2026-08-16 21:18:09,571 [WARNING] [MT5Client]: Symbol 'BTCUSD' not found on broker
2026-08-16 21:18:18,031 [WARNING] [MT5Client]: Symbol 'BTCUSD' not found on broker
2026-08-16 21:18:24,596 [WARNING] [MT5Client]: Symbol 'BTCUSD' not found on broker
2026-08-16 21:18:33,055 [WARNING] [MT5Client]: Symbol 'BTCUSD' not found on broker
2026-08-16 21:18:39,619 [WARNING] [MT5Client]: Symbol 'BTCUSD' not found on broker
2026-08-16 21:18:48,078 [WARNING] [MT5Client]: Symbol 'BTCUSD' not found on broker
2026-08-16 21:18:54,642 [WARNING] [MT5Client]: Symbol 'BTCUSD' not found on broker
2026-08-16 21:19:03,101 [WARNING] [MT5Client]: Symbol 'BTCUSD' not found on broker
2026-08-16 21:19:09,662 [WARNING] [MT5Client]: Symbol 'BTCUSD' not found on broker
2026-08-16 21:19:18,121 [WARNING] [MT5Client]: Symbol 'BTCUSD' not found on broker
2026-08-16 21:19:24,685 [WARNING] [MT5Client]: Symbol 'BTCUSD' not found on broker
2026-08-16 21:19:33,148 [WARNING] [MT5Client]: Symbol 'BTCUSD' not found on broker
2026-08-16 21:19:39,706 [WARNING] [MT5Client]: Symbol 'BTCUSD' not found on broker
2026-08-16 21:19:48,172 [WARNING] [MT5Client]: Symbol 'BTCUSD' not found on broker
2026-08-16 21:19:54,729 [WARNING] [MT5Client]: Symbol 'BTCUSD' not found on broker
2026-08-16 21:20:03,195 [WARNING] [MT5Client]: Symbol 'BTCUSD' not found on broker
2026-08-16 21:20:09,751 [WARNING] [MT5Client]: Symbol 'BTCUSD' not found on broker
2026-08-16 21:20:18,221 [WARNING] [MT5Client]: Symbol 'BTCUSD' not found on broker
2026-08-16 21:20:24,779 [WARNING] [MT5Client]: Symbol 'BTCUSD' not found on broker
2026-08-16 21:20:33,243 [WARNING] [MT5Client]: Symbol 'BTCUSD' not found on broker
2026-08-16 21:20:39,810 [WARNING] [MT5Client]: Symbol 'BTCUSD' not found on broker
2026-08-16 21:20:48,308 [WARNING] [MT5Client]: Symbol 'BTCUSD' not found on broker
2026-08-16 21:20:54,837 [WARNING] [MT5Client]: Symbol 'BTCUSD' not found on broker
2026-08-16 21:21:03,332 [WARNING] [MT5Client]: Symbol 'BTCUSD' not found on broker
2026-08-16 21:21:09,859 [WARNING] [MT5Client]: Symbol 'BTCUSD' not found on broker
2026-08-16 21:21:18,355 [WARNING] [MT5Client]: Symbol 'BTCUSD' not found on broker
2026-08-16 21:21:24,883 [WARNING] [MT5Client]: Symbol 'BTCUSD' not found on broker
2026-08-16 21:21:33,383 [WARNING] [MT5Client]: Symbol 'BTCUSD' not found on broker
2026-08-16 21:21:39,912 [WARNING] [MT5Client]: Symbol 'BTCUSD' not found on broker
2026-08-16 21:21:48,436 [WARNING] [MT5Client]: Symbol 'BTCUSD' not found on broker
2026-08-16 21:21:54,936 [WARNING] [MT5Client]: Symbol 'BTCUSD' not found on broker
2026-08-16 21:22:03,464 [WARNING] [MT5Client]: Symbol 'BTCUSD' not found on broker
2026-08-16 21:22:09,962 [WARNING] [MT5Client]: Symbol 'BTCUSD' not found on broker
2026-08-16 21:22:18,501 [WARNING] [MT5Client]: Symbol 'BTCUSD' not found on broker
2026-08-16 21:22:25,008 [WARNING] [MT5Client]: Symbol 'BTCUSD' not found on broker
2026-08-16 21:22:33,531 [WARNING] [MT5Client]: Symbol 'BTCUSD' not found on broker
2026-08-16 21:22:40,034 [WARNING] [MT5Client]: Symbol 'BTCUSD' not found on broker
2026-08-16 21:22:48,555 [WARNING] [MT5Client]: Symbol 'BTCUSD' not found on broker
2026-08-16 21:22:55,077 [WARNING] [MT5Client]: Symbol 'BTCUSD' not found on broker
2026-08-16 21:23:03,599 [WARNING] [MT5Client]: Symbol 'BTCUSD' not found on broker
2026-08-16 21:23:10,104 [WARNING] [MT5Client]: Symbol 'BTCUSD' not found on broker
2026-08-16 21:23:18,628 [WARNING] [MT5Client]: Symbol 'BTCUSD' not found on broker
2026-08-16 21:23:25,131 [WARNING] [MT5Client]: Symbol 'BTCUSD' not found on broker
2026-08-16 21:23:33,656 [WARNING] [MT5Client]: Symbol 'BTCUSD' not found on broker
2026-08-16 21:23:40,159 [WARNING] [MT5Client]: Symbol 'BTCUSD' not found on broker
2026-08-16 21:23:48,684 [WARNING] [MT5Client]: Symbol 'BTCUSD' not found on broker
2026-08-16 21:23:55,188 [WARNING] [MT5Client]: Symbol 'BTCUSD' not found on broker
2026-08-16 21:24:03,709 [WARNING] [MT5Client]: Symbol 'BTCUSD' not found on broker
2026-08-16 21:24:10,216 [WARNING] [MT5Client]: Symbol 'BTCUSD' not found on broker
2026-08-16 21:24:18,742 [WARNING] [MT5Client]: Symbol 'BTCUSD' not found on broker
2026-08-16 21:24:25,243 [WARNING] [MT5Client]: Symbol 'BTCUSD' not found on broker
2026-08-16 21:24:33,791 [WARNING] [MT5Client]: Symbol 'BTCUSD' not found on broker
2026-08-16 21:24:40,284 [WARNING] [MT5Client]: Symbol 'BTCUSD' not found on broker
2026-08-16 21:24:48,822 [WARNING] [MT5Client]: Symbol 'BTCUSD' not found on broker
2026-08-16 21:24:55,323 [WARNING] [MT5Client]: Symbol 'BTCUSD' not found on broker
2026-08-16 21:25:03,851 [WARNING] [MT5Client]: Symbol 'BTCUSD' not found on broker
2026-08-16 21:25:10,353 [WARNING] [MT5Client]: Symbol 'BTCUSD' not found on broker
2026-08-16 21:25:18,884 [WARNING] [MT5Client]: Symbol 'BTCUSD' not found on broker
2026-08-16 21:25:25,395 [WARNING] [MT5Client]: Symbol 'BTCUSD' not found on broker
2026-08-16 21:25:33,932 [WARNING] [MT5Client]: Symbol 'BTCUSD' not found on broker
2026-08-16 21:25:40,446 [WARNING] [MT5Client]: Symbol 'BTCUSD' not found on broker
2026-08-16 21:25:48,974 [WARNING] [MT5Client]: Symbol 'BTCUSD' not found on broker
2026-08-16 21:25:55,515 [WARNING] [MT5Client]: Symbol 'BTCUSD' not found on broker
2026-08-16 21:26:03,998 [WARNING] [MT5Client]: Symbol 'BTCUSD' not found on broker
2026-08-16 21:26:10,539 [WARNING] [MT5Client]: Symbol 'BTCUSD' not found on broker
2026-08-16 21:26:19,030 [WARNING] [MT5Client]: Symbol 'BTCUSD' not found on broker
2026-08-16 21:26:25,563 [WARNING] [MT5Client]: Symbol 'BTCUSD' not found on broker
2026-08-16 21:26:34,059 [WARNING] [MT5Client]: Symbol 'BTCUSD' not found on broker
2026-08-16 21:26:40,585 [WARNING] [MT5Client]: Symbol 'BTCUSD' not found on broker
2026-08-16 21:26:49,088 [WARNING] [MT5Client]: Symbol 'BTCUSD' not found on broker
2026-08-16 21:26:55,609 [WARNING] [MT5Client]: Symbol 'BTCUSD' not found on broker
2026-08-16 21:27:04,113 [WARNING] [MT5Client]: Symbol 'BTCUSD' not found on broker
2026-08-16 21:27:10,637 [WARNING] [MT5Client]: Symbol 'BTCUSD' not found on broker
2026-08-16 21:27:19,143 [WARNING] [MT5Client]: Symbol 'BTCUSD' not found on broker
2026-08-16 21:27:25,661 [WARNING] [MT5Client]: Symbol 'BTCUSD' not found on broker
2026-08-16 21:27:34,170 [WARNING] [MT5Client]: Symbol 'BTCUSD' not found on broker
2026-08-16 21:27:40,687 [WARNING] [MT5Client]: Symbol 'BTCUSD' not found on broker
2026-08-16 21:27:49,195 [WARNING] [MT5Client]: Symbol 'BTCUSD' not found on broker
2026-08-16 21:27:55,716 [WARNING] [MT5Client]: Symbol 'BTCUSD' not found on broker
2026-08-16 21:28:04,216 [WARNING] [MT5Client]: Symbol 'BTCUSD' not found on broker
2026-08-16 21:28:10,739 [WARNING] [MT5Client]: Symbol 'BTCUSD' not found on broker
2026-08-16 21:28:19,238 [WARNING] [MT5Client]: Symbol 'BTCUSD' not found on broker
2026-08-16 21:28:25,764 [WARNING] [MT5Client]: Symbol 'BTCUSD' not found on broker
2026-08-16 21:28:34,262 [WARNING] [MT5Client]: Symbol 'BTCUSD' not found on broker
2026-08-16 21:28:40,789 [WARNING] [MT5Client]: Symbol 'BTCUSD' not found on broker
2026-08-16 21:28:49,285 [WARNING] [MT5Client]: Symbol 'BTCUSD' not found on broker
2026-08-16 21:28:55,814 [WARNING] [MT5Client]: Symbol 'BTCUSD' not found on broker
2026-08-16 21:29:04,306 [WARNING] [MT5Client]: Symbol 'BTCUSD' not found on broker
2026-08-16 21:29:10,843 [WARNING] [MT5Client]: Symbol 'BTCUSD' not found on broker
2026-08-16 21:29:19,330 [WARNING] [MT5Client]: Symbol 'BTCUSD' not found on broker
2026-08-16 21:29:25,864 [WARNING] [MT5Client]: Symbol 'BTCUSD' not found on broker
2026-08-16 21:29:34,353 [WARNING] [MT5Client]: Symbol 'BTCUSD' not found on broker
2026-08-16 21:29:40,887 [WARNING] [MT5Client]: Symbol 'BTCUSD' not found on broker
2026-08-16 21:29:49,377 [WARNING] [MT5Client]: Symbol 'BTCUSD' not found on broker
2026-08-16 21:29:55,913 [WARNING] [MT5Client]: Symbol 'BTCUSD' not found on broker
2026-08-16 21:30:04,409 [WARNING] [MT5Client]: Symbol 'BTCUSD' not found on broker
2026-08-16 21:30:10,937 [WARNING] [MT5Client]: Symbol 'BTCUSD' not found on broker
2026-08-16 21:30:19,433 [WARNING] [MT5Client]: Symbol 'BTCUSD' not found on broker
2026-08-16 21:30:25,961 [WARNING] [MT5Client]: Symbol 'BTCUSD' not found on broker
2026-08-16 21:30:34,457 [WARNING] [MT5Client]: Symbol 'BTCUSD' not found on broker
2026-08-16 21:30:40,982 [WARNING] [MT5Client]: Symbol 'BTCUSD' not found on broker
2026-08-16 21:30:49,479 [WARNING] [MT5Client]: Symbol 'BTCUSD' not found on broker
2026-08-16 21:30:56,004 [WARNING] [MT5Client]: Symbol 'BTCUSD' not found on broker
2026-08-16 21:31:04,503 [WARNING] [MT5Client]: Symbol 'BTCUSD' not found on broker
2026-08-16 21:31:11,028 [WARNING] [MT5Client]: Symbol 'BTCUSD' not found on broker
2026-08-16 21:31:19,526 [WARNING] [MT5Client]: Symbol 'BTCUSD' not found on broker
2026-08-16 21:31:26,053 [WARNING] [MT5Client]: Symbol 'BTCUSD' not found on broker
2026-08-16 21:31:34,549 [WARNING] [MT5Client]: Symbol 'BTCUSD' not found on broker
2026-08-16 21:31:41,075 [WARNING] [MT5Client]: Symbol 'BTCUSD' not found on broker
2026-08-16 21:31:49,573 [WARNING] [MT5Client]: Symbol 'BTCUSD' not found on broker
2026-08-16 21:31:56,100 [WARNING] [MT5Client]: Symbol 'BTCUSD' not found on broker
2026-08-16 21:32:04,595 [WARNING] [MT5Client]: Symbol 'BTCUSD' not found on broker
2026-08-16 21:32:11,122 [WARNING] [MT5Client]: Symbol 'BTCUSD' not found on broker
2026-08-16 21:32:19,617 [WARNING] [MT5Client]: Symbol 'BTCUSD' not found on broker
2026-08-16 21:32:26,145 [WARNING] [MT5Client]: Symbol 'BTCUSD' not found on broker
2026-08-16 21:32:34,639 [WARNING] [MT5Client]: Symbol 'BTCUSD' not found on broker
2026-08-16 21:32:41,174 [WARNING] [MT5Client]: Symbol 'BTCUSD' not found on broker
2026-08-16 21:32:49,666 [WARNING] [MT5Client]: Symbol 'BTCUSD' not found on broker
2026-08-16 21:32:56,196 [WARNING] [MT5Client]: Symbol 'BTCUSD' not found on broker
2026-08-16 21:33:04,687 [WARNING] [MT5Client]: Symbol 'BTCUSD' not found on broker
2026-08-16 21:33:11,219 [WARNING] [MT5Client]: Symbol 'BTCUSD' not found on broker
2026-08-16 21:33:19,710 [WARNING] [MT5Client]: Symbol 'BTCUSD' not found on broker
2026-08-16 21:33:26,242 [WARNING] [MT5Client]: Symbol 'BTCUSD' not found on broker
2026-08-16 21:33:34,733 [WARNING] [MT5Client]: Symbol 'BTCUSD' not found on broker
2026-08-16 21:33:41,266 [WARNING] [MT5Client]: Symbol 'BTCUSD' not found on broker
2026-08-16 21:33:49,757 [WARNING] [MT5Client]: Symbol 'BTCUSD' not found on broker
2026-08-16 21:33:56,289 [WARNING] [MT5Client]: Symbol 'BTCUSD' not found on broker
2026-08-16 21:34:04,781 [WARNING] [MT5Client]: Symbol 'BTCUSD' not found on broker
2026-08-16 21:34:11,311 [WARNING] [MT5Client]: Symbol 'BTCUSD' not found on broker
2026-08-16 21:34:19,808 [WARNING] [MT5Client]: Symbol 'BTCUSD' not found on broker
2026-08-16 21:34:26,335 [WARNING] [MT5Client]: Symbol 'BTCUSD' not found on broker
2026-08-16 21:34:34,831 [WARNING] [MT5Client]: Symbol 'BTCUSD' not found on broker
2026-08-16 21:34:41,354 [WARNING] [MT5Client]: Symbol 'BTCUSD' not found on broker
2026-08-16 21:34:49,858 [WARNING] [MT5Client]: Symbol 'BTCUSD' not found on broker
2026-08-16 21:34:56,377 [WARNING] [MT5Client]: Symbol 'BTCUSD' not found on broker
2026-08-16 21:35:04,879 [WARNING] [MT5Client]: Symbol 'BTCUSD' not found on broker
2026-08-16 21:35:11,401 [WARNING] [MT5Client]: Symbol 'BTCUSD' not found on broker
2026-08-16 21:35:19,906 [WARNING] [MT5Client]: Symbol 'BTCUSD' not found on broker
2026-08-16 21:35:26,424 [WARNING] [MT5Client]: Symbol 'BTCUSD' not found on broker
2026-08-16 21:35:34,927 [WARNING] [MT5Client]: Symbol 'BTCUSD' not found on broker
2026-08-16 21:35:41,449 [WARNING] [MT5Client]: Symbol 'BTCUSD' not found on broker
2026-08-16 21:35:49,952 [WARNING] [MT5Client]: Symbol 'BTCUSD' not found on broker
2026-08-16 21:35:56,474 [WARNING] [MT5Client]: Symbol 'BTCUSD' not found on broker
2026-08-16 21:36:04,975 [WARNING] [MT5Client]: Symbol 'BTCUSD' not found on broker
2026-08-16 21:36:11,497 [WARNING] [MT5Client]: Symbol 'BTCUSD' not found on broker
2026-08-16 21:36:20,001 [WARNING] [MT5Client]: Symbol 'BTCUSD' not found on broker
2026-08-16 21:36:26,520 [WARNING] [MT5Client]: Symbol 'BTCUSD' not found on broker
2026-08-16 21:36:35,024 [WARNING] [MT5Client]: Symbol 'BTCUSD' not found on broker
2026-08-16 21:36:41,539 [WARNING] [MT5Client]: Symbol 'BTCUSD' not found on broker
2026-08-16 21:36:50,045 [WARNING] [MT5Client]: Symbol 'BTCUSD' not found on broker
2026-08-16 21:36:56,558 [WARNING] [MT5Client]: Symbol 'BTCUSD' not found on broker
2026-08-16 21:37:05,070 [WARNING] [MT5Client]: Symbol 'BTCUSD' not found on broker
2026-08-16 21:37:11,581 [WARNING] [MT5Client]: Symbol 'BTCUSD' not found on broker
2026-08-16 21:37:20,097 [WARNING] [MT5Client]: Symbol 'BTCUSD' not found on broker
2026-08-16 21:37:26,605 [WARNING] [MT5Client]: Symbol 'BTCUSD' not found on broker
2026-08-16 21:37:35,118 [WARNING] [MT5Client]: Symbol 'BTCUSD' not found on broker
2026-08-16 21:37:41,628 [WARNING] [MT5Client]: Symbol 'BTCUSD' not found on broker
2026-08-16 21:37:50,142 [WARNING] [MT5Client]: Symbol 'BTCUSD' not found on broker
2026-08-16 21:37:56,649 [WARNING] [MT5Client]: Symbol 'BTCUSD' not found on broker
2026-08-16 21:38:05,164 [WARNING] [MT5Client]: Symbol 'BTCUSD' not found on broker
2026-08-16 21:38:11,668 [WARNING] [MT5Client]: Symbol 'BTCUSD' not found on broker
2026-08-16 21:38:20,187 [WARNING] [MT5Client]: Symbol 'BTCUSD' not found on broker
2026-08-16 21:38:26,692 [WARNING] [MT5Client]: Symbol 'BTCUSD' not found on broker
2026-08-16 21:38:35,211 [WARNING] [MT5Client]: Symbol 'BTCUSD' not found on broker
2026-08-16 21:38:41,715 [WARNING] [MT5Client]: Symbol 'BTCUSD' not found on broker
2026-08-16 21:38:50,237 [WARNING] [MT5Client]: Symbol 'BTCUSD' not found on broker
2026-08-16 21:38:56,738 [WARNING] [MT5Client]: Symbol 'BTCUSD' not found on broker
2026-08-16 21:39:05,261 [WARNING] [MT5Client]: Symbol 'BTCUSD' not found on broker
2026-08-16 21:39:11,758 [WARNING] [MT5Client]: Symbol 'BTCUSD' not found on broker
2026-08-16 21:39:20,283 [WARNING] [MT5Client]: Symbol 'BTCUSD' not found on broker
2026-08-16 21:39:26,781 [WARNING] [MT5Client]: Symbol 'BTCUSD' not found on broker
2026-08-16 21:39:35,313 [WARNING] [MT5Client]: Symbol 'BTCUSD' not found on broker
2026-08-16 21:39:41,805 [WARNING] [MT5Client]: Symbol 'BTCUSD' not found on broker
2026-08-16 21:39:50,339 [WARNING] [MT5Client]: Symbol 'BTCUSD' not found on broker
2026-08-16 21:39:56,829 [WARNING] [MT5Client]: Symbol 'BTCUSD' not found on broker
2026-08-16 21:40:05,360 [WARNING] [MT5Client]: Symbol 'BTCUSD' not found on broker
2026-08-17 08:39:01,998 [INFO] [MT5Client]: Connected to MT5 - Account: 322232156 (Abdul Rahman) | Server: XMGlobal-MT5 8 | Balance: 0.0 USD | Leverage: 1:1000
2026-08-17 08:39:01,999 [WARNING] [MT5Client]: Symbol 'XAUUSD' not found on broker
2026-08-17 08:39:02,340 [INFO] [MT5Client]: Disconnected from MetaTrader 5
2026-08-17 08:39:11,673 [INFO] [MT5Client]: Connected to MT5 - Account: 322232156 (Abdul Rahman) | Server: XMGlobal-MT5 8 | Balance: 0.0 USD | Leverage: 1:1000
2026-08-17 08:39:12,452 [INFO] [MT5Client]: Disconnected from MetaTrader 5
2026-08-17 08:39:17,559 [INFO] [MT5Bot]: Initializing MetaTrader 5 Trading Bot...
2026-08-17 08:39:17,561 [INFO] [MT5Client]: Connected to MT5 - Account: 322232156 (Abdul Rahman) | Server: XMGlobal-MT5 8 | Balance: 0.0 USD | Leverage: 1:1000
2026-08-17 08:39:17,561 [INFO] [MT5Bot]: Logged In: Login #322232156 (Abdul Rahman) | Server: XMGlobal-MT5 8 | Balance: 0.0 USD | Equity: 0.0 USD
2026-08-17 08:39:17,561 [INFO] [MT5Bot]: Target Symbols: GOLD.i#, USDJPY#, GBPUSD#, EURUSD#, BTCUSD# | Timeframe: M15
2026-08-17 08:39:17,562 [INFO] [MT5Bot]: Lot Size: 0.01 (Fixed: True) | Magic: 888001
2026-08-17 08:39:17,562 [INFO] [MT5Bot]: Bot started successfully. Listening for signals...
2026-08-17 08:41:16,034 [INFO] [MT5Client]: Connected to MT5 - Account: 322232156 (Abdul Rahman) | Server: XMGlobal-MT5 8 | Balance: 0.0 USD | Leverage: 1:1000
2026-08-17 08:41:16,171 [WARNING] [MT5Client]: Symbol 'BTC' not found on broker
2026-08-17 08:41:16,171 [INFO] [MT5Client]: Disconnected from MetaTrader 5
2026-08-17 08:41:31,801 [INFO] [MT5Client]: Connected to MT5 - Account: 5054521327 (Abdul Rahman) | Server: MetaQuotes-Demo | Balance: 100000.0 USD | Leverage: 1:100
2026-08-17 08:41:32,039 [INFO] [MT5Client]: Disconnected from MetaTrader 5
2026-08-17 08:41:37,071 [INFO] [MT5Bot]: Initializing MetaTrader 5 Trading Bot...
2026-08-17 08:41:37,073 [INFO] [MT5Client]: Connected to MT5 - Account: 5054521327 (Abdul Rahman) | Server: MetaQuotes-Demo | Balance: 100000.0 USD | Leverage: 1:100
2026-08-17 08:41:37,073 [INFO] [MT5Bot]: Logged In: Login #5054521327 (Abdul Rahman) | Server: MetaQuotes-Demo | Balance: 100000.0 USD | Equity: 100000.0 USD
2026-08-17 08:41:37,073 [INFO] [MT5Bot]: Target Symbols: EURUSD, GBPUSD, USDJPY, BTC | Timeframe: M15
2026-08-17 08:41:37,073 [INFO] [MT5Bot]: Lot Size: 0.01 (Fixed: True) | Magic: 888001
2026-08-17 08:41:37,073 [INFO] [MT5Bot]: Bot started successfully. Listening for signals...
