2026-08-04 09:26:33 | INFO     | TradingBot.TradeJournal | Trade journal database initialised at data/test_trades.db
2026-08-04 09:26:34 | INFO     | TradingBot.KiteClient | KiteClient initialised | mode=paper
2026-08-04 09:26:34 | INFO     | TradingBot.RiskManager | RiskManager | capital=₹100,000 | risk/trade=1.5% | max_daily_loss=4.0%
2026-08-04 09:26:34 | INFO     | TradingBot.StrategyRunner | Loaded strategies: ['ema_crossover', 'rsi', 'vwap', 'supertrend']
2026-08-04 09:26:34 | INFO     | TradingBot.StrategyRunner | StrategyRunner ready | 4 strategies | 10 symbols | interval=5minute
2026-08-04 09:26:34 | INFO     | TradingBot.TradeJournal | ENTRY logged | BUY TEST x10 @ 500.00 | id=1
2026-08-04 09:26:34 | INFO     | TradingBot.TradeJournal | EXIT logged | id=1 | exit=510.00 | P&L=100.00 | TARGET_HIT
2026-08-04 09:27:25 | INFO     | TradingBot.TradeJournal | Trade journal database initialised at data/test2.db
2026-08-04 09:27:25 | INFO     | TradingBot.KiteClient | KiteClient initialised | mode=paper
2026-08-04 09:27:25 | INFO     | TradingBot.RiskManager | RiskManager | capital=INR 100,000 | risk/trade=1.5% | max_daily_loss=4.0%
2026-08-04 09:27:25 | INFO     | TradingBot.StrategyRunner | Loaded strategies: ['ema_crossover', 'rsi', 'vwap', 'supertrend']
2026-08-04 09:27:25 | INFO     | TradingBot.StrategyRunner | StrategyRunner ready | 4 strategies | 10 symbols | interval=5minute
2026-08-04 09:27:25 | INFO     | TradingBot.TradeJournal | ENTRY logged | BUY RELIANCE x5 @ 2500.00 | id=1
2026-08-04 09:27:25 | INFO     | TradingBot.TradeJournal | EXIT logged | id=1 | exit=2540.00 | P&L=200.00 | TARGET_HIT
2026-08-04 09:29:23 | INFO     | TradingBot.Main | Starting Trading Bot | mode=PAPER | date=2026-08-04
2026-08-04 09:29:24 | INFO     | TradingBot.KiteClient | KiteClient initialised | mode=paper
2026-08-04 09:29:24 | INFO     | TradingBot.TradeJournal | Trade journal database initialised at data/trades.db
2026-08-04 09:29:24 | INFO     | TradingBot.RiskManager | RiskManager | capital=INR 100,000 | risk/trade=1.5% | max_daily_loss=4.0%
2026-08-04 09:29:24 | INFO     | TradingBot.StrategyRunner | Loaded strategies: ['ema_crossover', 'rsi', 'vwap', 'supertrend']
2026-08-04 09:29:24 | INFO     | TradingBot.StrategyRunner | StrategyRunner ready | 4 strategies | 10 symbols | interval=5minute
2026-08-04 09:29:50 | INFO     | TradingBot.Main | Starting Trading Bot | mode=PAPER | date=2026-08-04
2026-08-04 09:29:51 | INFO     | TradingBot.KiteClient | KiteClient initialised | mode=paper
2026-08-04 09:29:51 | INFO     | TradingBot.TradeJournal | Trade journal database initialised at data/trades.db
2026-08-04 09:29:51 | INFO     | TradingBot.RiskManager | RiskManager | capital=INR 100,000 | risk/trade=1.5% | max_daily_loss=4.0%
2026-08-04 09:29:51 | INFO     | TradingBot.StrategyRunner | Loaded strategies: ['ema_crossover', 'rsi', 'vwap', 'supertrend']
2026-08-04 09:29:51 | INFO     | TradingBot.StrategyRunner | StrategyRunner ready | 4 strategies | 10 symbols | interval=5minute
2026-08-04 09:29:51 | INFO     | TradingBot.Dashboard | Dashboard initialised and connected to engine.
2026-08-04 09:29:51 | INFO     | TradingBot.Dashboard | Dashboard starting at http://localhost:5000
2026-08-04 09:29:51 | INFO     | TradingBot.Main | ✓ Dashboard running at http://localhost:5000
2026-08-04 09:29:51 | INFO     | TradingBot.Main | ✓ Market is OPEN. Starting bot immediately.
2026-08-04 09:29:51 | INFO     | TradingBot.StrategyRunner | Main trading loop started. Tick every 300s.
2026-08-04 09:29:51 | INFO     | TradingBot.StrategyRunner | ── Scan cycle | 09:29:51 | mode=paper ──
2026-08-04 09:29:51 | INFO     | TradingBot.StrategyRunner | ▶ Strategy runner started (mode=paper)
2026-08-04 09:29:51 | INFO     | TradingBot.Main | Bot running. Press Ctrl+C to stop.
2026-08-04 09:29:51 | WARNING  | TradingBot.KiteClient | Kite not connected. Returning empty DataFrame.
2026-08-04 09:29:51 | WARNING  | TradingBot.KiteClient | Kite not connected. Returning empty DataFrame.
2026-08-04 09:29:51 | WARNING  | TradingBot.KiteClient | Kite not connected. Returning empty DataFrame.
2026-08-04 09:29:51 | WARNING  | TradingBot.KiteClient | Kite not connected. Returning empty DataFrame.
2026-08-04 09:29:51 | WARNING  | TradingBot.KiteClient | Kite not connected. Returning empty DataFrame.
2026-08-04 09:29:51 | WARNING  | TradingBot.KiteClient | Kite not connected. Returning empty DataFrame.
2026-08-04 09:29:51 | WARNING  | TradingBot.KiteClient | Kite not connected. Returning empty DataFrame.
2026-08-04 09:29:51 | WARNING  | TradingBot.KiteClient | Kite not connected. Returning empty DataFrame.
2026-08-04 09:29:51 | WARNING  | TradingBot.KiteClient | Kite not connected. Returning empty DataFrame.
2026-08-04 09:29:51 | WARNING  | TradingBot.KiteClient | Kite not connected. Returning empty DataFrame.
2026-08-04 09:30:28 | WARNING  | TradingBot.StrategyRunner | Runner already running.
2026-08-04 09:30:28 | INFO     | TradingBot.Dashboard | Bot started via dashboard
2026-08-04 09:34:51 | INFO     | TradingBot.StrategyRunner | ── Scan cycle | 09:34:51 | mode=paper ──
2026-08-04 09:34:51 | WARNING  | TradingBot.KiteClient | Kite not connected. Returning empty DataFrame.
2026-08-04 09:34:51 | WARNING  | TradingBot.KiteClient | Kite not connected. Returning empty DataFrame.
2026-08-04 09:34:51 | WARNING  | TradingBot.KiteClient | Kite not connected. Returning empty DataFrame.
2026-08-04 09:34:51 | WARNING  | TradingBot.KiteClient | Kite not connected. Returning empty DataFrame.
2026-08-04 09:34:51 | WARNING  | TradingBot.KiteClient | Kite not connected. Returning empty DataFrame.
2026-08-04 09:34:51 | WARNING  | TradingBot.KiteClient | Kite not connected. Returning empty DataFrame.
2026-08-04 09:34:51 | WARNING  | TradingBot.KiteClient | Kite not connected. Returning empty DataFrame.
2026-08-04 09:34:51 | WARNING  | TradingBot.KiteClient | Kite not connected. Returning empty DataFrame.
2026-08-04 09:34:51 | WARNING  | TradingBot.KiteClient | Kite not connected. Returning empty DataFrame.
2026-08-04 09:34:51 | WARNING  | TradingBot.KiteClient | Kite not connected. Returning empty DataFrame.
2026-08-04 09:39:51 | INFO     | TradingBot.StrategyRunner | ── Scan cycle | 09:39:51 | mode=paper ──
2026-08-04 09:39:51 | WARNING  | TradingBot.KiteClient | Kite not connected. Returning empty DataFrame.
2026-08-04 09:39:51 | WARNING  | TradingBot.KiteClient | Kite not connected. Returning empty DataFrame.
2026-08-04 09:39:51 | WARNING  | TradingBot.KiteClient | Kite not connected. Returning empty DataFrame.
2026-08-04 09:39:51 | WARNING  | TradingBot.KiteClient | Kite not connected. Returning empty DataFrame.
2026-08-04 09:39:51 | WARNING  | TradingBot.KiteClient | Kite not connected. Returning empty DataFrame.
2026-08-04 09:39:51 | WARNING  | TradingBot.KiteClient | Kite not connected. Returning empty DataFrame.
2026-08-04 09:39:51 | WARNING  | TradingBot.KiteClient | Kite not connected. Returning empty DataFrame.
2026-08-04 09:39:51 | WARNING  | TradingBot.KiteClient | Kite not connected. Returning empty DataFrame.
2026-08-04 09:39:51 | WARNING  | TradingBot.KiteClient | Kite not connected. Returning empty DataFrame.
2026-08-04 09:39:51 | WARNING  | TradingBot.KiteClient | Kite not connected. Returning empty DataFrame.
2026-08-04 09:44:51 | INFO     | TradingBot.StrategyRunner | ── Scan cycle | 09:44:51 | mode=paper ──
2026-08-04 09:44:51 | WARNING  | TradingBot.KiteClient | Kite not connected. Returning empty DataFrame.
2026-08-04 09:44:51 | WARNING  | TradingBot.KiteClient | Kite not connected. Returning empty DataFrame.
2026-08-04 09:44:51 | WARNING  | TradingBot.KiteClient | Kite not connected. Returning empty DataFrame.
2026-08-04 09:44:51 | WARNING  | TradingBot.KiteClient | Kite not connected. Returning empty DataFrame.
2026-08-04 09:44:51 | WARNING  | TradingBot.KiteClient | Kite not connected. Returning empty DataFrame.
2026-08-04 09:44:51 | WARNING  | TradingBot.KiteClient | Kite not connected. Returning empty DataFrame.
2026-08-04 09:44:51 | WARNING  | TradingBot.KiteClient | Kite not connected. Returning empty DataFrame.
2026-08-04 09:44:51 | WARNING  | TradingBot.KiteClient | Kite not connected. Returning empty DataFrame.
2026-08-04 09:44:51 | WARNING  | TradingBot.KiteClient | Kite not connected. Returning empty DataFrame.
2026-08-04 09:44:51 | WARNING  | TradingBot.KiteClient | Kite not connected. Returning empty DataFrame.
2026-08-04 09:49:51 | INFO     | TradingBot.StrategyRunner | ── Scan cycle | 09:49:51 | mode=paper ──
2026-08-04 09:49:51 | WARNING  | TradingBot.KiteClient | Kite not connected. Returning empty DataFrame.
2026-08-04 09:49:51 | WARNING  | TradingBot.KiteClient | Kite not connected. Returning empty DataFrame.
2026-08-04 09:49:51 | WARNING  | TradingBot.KiteClient | Kite not connected. Returning empty DataFrame.
2026-08-04 09:49:51 | WARNING  | TradingBot.KiteClient | Kite not connected. Returning empty DataFrame.
2026-08-04 09:49:51 | WARNING  | TradingBot.KiteClient | Kite not connected. Returning empty DataFrame.
2026-08-04 09:49:51 | WARNING  | TradingBot.KiteClient | Kite not connected. Returning empty DataFrame.
2026-08-04 09:49:51 | WARNING  | TradingBot.KiteClient | Kite not connected. Returning empty DataFrame.
2026-08-04 09:49:51 | WARNING  | TradingBot.KiteClient | Kite not connected. Returning empty DataFrame.
2026-08-04 09:49:51 | WARNING  | TradingBot.KiteClient | Kite not connected. Returning empty DataFrame.
2026-08-04 09:49:51 | WARNING  | TradingBot.KiteClient | Kite not connected. Returning empty DataFrame.
2026-08-04 09:54:51 | INFO     | TradingBot.StrategyRunner | ── Scan cycle | 09:54:51 | mode=paper ──
2026-08-04 09:54:51 | WARNING  | TradingBot.KiteClient | Kite not connected. Returning empty DataFrame.
2026-08-04 09:54:51 | WARNING  | TradingBot.KiteClient | Kite not connected. Returning empty DataFrame.
2026-08-04 09:54:51 | WARNING  | TradingBot.KiteClient | Kite not connected. Returning empty DataFrame.
2026-08-04 09:54:51 | WARNING  | TradingBot.KiteClient | Kite not connected. Returning empty DataFrame.
2026-08-04 09:54:51 | WARNING  | TradingBot.KiteClient | Kite not connected. Returning empty DataFrame.
2026-08-04 09:54:51 | WARNING  | TradingBot.KiteClient | Kite not connected. Returning empty DataFrame.
2026-08-04 09:54:51 | WARNING  | TradingBot.KiteClient | Kite not connected. Returning empty DataFrame.
2026-08-04 09:54:51 | WARNING  | TradingBot.KiteClient | Kite not connected. Returning empty DataFrame.
2026-08-04 09:54:51 | WARNING  | TradingBot.KiteClient | Kite not connected. Returning empty DataFrame.
2026-08-04 09:54:51 | WARNING  | TradingBot.KiteClient | Kite not connected. Returning empty DataFrame.
2026-08-04 09:56:47 | INFO     | TradingBot.Main | DEMO MODE active — using simulated market data
2026-08-04 09:56:47 | INFO     | TradingBot.Main | Starting Trading Bot | mode=PAPER | date=2026-08-04
2026-08-04 09:56:48 | INFO     | TradingBot.DemoFeed | DemoMarket initialised | 10 symbols | candle every 30s
2026-08-04 09:56:48 | INFO     | TradingBot.Main | Demo feed ready — candles every 30 seconds
2026-08-04 09:56:48 | INFO     | TradingBot.KiteClient | KiteClient initialised | mode=paper | DEMO FEED ACTIVE
2026-08-04 09:56:48 | INFO     | TradingBot.TradeJournal | Trade journal database initialised at data/trades.db
2026-08-04 09:56:48 | INFO     | TradingBot.RiskManager | RiskManager | capital=INR 100,000 | risk/trade=1.5% | max_daily_loss=4.0%
2026-08-04 09:56:48 | INFO     | TradingBot.StrategyRunner | Loaded strategies: ['ema_crossover', 'rsi', 'vwap', 'supertrend']
2026-08-04 09:56:48 | INFO     | TradingBot.StrategyRunner | StrategyRunner ready | 4 strategies | 10 symbols | interval=demo
2026-08-04 09:56:48 | INFO     | TradingBot.Main | Demo: scan interval set to 30 seconds
2026-08-04 09:56:49 | INFO     | TradingBot.Dashboard | Dashboard initialised and connected to engine.
2026-08-04 09:56:49 | INFO     | TradingBot.Dashboard | Dashboard starting at http://localhost:5000
2026-08-04 09:56:49 | INFO     | TradingBot.Main | ✓ Dashboard running at http://localhost:5000
2026-08-04 09:56:49 | INFO     | TradingBot.Main | Demo mode: bypassing market hours check
2026-08-04 09:56:49 | INFO     | TradingBot.StrategyRunner | Main trading loop started. Tick every 30s.
2026-08-04 09:56:49 | INFO     | TradingBot.StrategyRunner | ── Scan cycle | 09:56:49 | mode=paper ──
2026-08-04 09:56:49 | INFO     | TradingBot.StrategyRunner | ▶ Strategy runner started (mode=paper)
2026-08-04 09:56:49 | INFO     | TradingBot.Main | Bot running. Press Ctrl+C to stop.
2026-08-04 09:56:49 | INFO     | TradingBot.StrategyRunner | 📶 Signal: [vwap] BUY AXISBANK @ 1145.09 | SL=1131.31 | TGT=1172.65 | R:R=2.0
2026-08-04 09:56:49 | INFO     | TradingBot.RiskManager | Position size | AXISBANK | qty=17 | risk=₹1500.00 | risk/share=13.78
2026-08-04 09:56:49 | INFO     | TradingBot.OrderManager | → Placing BUY order | AXISBANK x17 @ 1145.09 | SL=1131.31 | TGT=1172.65
2026-08-04 09:56:49 | INFO     | TradingBot.KiteClient | [PAPER] MARKET ORDER → BUY AXISBANK x17 on NSE
2026-08-04 09:56:49 | INFO     | TradingBot.KiteClient | Paper order placed. id=PAPER_AXISBANK_1785817609
2026-08-04 09:56:49 | INFO     | TradingBot.TradeJournal | ENTRY logged | BUY AXISBANK x17 @ 1145.09 | id=1
2026-08-04 09:56:49 | INFO     | TradingBot.OrderManager | ✓ Trade opened | id=1 | BUY AXISBANK x17
2026-08-04 09:57:19 | INFO     | TradingBot.StrategyRunner | ── Scan cycle | 09:57:19 | mode=paper ──
2026-08-04 09:57:49 | INFO     | TradingBot.StrategyRunner | ── Scan cycle | 09:57:49 | mode=paper ──
2026-08-04 09:58:20 | INFO     | TradingBot.StrategyRunner | ── Scan cycle | 09:58:20 | mode=paper ──
2026-08-04 09:58:20 | INFO     | TradingBot.StrategyRunner | 📶 Signal: [supertrend] BUY TCS @ 3964.47 | SL=3935.87 | TGT=4021.67 | R:R=2.0
2026-08-04 09:58:20 | INFO     | TradingBot.RiskManager | Position size | TCS | qty=5 | risk=₹1500.00 | risk/share=28.60
2026-08-04 09:58:20 | INFO     | TradingBot.OrderManager | → Placing BUY order | TCS x5 @ 3964.47 | SL=3935.87 | TGT=4021.67
2026-08-04 09:58:20 | INFO     | TradingBot.KiteClient | [PAPER] MARKET ORDER → BUY TCS x5 on NSE
2026-08-04 09:58:20 | INFO     | TradingBot.KiteClient | Paper order placed. id=PAPER_TCS_1785817700
2026-08-04 09:58:20 | INFO     | TradingBot.TradeJournal | ENTRY logged | BUY TCS x5 @ 3964.47 | id=2
2026-08-04 09:58:20 | INFO     | TradingBot.OrderManager | ✓ Trade opened | id=2 | BUY TCS x5
2026-08-04 09:58:20 | INFO     | TradingBot.StrategyRunner | 📶 Signal: [ema_crossover] SELL TATAMOTORS @ 1030.73 | SL=1042.67 | TGT=1006.84 | R:R=2.0
2026-08-04 09:58:20 | INFO     | TradingBot.RiskManager | Position size | TATAMOTORS | qty=19 | risk=₹1500.00 | risk/share=11.94
2026-08-04 09:58:20 | INFO     | TradingBot.OrderManager | → Placing SELL order | TATAMOTORS x19 @ 1030.73 | SL=1042.67 | TGT=1006.84
2026-08-04 09:58:20 | INFO     | TradingBot.KiteClient | [PAPER] MARKET ORDER → SELL TATAMOTORS x19 on NSE
2026-08-04 09:58:20 | INFO     | TradingBot.KiteClient | Paper order placed. id=PAPER_TATAMOTORS_1785817700
2026-08-04 09:58:20 | INFO     | TradingBot.TradeJournal | ENTRY logged | SELL TATAMOTORS x19 @ 1030.73 | id=3
2026-08-04 09:58:20 | INFO     | TradingBot.OrderManager | ✓ Trade opened | id=3 | SELL TATAMOTORS x19
2026-08-04 09:58:50 | INFO     | TradingBot.StrategyRunner | ── Scan cycle | 09:58:50 | mode=paper ──
2026-08-04 09:58:50 | INFO     | TradingBot.StrategyRunner | New entry blocked: Max open positions (3) reached
2026-08-04 09:59:20 | INFO     | TradingBot.StrategyRunner | ── Scan cycle | 09:59:20 | mode=paper ──
2026-08-04 09:59:20 | INFO     | TradingBot.StrategyRunner | New entry blocked: Max open positions (3) reached
2026-08-04 09:59:50 | INFO     | TradingBot.StrategyRunner | ── Scan cycle | 09:59:50 | mode=paper ──
2026-08-04 09:59:50 | INFO     | TradingBot.StrategyRunner | New entry blocked: Max open positions (3) reached
2026-08-04 09:59:51 | INFO     | TradingBot.StrategyRunner | ── Scan cycle | 09:59:51 | mode=paper ──
2026-08-04 09:59:51 | INFO     | TradingBot.StrategyRunner | New entry blocked: Max open positions (3) reached
2026-08-04 10:00:20 | INFO     | TradingBot.StrategyRunner | ── Scan cycle | 10:00:20 | mode=paper ──
2026-08-04 10:00:20 | INFO     | TradingBot.StrategyRunner | New entry blocked: Max open positions (3) reached
2026-08-04 10:00:50 | INFO     | TradingBot.StrategyRunner | ── Scan cycle | 10:00:50 | mode=paper ──
2026-08-04 10:00:50 | INFO     | TradingBot.StrategyRunner | New entry blocked: Max open positions (3) reached
2026-08-04 10:01:20 | INFO     | TradingBot.StrategyRunner | ── Scan cycle | 10:01:20 | mode=paper ──
2026-08-04 10:01:20 | INFO     | TradingBot.StrategyRunner | New entry blocked: Max open positions (3) reached
2026-08-04 10:01:50 | INFO     | TradingBot.StrategyRunner | ── Scan cycle | 10:01:50 | mode=paper ──
2026-08-04 10:01:50 | INFO     | TradingBot.StrategyRunner | New entry blocked: Max open positions (3) reached
2026-08-04 10:02:20 | INFO     | TradingBot.StrategyRunner | ── Scan cycle | 10:02:20 | mode=paper ──
2026-08-04 10:02:20 | INFO     | TradingBot.StrategyRunner | New entry blocked: Max open positions (3) reached
2026-08-04 10:02:50 | INFO     | TradingBot.StrategyRunner | ── Scan cycle | 10:02:50 | mode=paper ──
2026-08-04 10:02:50 | INFO     | TradingBot.StrategyRunner | New entry blocked: Max open positions (3) reached
2026-08-04 10:03:20 | INFO     | TradingBot.StrategyRunner | ── Scan cycle | 10:03:20 | mode=paper ──
2026-08-04 10:03:20 | INFO     | TradingBot.StrategyRunner | New entry blocked: Max open positions (3) reached
2026-08-04 10:03:50 | INFO     | TradingBot.StrategyRunner | ── Scan cycle | 10:03:50 | mode=paper ──
2026-08-04 10:03:50 | INFO     | TradingBot.StrategyRunner | New entry blocked: Max open positions (3) reached
2026-08-04 10:04:04 | WARNING  | TradingBot.StrategyRunner | Runner already running.
2026-08-04 10:04:04 | INFO     | TradingBot.Dashboard | Bot started via dashboard
2026-08-04 10:04:20 | INFO     | TradingBot.StrategyRunner | ── Scan cycle | 10:04:20 | mode=paper ──
2026-08-04 10:04:20 | INFO     | TradingBot.StrategyRunner | New entry blocked: Max open positions (3) reached
2026-08-04 10:04:50 | INFO     | TradingBot.StrategyRunner | ── Scan cycle | 10:04:50 | mode=paper ──
2026-08-04 10:04:50 | INFO     | TradingBot.StrategyRunner | New entry blocked: Max open positions (3) reached
2026-08-04 10:04:51 | INFO     | TradingBot.StrategyRunner | ── Scan cycle | 10:04:51 | mode=paper ──
2026-08-04 10:04:51 | INFO     | TradingBot.StrategyRunner | New entry blocked: Max open positions (3) reached
2026-08-04 10:05:20 | INFO     | TradingBot.StrategyRunner | ── Scan cycle | 10:05:20 | mode=paper ──
2026-08-04 10:05:20 | INFO     | TradingBot.StrategyRunner | New entry blocked: Max open positions (3) reached
2026-08-04 10:05:50 | INFO     | TradingBot.StrategyRunner | ── Scan cycle | 10:05:50 | mode=paper ──
2026-08-04 10:05:50 | INFO     | TradingBot.StrategyRunner | New entry blocked: Max open positions (3) reached
2026-08-04 10:06:20 | INFO     | TradingBot.StrategyRunner | ── Scan cycle | 10:06:20 | mode=paper ──
2026-08-04 10:06:20 | INFO     | TradingBot.StrategyRunner | New entry blocked: Max open positions (3) reached
2026-08-04 10:06:50 | INFO     | TradingBot.StrategyRunner | ── Scan cycle | 10:06:50 | mode=paper ──
2026-08-04 10:06:50 | INFO     | TradingBot.StrategyRunner | New entry blocked: Max open positions (3) reached
2026-08-04 10:07:20 | INFO     | TradingBot.StrategyRunner | ── Scan cycle | 10:07:20 | mode=paper ──
2026-08-04 10:07:20 | INFO     | TradingBot.StrategyRunner | New entry blocked: Max open positions (3) reached
2026-08-04 10:07:50 | INFO     | TradingBot.StrategyRunner | ── Scan cycle | 10:07:50 | mode=paper ──
2026-08-04 10:07:50 | INFO     | TradingBot.StrategyRunner | New entry blocked: Max open positions (3) reached
2026-08-04 10:08:20 | INFO     | TradingBot.StrategyRunner | ── Scan cycle | 10:08:20 | mode=paper ──
2026-08-04 10:08:20 | INFO     | TradingBot.StrategyRunner | New entry blocked: Max open positions (3) reached
2026-08-04 10:08:50 | INFO     | TradingBot.StrategyRunner | ── Scan cycle | 10:08:50 | mode=paper ──
2026-08-04 10:08:50 | INFO     | TradingBot.StrategyRunner | New entry blocked: Max open positions (3) reached
2026-08-04 10:09:20 | INFO     | TradingBot.StrategyRunner | ── Scan cycle | 10:09:20 | mode=paper ──
2026-08-04 10:09:20 | INFO     | TradingBot.StrategyRunner | New entry blocked: Max open positions (3) reached
2026-08-04 10:09:50 | INFO     | TradingBot.StrategyRunner | ── Scan cycle | 10:09:50 | mode=paper ──
2026-08-04 10:09:50 | INFO     | TradingBot.StrategyRunner | New entry blocked: Max open positions (3) reached
2026-08-04 10:09:51 | INFO     | TradingBot.StrategyRunner | ── Scan cycle | 10:09:51 | mode=paper ──
2026-08-04 10:09:51 | INFO     | TradingBot.StrategyRunner | New entry blocked: Max open positions (3) reached
2026-08-04 10:10:20 | INFO     | TradingBot.StrategyRunner | ── Scan cycle | 10:10:20 | mode=paper ──
2026-08-04 10:10:20 | INFO     | TradingBot.StrategyRunner | New entry blocked: Max open positions (3) reached
2026-08-04 10:10:50 | INFO     | TradingBot.StrategyRunner | ── Scan cycle | 10:10:50 | mode=paper ──
2026-08-04 10:10:50 | INFO     | TradingBot.StrategyRunner | New entry blocked: Max open positions (3) reached
2026-08-04 10:11:20 | INFO     | TradingBot.StrategyRunner | ── Scan cycle | 10:11:20 | mode=paper ──
2026-08-04 10:11:20 | INFO     | TradingBot.StrategyRunner | New entry blocked: Max open positions (3) reached
2026-08-04 10:11:50 | INFO     | TradingBot.StrategyRunner | ── Scan cycle | 10:11:50 | mode=paper ──
2026-08-04 10:11:50 | INFO     | TradingBot.StrategyRunner | New entry blocked: Max open positions (3) reached
2026-08-04 10:12:20 | INFO     | TradingBot.StrategyRunner | ── Scan cycle | 10:12:20 | mode=paper ──
2026-08-04 10:12:20 | INFO     | TradingBot.StrategyRunner | New entry blocked: Max open positions (3) reached
2026-08-04 10:12:50 | INFO     | TradingBot.StrategyRunner | ── Scan cycle | 10:12:50 | mode=paper ──
2026-08-04 10:12:50 | INFO     | TradingBot.StrategyRunner | New entry blocked: Max open positions (3) reached
2026-08-04 10:13:20 | INFO     | TradingBot.StrategyRunner | ── Scan cycle | 10:13:20 | mode=paper ──
2026-08-04 10:13:20 | INFO     | TradingBot.StrategyRunner | New entry blocked: Max open positions (3) reached
2026-08-04 10:13:50 | INFO     | TradingBot.StrategyRunner | ── Scan cycle | 10:13:50 | mode=paper ──
2026-08-04 10:13:50 | INFO     | TradingBot.StrategyRunner | New entry blocked: Max open positions (3) reached
2026-08-04 10:14:20 | INFO     | TradingBot.StrategyRunner | ── Scan cycle | 10:14:20 | mode=paper ──
2026-08-04 10:14:20 | INFO     | TradingBot.StrategyRunner | New entry blocked: Max open positions (3) reached
2026-08-04 10:14:50 | INFO     | TradingBot.StrategyRunner | ── Scan cycle | 10:14:50 | mode=paper ──
2026-08-04 10:14:50 | INFO     | TradingBot.StrategyRunner | New entry blocked: Max open positions (3) reached
2026-08-04 10:14:51 | INFO     | TradingBot.StrategyRunner | ── Scan cycle | 10:14:51 | mode=paper ──
2026-08-04 10:14:51 | INFO     | TradingBot.StrategyRunner | New entry blocked: Max open positions (3) reached
2026-08-04 10:15:20 | INFO     | TradingBot.StrategyRunner | ── Scan cycle | 10:15:20 | mode=paper ──
2026-08-04 10:15:20 | INFO     | TradingBot.StrategyRunner | New entry blocked: Max open positions (3) reached
2026-08-04 10:15:50 | INFO     | TradingBot.StrategyRunner | ── Scan cycle | 10:15:50 | mode=paper ──
2026-08-04 10:15:50 | INFO     | TradingBot.StrategyRunner | New entry blocked: Max open positions (3) reached
2026-08-04 10:16:20 | INFO     | TradingBot.StrategyRunner | ── Scan cycle | 10:16:20 | mode=paper ──
2026-08-04 10:16:20 | INFO     | TradingBot.StrategyRunner | New entry blocked: Max open positions (3) reached
2026-08-04 10:16:50 | INFO     | TradingBot.StrategyRunner | ── Scan cycle | 10:16:50 | mode=paper ──
2026-08-04 10:16:50 | INFO     | TradingBot.StrategyRunner | New entry blocked: Max open positions (3) reached
2026-08-04 10:17:20 | INFO     | TradingBot.StrategyRunner | ── Scan cycle | 10:17:20 | mode=paper ──
2026-08-04 10:17:20 | INFO     | TradingBot.StrategyRunner | New entry blocked: Max open positions (3) reached
2026-08-04 10:17:50 | INFO     | TradingBot.StrategyRunner | ── Scan cycle | 10:17:50 | mode=paper ──
2026-08-04 10:17:50 | INFO     | TradingBot.StrategyRunner | New entry blocked: Max open positions (3) reached
2026-08-04 10:18:20 | INFO     | TradingBot.StrategyRunner | ── Scan cycle | 10:18:20 | mode=paper ──
2026-08-04 10:18:20 | INFO     | TradingBot.StrategyRunner | New entry blocked: Max open positions (3) reached
2026-08-04 10:18:50 | INFO     | TradingBot.StrategyRunner | ── Scan cycle | 10:18:50 | mode=paper ──
2026-08-04 10:18:50 | INFO     | TradingBot.StrategyRunner | New entry blocked: Max open positions (3) reached
2026-08-04 10:19:20 | INFO     | TradingBot.StrategyRunner | ── Scan cycle | 10:19:20 | mode=paper ──
2026-08-04 10:19:20 | INFO     | TradingBot.StrategyRunner | New entry blocked: Max open positions (3) reached
2026-08-04 10:19:50 | INFO     | TradingBot.StrategyRunner | ── Scan cycle | 10:19:50 | mode=paper ──
2026-08-04 10:19:50 | INFO     | TradingBot.StrategyRunner | New entry blocked: Max open positions (3) reached
2026-08-04 10:19:51 | INFO     | TradingBot.StrategyRunner | ── Scan cycle | 10:19:51 | mode=paper ──
2026-08-04 10:19:51 | INFO     | TradingBot.StrategyRunner | New entry blocked: Max open positions (3) reached
2026-08-04 10:20:20 | INFO     | TradingBot.StrategyRunner | ── Scan cycle | 10:20:20 | mode=paper ──
2026-08-04 10:20:20 | INFO     | TradingBot.StrategyRunner | New entry blocked: Max open positions (3) reached
2026-08-04 10:20:50 | INFO     | TradingBot.StrategyRunner | ── Scan cycle | 10:20:50 | mode=paper ──
2026-08-04 10:20:50 | INFO     | TradingBot.StrategyRunner | New entry blocked: Max open positions (3) reached
2026-08-04 10:21:20 | INFO     | TradingBot.StrategyRunner | ── Scan cycle | 10:21:20 | mode=paper ──
2026-08-04 10:21:20 | INFO     | TradingBot.StrategyRunner | New entry blocked: Max open positions (3) reached
2026-08-04 10:21:50 | INFO     | TradingBot.StrategyRunner | ── Scan cycle | 10:21:50 | mode=paper ──
2026-08-04 10:21:50 | INFO     | TradingBot.StrategyRunner | New entry blocked: Max open positions (3) reached
2026-08-04 10:22:20 | INFO     | TradingBot.StrategyRunner | ── Scan cycle | 10:22:20 | mode=paper ──
2026-08-04 10:22:20 | INFO     | TradingBot.StrategyRunner | New entry blocked: Max open positions (3) reached
2026-08-04 10:22:50 | INFO     | TradingBot.StrategyRunner | ── Scan cycle | 10:22:50 | mode=paper ──
2026-08-04 10:22:50 | INFO     | TradingBot.StrategyRunner | New entry blocked: Max open positions (3) reached
2026-08-04 10:23:20 | INFO     | TradingBot.StrategyRunner | ── Scan cycle | 10:23:20 | mode=paper ──
2026-08-04 10:23:20 | INFO     | TradingBot.StrategyRunner | New entry blocked: Max open positions (3) reached
2026-08-04 10:23:50 | INFO     | TradingBot.StrategyRunner | ── Scan cycle | 10:23:50 | mode=paper ──
2026-08-04 10:23:50 | INFO     | TradingBot.StrategyRunner | New entry blocked: Max open positions (3) reached
2026-08-04 10:24:20 | INFO     | TradingBot.StrategyRunner | ── Scan cycle | 10:24:20 | mode=paper ──
2026-08-04 10:24:20 | INFO     | TradingBot.StrategyRunner | New entry blocked: Max open positions (3) reached
2026-08-04 10:24:50 | INFO     | TradingBot.StrategyRunner | ── Scan cycle | 10:24:50 | mode=paper ──
2026-08-04 10:24:50 | INFO     | TradingBot.StrategyRunner | New entry blocked: Max open positions (3) reached
2026-08-04 10:24:51 | INFO     | TradingBot.StrategyRunner | ── Scan cycle | 10:24:51 | mode=paper ──
2026-08-04 10:24:51 | INFO     | TradingBot.StrategyRunner | New entry blocked: Max open positions (3) reached
2026-08-04 10:25:20 | INFO     | TradingBot.StrategyRunner | ── Scan cycle | 10:25:20 | mode=paper ──
2026-08-04 10:25:20 | INFO     | TradingBot.StrategyRunner | New entry blocked: Max open positions (3) reached
2026-08-04 10:25:50 | INFO     | TradingBot.StrategyRunner | ── Scan cycle | 10:25:50 | mode=paper ──
2026-08-04 10:25:50 | INFO     | TradingBot.StrategyRunner | New entry blocked: Max open positions (3) reached
2026-08-04 10:26:20 | INFO     | TradingBot.StrategyRunner | ── Scan cycle | 10:26:20 | mode=paper ──
2026-08-04 10:26:20 | INFO     | TradingBot.StrategyRunner | New entry blocked: Max open positions (3) reached
2026-08-04 10:26:50 | INFO     | TradingBot.StrategyRunner | ── Scan cycle | 10:26:50 | mode=paper ──
2026-08-04 10:26:50 | INFO     | TradingBot.StrategyRunner | New entry blocked: Max open positions (3) reached
2026-08-04 10:27:20 | INFO     | TradingBot.StrategyRunner | ── Scan cycle | 10:27:20 | mode=paper ──
2026-08-04 10:27:20 | INFO     | TradingBot.StrategyRunner | New entry blocked: Max open positions (3) reached
2026-08-04 10:27:50 | INFO     | TradingBot.StrategyRunner | ── Scan cycle | 10:27:50 | mode=paper ──
2026-08-04 10:27:50 | INFO     | TradingBot.StrategyRunner | New entry blocked: Max open positions (3) reached
2026-08-04 10:28:20 | INFO     | TradingBot.StrategyRunner | ── Scan cycle | 10:28:20 | mode=paper ──
2026-08-04 10:28:20 | INFO     | TradingBot.StrategyRunner | New entry blocked: Max open positions (3) reached
2026-08-04 10:28:50 | INFO     | TradingBot.StrategyRunner | ── Scan cycle | 10:28:50 | mode=paper ──
2026-08-04 10:28:50 | INFO     | TradingBot.StrategyRunner | New entry blocked: Max open positions (3) reached
2026-08-04 10:29:20 | INFO     | TradingBot.StrategyRunner | ── Scan cycle | 10:29:20 | mode=paper ──
2026-08-04 10:29:20 | INFO     | TradingBot.StrategyRunner | New entry blocked: Max open positions (3) reached
2026-08-04 10:29:50 | INFO     | TradingBot.StrategyRunner | ── Scan cycle | 10:29:50 | mode=paper ──
2026-08-04 10:29:50 | INFO     | TradingBot.StrategyRunner | New entry blocked: Max open positions (3) reached
2026-08-04 10:29:51 | INFO     | TradingBot.StrategyRunner | ── Scan cycle | 10:29:51 | mode=paper ──
2026-08-04 10:29:51 | INFO     | TradingBot.StrategyRunner | New entry blocked: Max open positions (3) reached
2026-08-04 10:30:20 | INFO     | TradingBot.StrategyRunner | ── Scan cycle | 10:30:20 | mode=paper ──
2026-08-04 10:30:20 | INFO     | TradingBot.StrategyRunner | New entry blocked: Max open positions (3) reached
2026-08-04 10:30:50 | INFO     | TradingBot.StrategyRunner | ── Scan cycle | 10:30:50 | mode=paper ──
2026-08-04 10:30:50 | INFO     | TradingBot.StrategyRunner | New entry blocked: Max open positions (3) reached
2026-08-04 10:31:20 | INFO     | TradingBot.StrategyRunner | ── Scan cycle | 10:31:20 | mode=paper ──
2026-08-04 10:31:20 | INFO     | TradingBot.StrategyRunner | New entry blocked: Max open positions (3) reached
2026-08-04 10:31:50 | INFO     | TradingBot.StrategyRunner | ── Scan cycle | 10:31:50 | mode=paper ──
2026-08-04 10:31:50 | INFO     | TradingBot.StrategyRunner | New entry blocked: Max open positions (3) reached
2026-08-04 10:32:20 | INFO     | TradingBot.StrategyRunner | ── Scan cycle | 10:32:20 | mode=paper ──
2026-08-04 10:32:20 | INFO     | TradingBot.StrategyRunner | New entry blocked: Max open positions (3) reached
2026-08-04 10:32:24 | INFO     | TradingBot.Candlestick | Candlestick BUY signal: Bullish Engulfing on TEST (conf=85%)
2026-08-04 10:32:31 | INFO     | TradingBot.Main | DEMO MODE active — using simulated market data
2026-08-04 10:32:31 | INFO     | TradingBot.Main | Starting Trading Bot | mode=PAPER | date=2026-08-04
2026-08-04 10:32:32 | INFO     | TradingBot.DemoFeed | DemoMarket initialised | 10 symbols | candle every 30s
2026-08-04 10:32:32 | INFO     | TradingBot.Main | Demo feed ready — candles every 30 seconds
2026-08-04 10:32:33 | INFO     | TradingBot.KiteClient | KiteClient initialised | mode=paper | DEMO FEED ACTIVE
2026-08-04 10:32:33 | INFO     | TradingBot.TradeJournal | Trade journal database initialised at data/trades.db
2026-08-04 10:32:33 | INFO     | TradingBot.RiskManager | RiskManager | capital=INR 100,000 | risk/trade=1.5% | max_daily_loss=4.0%
2026-08-04 10:32:33 | INFO     | TradingBot.StrategyRunner | Loaded strategies: ['ema_crossover', 'rsi', 'vwap', 'supertrend', 'candlestick']
2026-08-04 10:32:33 | INFO     | TradingBot.StrategyRunner | StrategyRunner ready | 5 strategies | 10 symbols | interval=demo
2026-08-04 10:32:33 | INFO     | TradingBot.Main | Demo: scan interval set to 30 seconds
2026-08-04 10:32:34 | INFO     | TradingBot.Dashboard | Dashboard initialised and connected to engine.
2026-08-04 10:32:34 | INFO     | TradingBot.Dashboard | Dashboard starting at http://localhost:5000
2026-08-04 10:32:34 | INFO     | TradingBot.Main | ✓ Dashboard running at http://localhost:5000
2026-08-04 10:32:34 | INFO     | TradingBot.Main | Demo mode: bypassing market hours check
2026-08-04 10:32:34 | INFO     | TradingBot.StrategyRunner | Main trading loop started. Tick every 30s.
2026-08-04 10:32:34 | INFO     | TradingBot.StrategyRunner | ── Scan cycle | 10:32:34 | mode=paper ──
2026-08-04 10:32:34 | INFO     | TradingBot.StrategyRunner | ▶ Strategy runner started (mode=paper)
2026-08-04 10:32:34 | INFO     | TradingBot.Main | Bot running. Press Ctrl+C to stop.
2026-08-04 10:32:34 | INFO     | TradingBot.StrategyRunner | New entry blocked: Max open positions (3) reached
2026-08-04 10:32:43 | WARNING  | TradingBot.StrategyRunner | Runner already running.
2026-08-04 10:32:43 | INFO     | TradingBot.Dashboard | Bot started via dashboard
2026-08-04 10:32:47 | INFO     | TradingBot.StrategyRunner | ⏹ Strategy runner stopped.
2026-08-04 10:32:47 | INFO     | TradingBot.Dashboard | Bot stopped via dashboard
2026-08-04 10:32:50 | INFO     | TradingBot.StrategyRunner | ── Scan cycle | 10:32:50 | mode=paper ──
2026-08-04 10:32:50 | INFO     | TradingBot.StrategyRunner | New entry blocked: Max open positions (3) reached
2026-08-04 10:32:51 | INFO     | TradingBot.Main | Market opened. Starting strategy runner...
2026-08-04 10:32:51 | INFO     | TradingBot.RiskManager | Daily risk counters reset.
2026-08-04 10:32:51 | INFO     | TradingBot.StrategyRunner | Main trading loop started. Tick every 300s.
2026-08-04 10:32:51 | INFO     | TradingBot.StrategyRunner | ▶ Strategy runner started (mode=paper)
2026-08-04 10:32:51 | INFO     | TradingBot.StrategyRunner | ── Scan cycle | 10:32:51 | mode=paper ──
2026-08-04 10:32:51 | INFO     | TradingBot.StrategyRunner | New entry blocked: Max open positions (3) reached
2026-08-04 10:32:54 | WARNING  | TradingBot.StrategyRunner | Runner already running.
2026-08-04 10:32:54 | INFO     | TradingBot.Dashboard | Bot started via dashboard
2026-08-04 10:33:02 | INFO     | TradingBot.OrderManager | No open positions to square off.
2026-08-04 10:33:02 | WARNING  | TradingBot.Dashboard | Manual square-off triggered via dashboard
2026-08-04 10:33:04 | INFO     | TradingBot.StrategyRunner | ── Scan cycle | 10:33:04 | mode=paper ──
2026-08-04 10:33:04 | INFO     | TradingBot.StrategyRunner | New entry blocked: Max open positions (3) reached
2026-08-04 10:33:20 | INFO     | TradingBot.StrategyRunner | ── Scan cycle | 10:33:20 | mode=paper ──
2026-08-04 10:33:20 | INFO     | TradingBot.StrategyRunner | New entry blocked: Max open positions (3) reached
2026-08-04 10:33:34 | INFO     | TradingBot.StrategyRunner | ── Scan cycle | 10:33:34 | mode=paper ──
2026-08-04 10:33:34 | INFO     | TradingBot.StrategyRunner | New entry blocked: Max open positions (3) reached
2026-08-04 10:33:50 | INFO     | TradingBot.StrategyRunner | ── Scan cycle | 10:33:50 | mode=paper ──
2026-08-04 10:33:50 | INFO     | TradingBot.StrategyRunner | New entry blocked: Max open positions (3) reached
2026-08-04 10:34:04 | INFO     | TradingBot.StrategyRunner | ── Scan cycle | 10:34:04 | mode=paper ──
2026-08-04 10:34:04 | INFO     | TradingBot.StrategyRunner | New entry blocked: Max open positions (3) reached
2026-08-04 10:34:20 | INFO     | TradingBot.StrategyRunner | ── Scan cycle | 10:34:20 | mode=paper ──
2026-08-04 10:34:20 | INFO     | TradingBot.StrategyRunner | New entry blocked: Max open positions (3) reached
2026-08-04 10:34:34 | INFO     | TradingBot.StrategyRunner | ── Scan cycle | 10:34:34 | mode=paper ──
2026-08-04 10:34:34 | INFO     | TradingBot.StrategyRunner | New entry blocked: Max open positions (3) reached
2026-08-04 10:34:50 | INFO     | TradingBot.StrategyRunner | ── Scan cycle | 10:34:50 | mode=paper ──
2026-08-04 10:34:50 | INFO     | TradingBot.StrategyRunner | New entry blocked: Max open positions (3) reached
2026-08-04 10:34:51 | INFO     | TradingBot.StrategyRunner | ── Scan cycle | 10:34:51 | mode=paper ──
2026-08-04 10:34:51 | INFO     | TradingBot.StrategyRunner | New entry blocked: Max open positions (3) reached
2026-08-04 10:35:04 | INFO     | TradingBot.StrategyRunner | ── Scan cycle | 10:35:04 | mode=paper ──
2026-08-04 10:35:04 | INFO     | TradingBot.StrategyRunner | New entry blocked: Max open positions (3) reached
2026-08-04 10:35:20 | INFO     | TradingBot.StrategyRunner | ── Scan cycle | 10:35:20 | mode=paper ──
2026-08-04 10:35:20 | INFO     | TradingBot.StrategyRunner | New entry blocked: Max open positions (3) reached
2026-08-04 10:35:34 | INFO     | TradingBot.StrategyRunner | ── Scan cycle | 10:35:34 | mode=paper ──
2026-08-04 10:35:34 | INFO     | TradingBot.StrategyRunner | New entry blocked: Max open positions (3) reached
2026-08-04 10:35:50 | INFO     | TradingBot.StrategyRunner | ── Scan cycle | 10:35:50 | mode=paper ──
2026-08-04 10:35:50 | INFO     | TradingBot.StrategyRunner | New entry blocked: Max open positions (3) reached
2026-08-04 10:36:04 | INFO     | TradingBot.StrategyRunner | ── Scan cycle | 10:36:04 | mode=paper ──
2026-08-04 10:36:04 | INFO     | TradingBot.StrategyRunner | New entry blocked: Max open positions (3) reached
2026-08-04 10:36:20 | INFO     | TradingBot.StrategyRunner | ── Scan cycle | 10:36:20 | mode=paper ──
2026-08-04 10:36:20 | INFO     | TradingBot.StrategyRunner | New entry blocked: Max open positions (3) reached
2026-08-04 10:36:34 | INFO     | TradingBot.StrategyRunner | ── Scan cycle | 10:36:34 | mode=paper ──
2026-08-04 10:36:34 | INFO     | TradingBot.StrategyRunner | New entry blocked: Max open positions (3) reached
2026-08-04 10:36:50 | INFO     | TradingBot.StrategyRunner | ── Scan cycle | 10:36:50 | mode=paper ──
2026-08-04 10:36:50 | INFO     | TradingBot.StrategyRunner | New entry blocked: Max open positions (3) reached
2026-08-04 10:37:04 | INFO     | TradingBot.StrategyRunner | ── Scan cycle | 10:37:04 | mode=paper ──
2026-08-04 10:37:04 | INFO     | TradingBot.StrategyRunner | New entry blocked: Max open positions (3) reached
2026-08-04 10:37:20 | INFO     | TradingBot.StrategyRunner | ── Scan cycle | 10:37:20 | mode=paper ──
2026-08-04 10:37:20 | INFO     | TradingBot.StrategyRunner | New entry blocked: Max open positions (3) reached
2026-08-04 10:37:34 | INFO     | TradingBot.StrategyRunner | ── Scan cycle | 10:37:34 | mode=paper ──
2026-08-04 10:37:34 | INFO     | TradingBot.StrategyRunner | New entry blocked: Max open positions (3) reached
2026-08-04 10:37:50 | INFO     | TradingBot.StrategyRunner | ── Scan cycle | 10:37:50 | mode=paper ──
2026-08-04 10:37:50 | INFO     | TradingBot.StrategyRunner | New entry blocked: Max open positions (3) reached
2026-08-04 10:37:51 | INFO     | TradingBot.StrategyRunner | ── Scan cycle | 10:37:51 | mode=paper ──
2026-08-04 10:37:51 | INFO     | TradingBot.StrategyRunner | New entry blocked: Max open positions (3) reached
2026-08-04 10:38:04 | INFO     | TradingBot.StrategyRunner | ── Scan cycle | 10:38:04 | mode=paper ──
2026-08-04 10:38:04 | INFO     | TradingBot.StrategyRunner | New entry blocked: Max open positions (3) reached
2026-08-04 10:38:20 | INFO     | TradingBot.StrategyRunner | ── Scan cycle | 10:38:20 | mode=paper ──
2026-08-04 10:38:20 | INFO     | TradingBot.StrategyRunner | New entry blocked: Max open positions (3) reached
2026-08-04 10:38:34 | INFO     | TradingBot.StrategyRunner | ── Scan cycle | 10:38:34 | mode=paper ──
2026-08-04 10:38:34 | INFO     | TradingBot.StrategyRunner | New entry blocked: Max open positions (3) reached
2026-08-04 10:38:50 | INFO     | TradingBot.StrategyRunner | ── Scan cycle | 10:38:50 | mode=paper ──
2026-08-04 10:38:50 | INFO     | TradingBot.StrategyRunner | New entry blocked: Max open positions (3) reached
2026-08-04 10:39:04 | INFO     | TradingBot.StrategyRunner | ── Scan cycle | 10:39:04 | mode=paper ──
2026-08-04 10:39:04 | INFO     | TradingBot.StrategyRunner | New entry blocked: Max open positions (3) reached
2026-08-04 10:39:20 | INFO     | TradingBot.StrategyRunner | ── Scan cycle | 10:39:20 | mode=paper ──
2026-08-04 10:39:20 | INFO     | TradingBot.StrategyRunner | New entry blocked: Max open positions (3) reached
2026-08-04 10:39:34 | INFO     | TradingBot.StrategyRunner | ── Scan cycle | 10:39:34 | mode=paper ──
2026-08-04 10:39:34 | INFO     | TradingBot.StrategyRunner | New entry blocked: Max open positions (3) reached
2026-08-04 10:39:50 | INFO     | TradingBot.StrategyRunner | ── Scan cycle | 10:39:50 | mode=paper ──
2026-08-04 10:39:50 | INFO     | TradingBot.StrategyRunner | New entry blocked: Max open positions (3) reached
2026-08-04 10:39:51 | INFO     | TradingBot.StrategyRunner | ── Scan cycle | 10:39:51 | mode=paper ──
2026-08-04 10:39:51 | INFO     | TradingBot.StrategyRunner | New entry blocked: Max open positions (3) reached
2026-08-04 10:40:04 | INFO     | TradingBot.StrategyRunner | ── Scan cycle | 10:40:04 | mode=paper ──
2026-08-04 10:40:04 | INFO     | TradingBot.StrategyRunner | New entry blocked: Max open positions (3) reached
2026-08-04 10:40:20 | INFO     | TradingBot.StrategyRunner | ── Scan cycle | 10:40:20 | mode=paper ──
2026-08-04 10:40:20 | INFO     | TradingBot.StrategyRunner | New entry blocked: Max open positions (3) reached
2026-08-04 10:40:34 | INFO     | TradingBot.StrategyRunner | ── Scan cycle | 10:40:34 | mode=paper ──
2026-08-04 10:40:34 | INFO     | TradingBot.StrategyRunner | New entry blocked: Max open positions (3) reached
2026-08-04 10:40:50 | INFO     | TradingBot.StrategyRunner | ── Scan cycle | 10:40:50 | mode=paper ──
2026-08-04 10:40:50 | INFO     | TradingBot.StrategyRunner | New entry blocked: Max open positions (3) reached
2026-08-04 10:41:04 | INFO     | TradingBot.StrategyRunner | ── Scan cycle | 10:41:04 | mode=paper ──
2026-08-04 10:41:04 | INFO     | TradingBot.StrategyRunner | New entry blocked: Max open positions (3) reached
2026-08-04 10:41:20 | INFO     | TradingBot.StrategyRunner | ── Scan cycle | 10:41:20 | mode=paper ──
2026-08-04 10:41:20 | INFO     | TradingBot.StrategyRunner | New entry blocked: Max open positions (3) reached
2026-08-04 10:41:34 | INFO     | TradingBot.StrategyRunner | ── Scan cycle | 10:41:34 | mode=paper ──
2026-08-04 10:41:34 | INFO     | TradingBot.StrategyRunner | New entry blocked: Max open positions (3) reached
2026-08-04 10:41:50 | INFO     | TradingBot.StrategyRunner | ── Scan cycle | 10:41:50 | mode=paper ──
2026-08-04 10:41:50 | INFO     | TradingBot.StrategyRunner | New entry blocked: Max open positions (3) reached
2026-08-04 10:42:04 | INFO     | TradingBot.StrategyRunner | ── Scan cycle | 10:42:04 | mode=paper ──
2026-08-04 10:42:04 | INFO     | TradingBot.StrategyRunner | New entry blocked: Max open positions (3) reached
2026-08-04 10:42:20 | INFO     | TradingBot.StrategyRunner | ── Scan cycle | 10:42:20 | mode=paper ──
2026-08-04 10:42:20 | INFO     | TradingBot.StrategyRunner | New entry blocked: Max open positions (3) reached
2026-08-04 10:42:34 | INFO     | TradingBot.StrategyRunner | ── Scan cycle | 10:42:34 | mode=paper ──
2026-08-04 10:42:34 | INFO     | TradingBot.StrategyRunner | New entry blocked: Max open positions (3) reached
2026-08-04 10:42:50 | INFO     | TradingBot.StrategyRunner | ── Scan cycle | 10:42:50 | mode=paper ──
2026-08-04 10:42:50 | INFO     | TradingBot.StrategyRunner | New entry blocked: Max open positions (3) reached
2026-08-04 10:42:51 | INFO     | TradingBot.StrategyRunner | ── Scan cycle | 10:42:51 | mode=paper ──
2026-08-04 10:42:51 | INFO     | TradingBot.StrategyRunner | New entry blocked: Max open positions (3) reached
2026-08-04 10:43:04 | INFO     | TradingBot.StrategyRunner | ── Scan cycle | 10:43:04 | mode=paper ──
2026-08-04 10:43:04 | INFO     | TradingBot.StrategyRunner | New entry blocked: Max open positions (3) reached
2026-08-04 10:43:20 | INFO     | TradingBot.StrategyRunner | ── Scan cycle | 10:43:20 | mode=paper ──
2026-08-04 10:43:20 | INFO     | TradingBot.StrategyRunner | New entry blocked: Max open positions (3) reached
2026-08-04 10:43:34 | INFO     | TradingBot.StrategyRunner | ── Scan cycle | 10:43:34 | mode=paper ──
2026-08-04 10:43:34 | INFO     | TradingBot.StrategyRunner | New entry blocked: Max open positions (3) reached
2026-08-04 10:43:50 | INFO     | TradingBot.StrategyRunner | ── Scan cycle | 10:43:50 | mode=paper ──
2026-08-04 10:43:50 | INFO     | TradingBot.StrategyRunner | New entry blocked: Max open positions (3) reached
2026-08-04 10:44:04 | INFO     | TradingBot.StrategyRunner | ── Scan cycle | 10:44:04 | mode=paper ──
2026-08-04 10:44:04 | INFO     | TradingBot.StrategyRunner | New entry blocked: Max open positions (3) reached
2026-08-04 10:44:20 | INFO     | TradingBot.StrategyRunner | ── Scan cycle | 10:44:20 | mode=paper ──
2026-08-04 10:44:20 | INFO     | TradingBot.StrategyRunner | New entry blocked: Max open positions (3) reached
2026-08-04 10:44:34 | INFO     | TradingBot.StrategyRunner | ── Scan cycle | 10:44:34 | mode=paper ──
2026-08-04 10:44:34 | INFO     | TradingBot.StrategyRunner | New entry blocked: Max open positions (3) reached
2026-08-04 10:44:50 | INFO     | TradingBot.StrategyRunner | ── Scan cycle | 10:44:50 | mode=paper ──
2026-08-04 10:44:50 | INFO     | TradingBot.StrategyRunner | New entry blocked: Max open positions (3) reached
2026-08-04 10:44:51 | INFO     | TradingBot.StrategyRunner | ── Scan cycle | 10:44:51 | mode=paper ──
2026-08-04 10:44:51 | INFO     | TradingBot.StrategyRunner | New entry blocked: Max open positions (3) reached
2026-08-04 10:45:04 | INFO     | TradingBot.StrategyRunner | ── Scan cycle | 10:45:04 | mode=paper ──
2026-08-04 10:45:04 | INFO     | TradingBot.StrategyRunner | New entry blocked: Max open positions (3) reached
2026-08-04 10:45:20 | INFO     | TradingBot.StrategyRunner | ── Scan cycle | 10:45:20 | mode=paper ──
2026-08-04 10:45:20 | INFO     | TradingBot.StrategyRunner | New entry blocked: Max open positions (3) reached
2026-08-04 10:45:34 | INFO     | TradingBot.StrategyRunner | ── Scan cycle | 10:45:34 | mode=paper ──
2026-08-04 10:45:34 | INFO     | TradingBot.StrategyRunner | New entry blocked: Max open positions (3) reached
2026-08-04 10:45:50 | INFO     | TradingBot.StrategyRunner | ── Scan cycle | 10:45:50 | mode=paper ──
2026-08-04 10:45:50 | INFO     | TradingBot.StrategyRunner | New entry blocked: Max open positions (3) reached
2026-08-04 10:46:04 | INFO     | TradingBot.StrategyRunner | ── Scan cycle | 10:46:04 | mode=paper ──
2026-08-04 10:46:04 | INFO     | TradingBot.StrategyRunner | New entry blocked: Max open positions (3) reached
2026-08-04 10:46:20 | INFO     | TradingBot.StrategyRunner | ── Scan cycle | 10:46:20 | mode=paper ──
2026-08-04 10:46:20 | INFO     | TradingBot.StrategyRunner | New entry blocked: Max open positions (3) reached
2026-08-04 10:46:34 | INFO     | TradingBot.StrategyRunner | ── Scan cycle | 10:46:34 | mode=paper ──
2026-08-04 10:46:34 | INFO     | TradingBot.StrategyRunner | New entry blocked: Max open positions (3) reached
2026-08-04 10:46:50 | INFO     | TradingBot.StrategyRunner | ── Scan cycle | 10:46:50 | mode=paper ──
2026-08-04 10:46:50 | INFO     | TradingBot.StrategyRunner | New entry blocked: Max open positions (3) reached
2026-08-04 10:47:04 | INFO     | TradingBot.StrategyRunner | ── Scan cycle | 10:47:04 | mode=paper ──
2026-08-04 10:47:04 | INFO     | TradingBot.StrategyRunner | New entry blocked: Max open positions (3) reached
2026-08-04 10:47:20 | INFO     | TradingBot.StrategyRunner | ── Scan cycle | 10:47:20 | mode=paper ──
2026-08-04 10:47:20 | INFO     | TradingBot.StrategyRunner | New entry blocked: Max open positions (3) reached
2026-08-04 10:47:34 | INFO     | TradingBot.StrategyRunner | ── Scan cycle | 10:47:34 | mode=paper ──
2026-08-04 10:47:34 | INFO     | TradingBot.StrategyRunner | New entry blocked: Max open positions (3) reached
2026-08-04 10:47:50 | INFO     | TradingBot.StrategyRunner | ── Scan cycle | 10:47:50 | mode=paper ──
2026-08-04 10:47:50 | INFO     | TradingBot.StrategyRunner | New entry blocked: Max open positions (3) reached
2026-08-04 10:47:51 | INFO     | TradingBot.StrategyRunner | ── Scan cycle | 10:47:51 | mode=paper ──
2026-08-04 10:47:51 | INFO     | TradingBot.StrategyRunner | New entry blocked: Max open positions (3) reached
2026-08-04 10:48:04 | INFO     | TradingBot.StrategyRunner | ── Scan cycle | 10:48:04 | mode=paper ──
2026-08-04 10:48:04 | INFO     | TradingBot.StrategyRunner | New entry blocked: Max open positions (3) reached
2026-08-04 10:48:20 | INFO     | TradingBot.StrategyRunner | ── Scan cycle | 10:48:20 | mode=paper ──
2026-08-04 10:48:20 | INFO     | TradingBot.StrategyRunner | New entry blocked: Max open positions (3) reached
2026-08-04 10:48:34 | INFO     | TradingBot.StrategyRunner | ── Scan cycle | 10:48:34 | mode=paper ──
2026-08-04 10:48:34 | INFO     | TradingBot.StrategyRunner | New entry blocked: Max open positions (3) reached
2026-08-04 10:48:50 | INFO     | TradingBot.StrategyRunner | ── Scan cycle | 10:48:50 | mode=paper ──
2026-08-04 10:48:50 | INFO     | TradingBot.StrategyRunner | New entry blocked: Max open positions (3) reached
2026-08-04 10:49:04 | INFO     | TradingBot.StrategyRunner | ── Scan cycle | 10:49:04 | mode=paper ──
2026-08-04 10:49:04 | INFO     | TradingBot.StrategyRunner | New entry blocked: Max open positions (3) reached
2026-08-04 10:49:20 | INFO     | TradingBot.StrategyRunner | ── Scan cycle | 10:49:20 | mode=paper ──
2026-08-04 10:49:20 | INFO     | TradingBot.StrategyRunner | New entry blocked: Max open positions (3) reached
2026-08-04 10:49:34 | INFO     | TradingBot.StrategyRunner | ── Scan cycle | 10:49:34 | mode=paper ──
2026-08-04 10:49:34 | INFO     | TradingBot.StrategyRunner | New entry blocked: Max open positions (3) reached
2026-08-04 10:49:50 | INFO     | TradingBot.StrategyRunner | ── Scan cycle | 10:49:50 | mode=paper ──
2026-08-04 10:49:50 | INFO     | TradingBot.StrategyRunner | New entry blocked: Max open positions (3) reached
2026-08-04 10:49:51 | INFO     | TradingBot.StrategyRunner | ── Scan cycle | 10:49:51 | mode=paper ──
2026-08-04 10:49:51 | INFO     | TradingBot.StrategyRunner | New entry blocked: Max open positions (3) reached
2026-08-04 10:50:04 | INFO     | TradingBot.StrategyRunner | ── Scan cycle | 10:50:04 | mode=paper ──
2026-08-04 10:50:04 | INFO     | TradingBot.StrategyRunner | New entry blocked: Max open positions (3) reached
2026-08-04 10:50:20 | INFO     | TradingBot.StrategyRunner | ── Scan cycle | 10:50:20 | mode=paper ──
2026-08-04 10:50:20 | INFO     | TradingBot.StrategyRunner | New entry blocked: Max open positions (3) reached
2026-08-04 10:50:34 | INFO     | TradingBot.StrategyRunner | ── Scan cycle | 10:50:34 | mode=paper ──
2026-08-04 10:50:34 | INFO     | TradingBot.StrategyRunner | New entry blocked: Max open positions (3) reached
2026-08-04 10:50:50 | INFO     | TradingBot.StrategyRunner | ── Scan cycle | 10:50:50 | mode=paper ──
2026-08-04 10:50:50 | INFO     | TradingBot.StrategyRunner | New entry blocked: Max open positions (3) reached
2026-08-04 10:51:04 | INFO     | TradingBot.StrategyRunner | ── Scan cycle | 10:51:04 | mode=paper ──
2026-08-04 10:51:04 | INFO     | TradingBot.StrategyRunner | New entry blocked: Max open positions (3) reached
2026-08-04 10:51:20 | INFO     | TradingBot.StrategyRunner | ── Scan cycle | 10:51:20 | mode=paper ──
2026-08-04 10:51:20 | INFO     | TradingBot.StrategyRunner | New entry blocked: Max open positions (3) reached
2026-08-04 10:51:34 | INFO     | TradingBot.StrategyRunner | ── Scan cycle | 10:51:34 | mode=paper ──
2026-08-04 10:51:34 | INFO     | TradingBot.StrategyRunner | New entry blocked: Max open positions (3) reached
2026-08-04 10:51:50 | INFO     | TradingBot.StrategyRunner | ── Scan cycle | 10:51:50 | mode=paper ──
2026-08-04 10:51:50 | INFO     | TradingBot.StrategyRunner | New entry blocked: Max open positions (3) reached
2026-08-04 10:52:04 | INFO     | TradingBot.StrategyRunner | ── Scan cycle | 10:52:04 | mode=paper ──
2026-08-04 10:52:04 | INFO     | TradingBot.StrategyRunner | New entry blocked: Max open positions (3) reached
2026-08-04 10:52:20 | INFO     | TradingBot.StrategyRunner | ── Scan cycle | 10:52:20 | mode=paper ──
2026-08-04 10:52:20 | INFO     | TradingBot.StrategyRunner | New entry blocked: Max open positions (3) reached
2026-08-04 10:52:34 | INFO     | TradingBot.StrategyRunner | ── Scan cycle | 10:52:34 | mode=paper ──
2026-08-04 10:52:34 | INFO     | TradingBot.StrategyRunner | New entry blocked: Max open positions (3) reached
2026-08-04 10:52:50 | INFO     | TradingBot.StrategyRunner | ── Scan cycle | 10:52:50 | mode=paper ──
2026-08-04 10:52:50 | INFO     | TradingBot.StrategyRunner | New entry blocked: Max open positions (3) reached
2026-08-04 10:52:51 | INFO     | TradingBot.StrategyRunner | ── Scan cycle | 10:52:51 | mode=paper ──
2026-08-04 10:52:51 | INFO     | TradingBot.StrategyRunner | New entry blocked: Max open positions (3) reached
2026-08-04 10:53:04 | INFO     | TradingBot.StrategyRunner | ── Scan cycle | 10:53:04 | mode=paper ──
2026-08-04 10:53:04 | INFO     | TradingBot.StrategyRunner | New entry blocked: Max open positions (3) reached
2026-08-04 10:53:20 | INFO     | TradingBot.StrategyRunner | ── Scan cycle | 10:53:20 | mode=paper ──
2026-08-04 10:53:20 | INFO     | TradingBot.StrategyRunner | New entry blocked: Max open positions (3) reached
2026-08-04 10:53:34 | INFO     | TradingBot.StrategyRunner | ── Scan cycle | 10:53:34 | mode=paper ──
2026-08-04 10:53:34 | INFO     | TradingBot.StrategyRunner | New entry blocked: Max open positions (3) reached
2026-08-04 10:53:50 | INFO     | TradingBot.StrategyRunner | ── Scan cycle | 10:53:50 | mode=paper ──
2026-08-04 10:53:50 | INFO     | TradingBot.StrategyRunner | New entry blocked: Max open positions (3) reached
2026-08-04 10:54:04 | INFO     | TradingBot.StrategyRunner | ── Scan cycle | 10:54:04 | mode=paper ──
2026-08-04 10:54:04 | INFO     | TradingBot.StrategyRunner | New entry blocked: Max open positions (3) reached
2026-08-04 10:54:20 | INFO     | TradingBot.StrategyRunner | ── Scan cycle | 10:54:20 | mode=paper ──
2026-08-04 10:54:20 | INFO     | TradingBot.StrategyRunner | New entry blocked: Max open positions (3) reached
2026-08-04 10:54:34 | INFO     | TradingBot.StrategyRunner | ── Scan cycle | 10:54:34 | mode=paper ──
2026-08-04 10:54:34 | INFO     | TradingBot.StrategyRunner | New entry blocked: Max open positions (3) reached
2026-08-04 10:54:50 | INFO     | TradingBot.StrategyRunner | ── Scan cycle | 10:54:50 | mode=paper ──
2026-08-04 10:54:50 | INFO     | TradingBot.StrategyRunner | New entry blocked: Max open positions (3) reached
2026-08-04 10:54:51 | INFO     | TradingBot.StrategyRunner | ── Scan cycle | 10:54:51 | mode=paper ──
2026-08-04 10:54:51 | INFO     | TradingBot.StrategyRunner | New entry blocked: Max open positions (3) reached
2026-08-04 10:55:04 | INFO     | TradingBot.StrategyRunner | ── Scan cycle | 10:55:04 | mode=paper ──
2026-08-04 10:55:04 | INFO     | TradingBot.StrategyRunner | New entry blocked: Max open positions (3) reached
2026-08-04 10:55:20 | INFO     | TradingBot.StrategyRunner | ── Scan cycle | 10:55:20 | mode=paper ──
2026-08-04 10:55:20 | INFO     | TradingBot.StrategyRunner | New entry blocked: Max open positions (3) reached
2026-08-04 10:55:34 | INFO     | TradingBot.StrategyRunner | ── Scan cycle | 10:55:34 | mode=paper ──
2026-08-04 10:55:34 | INFO     | TradingBot.StrategyRunner | New entry blocked: Max open positions (3) reached
2026-08-04 10:55:50 | INFO     | TradingBot.StrategyRunner | ── Scan cycle | 10:55:50 | mode=paper ──
2026-08-04 10:55:50 | INFO     | TradingBot.StrategyRunner | New entry blocked: Max open positions (3) reached
2026-08-04 10:56:04 | INFO     | TradingBot.StrategyRunner | ── Scan cycle | 10:56:04 | mode=paper ──
2026-08-04 10:56:04 | INFO     | TradingBot.StrategyRunner | New entry blocked: Max open positions (3) reached
2026-08-04 10:56:20 | INFO     | TradingBot.StrategyRunner | ── Scan cycle | 10:56:20 | mode=paper ──
2026-08-04 10:56:20 | INFO     | TradingBot.StrategyRunner | New entry blocked: Max open positions (3) reached
2026-08-04 10:56:34 | INFO     | TradingBot.StrategyRunner | ── Scan cycle | 10:56:34 | mode=paper ──
2026-08-04 10:56:34 | INFO     | TradingBot.StrategyRunner | New entry blocked: Max open positions (3) reached
2026-08-04 10:56:50 | INFO     | TradingBot.StrategyRunner | ── Scan cycle | 10:56:50 | mode=paper ──
2026-08-04 10:56:50 | INFO     | TradingBot.StrategyRunner | New entry blocked: Max open positions (3) reached
2026-08-04 10:57:04 | INFO     | TradingBot.StrategyRunner | ── Scan cycle | 10:57:04 | mode=paper ──
2026-08-04 10:57:04 | INFO     | TradingBot.StrategyRunner | New entry blocked: Max open positions (3) reached
2026-08-04 10:57:20 | INFO     | TradingBot.StrategyRunner | ── Scan cycle | 10:57:20 | mode=paper ──
2026-08-04 10:57:20 | INFO     | TradingBot.StrategyRunner | New entry blocked: Max open positions (3) reached
2026-08-04 10:57:31 | INFO     | TradingBot.Main | DEMO MODE active — using simulated market data
2026-08-04 10:57:31 | INFO     | TradingBot.Main | Starting Trading Bot | mode=PAPER | date=2026-08-04
2026-08-04 10:57:31 | INFO     | TradingBot.DemoFeed | DemoMarket initialised | 10 symbols | candle every 30s
2026-08-04 10:57:31 | INFO     | TradingBot.Main | Demo feed ready — candles every 30 seconds
2026-08-04 10:57:31 | WARNING  | TradingBot.AngelClient | smartapi-python or pyotp not installed.
2026-08-04 10:57:31 | INFO     | TradingBot.AngelClient | AngelClient initialised in PAPER mode
2026-08-04 10:57:31 | INFO     | TradingBot.Main | Broker active: Angel One (SmartAPI - FREE)
2026-08-04 10:57:32 | INFO     | TradingBot.TradeJournal | Trade journal database initialised at data/trades.db
2026-08-04 10:57:32 | INFO     | TradingBot.RiskManager | RiskManager | capital=INR 100,000 | risk/trade=1.5% | max_daily_loss=4.0%
2026-08-04 10:57:32 | INFO     | TradingBot.StrategyRunner | Loaded strategies: ['ema_crossover', 'rsi', 'vwap', 'supertrend', 'candlestick']
2026-08-04 10:57:32 | INFO     | TradingBot.StrategyRunner | StrategyRunner ready | 5 strategies | 10 symbols | interval=demo
2026-08-04 10:57:32 | INFO     | TradingBot.Main | Demo: scan interval set to 30 seconds
2026-08-04 10:57:32 | INFO     | TradingBot.Dashboard | Dashboard initialised and connected to engine.
2026-08-04 10:57:32 | INFO     | TradingBot.Dashboard | Dashboard starting at http://localhost:5000
2026-08-04 10:57:32 | INFO     | TradingBot.Main | ✓ Dashboard running at http://localhost:5000
2026-08-04 10:57:32 | INFO     | TradingBot.Main | Demo mode: bypassing market hours check
2026-08-04 10:57:32 | INFO     | TradingBot.StrategyRunner | Main trading loop started. Tick every 30s.
2026-08-04 10:57:32 | INFO     | TradingBot.StrategyRunner | ▶ Strategy runner started (mode=paper)
2026-08-04 10:57:32 | INFO     | TradingBot.Main | Bot running. Press Ctrl+C to stop.
2026-08-04 10:57:32 | INFO     | TradingBot.StrategyRunner | ── Scan cycle | 10:57:32 | mode=paper ──
2026-08-04 10:57:32 | INFO     | TradingBot.StrategyRunner | New entry blocked: Max open positions (3) reached
2026-08-04 10:57:34 | INFO     | TradingBot.StrategyRunner | ── Scan cycle | 10:57:34 | mode=paper ──
2026-08-04 10:57:34 | INFO     | TradingBot.StrategyRunner | New entry blocked: Max open positions (3) reached
2026-08-04 10:57:51 | INFO     | TradingBot.StrategyRunner | ── Scan cycle | 10:57:51 | mode=paper ──
2026-08-04 10:57:51 | INFO     | TradingBot.StrategyRunner | New entry blocked: Max open positions (3) reached
2026-08-04 10:57:51 | INFO     | TradingBot.StrategyRunner | ── Scan cycle | 10:57:51 | mode=paper ──
2026-08-04 10:57:51 | INFO     | TradingBot.StrategyRunner | New entry blocked: Max open positions (3) reached
2026-08-04 10:58:02 | INFO     | TradingBot.StrategyRunner | ── Scan cycle | 10:58:02 | mode=paper ──
2026-08-04 10:58:02 | INFO     | TradingBot.StrategyRunner | New entry blocked: Max open positions (3) reached
2026-08-04 10:58:04 | INFO     | TradingBot.StrategyRunner | ── Scan cycle | 10:58:04 | mode=paper ──
2026-08-04 10:58:04 | INFO     | TradingBot.StrategyRunner | New entry blocked: Max open positions (3) reached
2026-08-04 10:58:21 | INFO     | TradingBot.StrategyRunner | ── Scan cycle | 10:58:21 | mode=paper ──
2026-08-04 10:58:21 | INFO     | TradingBot.StrategyRunner | New entry blocked: Max open positions (3) reached
2026-08-04 10:58:32 | INFO     | TradingBot.StrategyRunner | ── Scan cycle | 10:58:32 | mode=paper ──
2026-08-04 10:58:32 | INFO     | TradingBot.StrategyRunner | New entry blocked: Max open positions (3) reached
2026-08-04 10:58:34 | INFO     | TradingBot.StrategyRunner | ── Scan cycle | 10:58:34 | mode=paper ──
2026-08-04 10:58:34 | INFO     | TradingBot.StrategyRunner | New entry blocked: Max open positions (3) reached
2026-08-04 10:58:51 | INFO     | TradingBot.StrategyRunner | ── Scan cycle | 10:58:51 | mode=paper ──
2026-08-04 10:58:51 | INFO     | TradingBot.StrategyRunner | New entry blocked: Max open positions (3) reached
2026-08-04 10:59:02 | INFO     | TradingBot.StrategyRunner | ── Scan cycle | 10:59:02 | mode=paper ──
2026-08-04 10:59:02 | INFO     | TradingBot.StrategyRunner | New entry blocked: Max open positions (3) reached
2026-08-04 10:59:04 | INFO     | TradingBot.StrategyRunner | ── Scan cycle | 10:59:04 | mode=paper ──
2026-08-04 10:59:04 | INFO     | TradingBot.StrategyRunner | New entry blocked: Max open positions (3) reached
2026-08-04 10:59:21 | INFO     | TradingBot.StrategyRunner | ── Scan cycle | 10:59:21 | mode=paper ──
2026-08-04 10:59:21 | INFO     | TradingBot.StrategyRunner | New entry blocked: Max open positions (3) reached
2026-08-04 10:59:32 | INFO     | TradingBot.StrategyRunner | ── Scan cycle | 10:59:32 | mode=paper ──
2026-08-04 10:59:32 | INFO     | TradingBot.StrategyRunner | New entry blocked: Max open positions (3) reached
2026-08-04 10:59:34 | INFO     | TradingBot.StrategyRunner | ── Scan cycle | 10:59:34 | mode=paper ──
2026-08-04 10:59:34 | INFO     | TradingBot.StrategyRunner | New entry blocked: Max open positions (3) reached
2026-08-04 10:59:51 | INFO     | TradingBot.StrategyRunner | ── Scan cycle | 10:59:51 | mode=paper ──
2026-08-04 10:59:51 | INFO     | TradingBot.StrategyRunner | New entry blocked: Max open positions (3) reached
2026-08-04 10:59:51 | INFO     | TradingBot.StrategyRunner | ── Scan cycle | 10:59:51 | mode=paper ──
2026-08-04 10:59:51 | INFO     | TradingBot.StrategyRunner | New entry blocked: Max open positions (3) reached
2026-08-04 11:00:02 | INFO     | TradingBot.StrategyRunner | ── Scan cycle | 11:00:02 | mode=paper ──
2026-08-04 11:00:02 | INFO     | TradingBot.StrategyRunner | New entry blocked: Max open positions (3) reached
2026-08-04 11:00:04 | INFO     | TradingBot.StrategyRunner | ── Scan cycle | 11:00:04 | mode=paper ──
2026-08-04 11:00:04 | INFO     | TradingBot.StrategyRunner | New entry blocked: Max open positions (3) reached
2026-08-04 11:00:21 | INFO     | TradingBot.StrategyRunner | ── Scan cycle | 11:00:21 | mode=paper ──
2026-08-04 11:00:21 | INFO     | TradingBot.StrategyRunner | New entry blocked: Max open positions (3) reached
2026-08-04 11:00:32 | INFO     | TradingBot.StrategyRunner | ── Scan cycle | 11:00:32 | mode=paper ──
2026-08-04 11:00:32 | INFO     | TradingBot.StrategyRunner | New entry blocked: Max open positions (3) reached
2026-08-04 11:00:34 | INFO     | TradingBot.StrategyRunner | ── Scan cycle | 11:00:34 | mode=paper ──
2026-08-04 11:00:34 | INFO     | TradingBot.StrategyRunner | New entry blocked: Max open positions (3) reached
2026-08-04 11:00:51 | INFO     | TradingBot.StrategyRunner | ── Scan cycle | 11:00:51 | mode=paper ──
2026-08-04 11:00:51 | INFO     | TradingBot.StrategyRunner | New entry blocked: Max open positions (3) reached
2026-08-04 11:01:02 | INFO     | TradingBot.StrategyRunner | ── Scan cycle | 11:01:02 | mode=paper ──
2026-08-04 11:01:02 | INFO     | TradingBot.StrategyRunner | New entry blocked: Max open positions (3) reached
2026-08-04 11:01:04 | INFO     | TradingBot.StrategyRunner | ── Scan cycle | 11:01:04 | mode=paper ──
2026-08-04 11:01:04 | INFO     | TradingBot.StrategyRunner | New entry blocked: Max open positions (3) reached
2026-08-04 11:01:21 | INFO     | TradingBot.StrategyRunner | ── Scan cycle | 11:01:21 | mode=paper ──
2026-08-04 11:01:21 | INFO     | TradingBot.StrategyRunner | New entry blocked: Max open positions (3) reached
2026-08-04 11:01:32 | INFO     | TradingBot.StrategyRunner | ── Scan cycle | 11:01:32 | mode=paper ──
2026-08-04 11:01:32 | INFO     | TradingBot.StrategyRunner | New entry blocked: Max open positions (3) reached
2026-08-04 11:01:34 | INFO     | TradingBot.StrategyRunner | ── Scan cycle | 11:01:34 | mode=paper ──
2026-08-04 11:01:34 | INFO     | TradingBot.StrategyRunner | New entry blocked: Max open positions (3) reached
2026-08-04 11:01:51 | INFO     | TradingBot.StrategyRunner | ── Scan cycle | 11:01:51 | mode=paper ──
2026-08-04 11:01:51 | INFO     | TradingBot.StrategyRunner | New entry blocked: Max open positions (3) reached
2026-08-04 11:02:02 | INFO     | TradingBot.StrategyRunner | ── Scan cycle | 11:02:02 | mode=paper ──
2026-08-04 11:02:02 | INFO     | TradingBot.StrategyRunner | New entry blocked: Max open positions (3) reached
2026-08-04 11:02:04 | INFO     | TradingBot.StrategyRunner | ── Scan cycle | 11:02:04 | mode=paper ──
2026-08-04 11:02:04 | INFO     | TradingBot.StrategyRunner | New entry blocked: Max open positions (3) reached
2026-08-04 11:02:21 | INFO     | TradingBot.StrategyRunner | ── Scan cycle | 11:02:21 | mode=paper ──
2026-08-04 11:02:21 | INFO     | TradingBot.StrategyRunner | New entry blocked: Max open positions (3) reached
2026-08-04 11:02:32 | INFO     | TradingBot.StrategyRunner | ── Scan cycle | 11:02:32 | mode=paper ──
2026-08-04 11:02:32 | INFO     | TradingBot.StrategyRunner | New entry blocked: Max open positions (3) reached
2026-08-04 11:02:34 | INFO     | TradingBot.StrategyRunner | ── Scan cycle | 11:02:34 | mode=paper ──
2026-08-04 11:02:34 | INFO     | TradingBot.StrategyRunner | New entry blocked: Max open positions (3) reached
2026-08-04 11:02:51 | INFO     | TradingBot.StrategyRunner | ── Scan cycle | 11:02:51 | mode=paper ──
2026-08-04 11:02:51 | INFO     | TradingBot.StrategyRunner | New entry blocked: Max open positions (3) reached
2026-08-04 11:02:51 | INFO     | TradingBot.StrategyRunner | ── Scan cycle | 11:02:51 | mode=paper ──
2026-08-04 11:02:51 | INFO     | TradingBot.StrategyRunner | New entry blocked: Max open positions (3) reached
2026-08-04 11:03:02 | INFO     | TradingBot.StrategyRunner | ── Scan cycle | 11:03:02 | mode=paper ──
2026-08-04 11:03:02 | INFO     | TradingBot.StrategyRunner | New entry blocked: Max open positions (3) reached
2026-08-04 11:03:04 | INFO     | TradingBot.StrategyRunner | ── Scan cycle | 11:03:04 | mode=paper ──
2026-08-04 11:03:04 | INFO     | TradingBot.StrategyRunner | New entry blocked: Max open positions (3) reached
2026-08-04 11:03:21 | INFO     | TradingBot.StrategyRunner | ── Scan cycle | 11:03:21 | mode=paper ──
2026-08-04 11:03:21 | INFO     | TradingBot.StrategyRunner | New entry blocked: Max open positions (3) reached
2026-08-04 11:03:32 | INFO     | TradingBot.StrategyRunner | ── Scan cycle | 11:03:32 | mode=paper ──
2026-08-04 11:03:32 | INFO     | TradingBot.StrategyRunner | New entry blocked: Max open positions (3) reached
2026-08-04 11:03:34 | INFO     | TradingBot.StrategyRunner | ── Scan cycle | 11:03:34 | mode=paper ──
2026-08-04 11:03:34 | INFO     | TradingBot.StrategyRunner | New entry blocked: Max open positions (3) reached
2026-08-04 11:03:51 | INFO     | TradingBot.StrategyRunner | ── Scan cycle | 11:03:51 | mode=paper ──
2026-08-04 11:03:51 | INFO     | TradingBot.StrategyRunner | New entry blocked: Max open positions (3) reached
2026-08-04 11:04:02 | INFO     | TradingBot.StrategyRunner | ── Scan cycle | 11:04:02 | mode=paper ──
2026-08-04 11:04:02 | INFO     | TradingBot.StrategyRunner | New entry blocked: Max open positions (3) reached
2026-08-04 11:04:04 | INFO     | TradingBot.StrategyRunner | ── Scan cycle | 11:04:04 | mode=paper ──
2026-08-04 11:04:04 | INFO     | TradingBot.StrategyRunner | New entry blocked: Max open positions (3) reached
2026-08-04 11:04:21 | INFO     | TradingBot.StrategyRunner | ── Scan cycle | 11:04:21 | mode=paper ──
2026-08-04 11:04:21 | INFO     | TradingBot.StrategyRunner | New entry blocked: Max open positions (3) reached
2026-08-04 11:04:32 | INFO     | TradingBot.StrategyRunner | ── Scan cycle | 11:04:32 | mode=paper ──
2026-08-04 11:04:32 | INFO     | TradingBot.StrategyRunner | New entry blocked: Max open positions (3) reached
2026-08-04 11:04:34 | INFO     | TradingBot.StrategyRunner | ── Scan cycle | 11:04:34 | mode=paper ──
2026-08-04 11:04:34 | INFO     | TradingBot.StrategyRunner | New entry blocked: Max open positions (3) reached
2026-08-04 11:04:51 | INFO     | TradingBot.StrategyRunner | ── Scan cycle | 11:04:51 | mode=paper ──
2026-08-04 11:04:51 | INFO     | TradingBot.StrategyRunner | New entry blocked: Max open positions (3) reached
2026-08-04 11:04:51 | INFO     | TradingBot.StrategyRunner | ── Scan cycle | 11:04:51 | mode=paper ──
2026-08-04 11:04:51 | INFO     | TradingBot.StrategyRunner | New entry blocked: Max open positions (3) reached
2026-08-04 11:05:02 | INFO     | TradingBot.StrategyRunner | ── Scan cycle | 11:05:02 | mode=paper ──
2026-08-04 11:05:02 | INFO     | TradingBot.StrategyRunner | New entry blocked: Max open positions (3) reached
2026-08-04 11:05:04 | INFO     | TradingBot.StrategyRunner | ── Scan cycle | 11:05:04 | mode=paper ──
2026-08-04 11:05:04 | INFO     | TradingBot.StrategyRunner | New entry blocked: Max open positions (3) reached
2026-08-04 11:05:21 | INFO     | TradingBot.StrategyRunner | ── Scan cycle | 11:05:21 | mode=paper ──
2026-08-04 11:05:21 | INFO     | TradingBot.StrategyRunner | New entry blocked: Max open positions (3) reached
2026-08-04 11:05:32 | INFO     | TradingBot.StrategyRunner | ── Scan cycle | 11:05:32 | mode=paper ──
2026-08-04 11:05:32 | INFO     | TradingBot.StrategyRunner | New entry blocked: Max open positions (3) reached
2026-08-04 11:05:34 | INFO     | TradingBot.StrategyRunner | ── Scan cycle | 11:05:34 | mode=paper ──
2026-08-04 11:05:34 | INFO     | TradingBot.StrategyRunner | New entry blocked: Max open positions (3) reached
2026-08-04 11:05:51 | INFO     | TradingBot.StrategyRunner | ── Scan cycle | 11:05:51 | mode=paper ──
2026-08-04 11:05:51 | INFO     | TradingBot.StrategyRunner | New entry blocked: Max open positions (3) reached
2026-08-04 11:06:02 | INFO     | TradingBot.StrategyRunner | ── Scan cycle | 11:06:02 | mode=paper ──
2026-08-04 11:06:02 | INFO     | TradingBot.StrategyRunner | New entry blocked: Max open positions (3) reached
2026-08-04 11:06:04 | INFO     | TradingBot.StrategyRunner | ── Scan cycle | 11:06:04 | mode=paper ──
2026-08-04 11:06:04 | INFO     | TradingBot.StrategyRunner | New entry blocked: Max open positions (3) reached
2026-08-04 11:06:21 | INFO     | TradingBot.StrategyRunner | ── Scan cycle | 11:06:21 | mode=paper ──
2026-08-04 11:06:21 | INFO     | TradingBot.StrategyRunner | New entry blocked: Max open positions (3) reached
2026-08-04 11:06:32 | INFO     | TradingBot.StrategyRunner | ── Scan cycle | 11:06:32 | mode=paper ──
2026-08-04 11:06:32 | INFO     | TradingBot.StrategyRunner | New entry blocked: Max open positions (3) reached
2026-08-04 11:06:34 | INFO     | TradingBot.StrategyRunner | ── Scan cycle | 11:06:34 | mode=paper ──
2026-08-04 11:06:34 | INFO     | TradingBot.StrategyRunner | New entry blocked: Max open positions (3) reached
2026-08-04 11:06:51 | INFO     | TradingBot.StrategyRunner | ── Scan cycle | 11:06:51 | mode=paper ──
2026-08-04 11:06:51 | INFO     | TradingBot.StrategyRunner | New entry blocked: Max open positions (3) reached
2026-08-04 11:07:02 | INFO     | TradingBot.StrategyRunner | ── Scan cycle | 11:07:02 | mode=paper ──
2026-08-04 11:07:02 | INFO     | TradingBot.StrategyRunner | New entry blocked: Max open positions (3) reached
2026-08-04 11:07:04 | INFO     | TradingBot.StrategyRunner | ── Scan cycle | 11:07:04 | mode=paper ──
2026-08-04 11:07:04 | INFO     | TradingBot.StrategyRunner | New entry blocked: Max open positions (3) reached
2026-08-04 11:07:21 | INFO     | TradingBot.StrategyRunner | ── Scan cycle | 11:07:21 | mode=paper ──
2026-08-04 11:07:21 | INFO     | TradingBot.StrategyRunner | New entry blocked: Max open positions (3) reached
2026-08-04 11:07:32 | INFO     | TradingBot.StrategyRunner | ── Scan cycle | 11:07:32 | mode=paper ──
2026-08-04 11:07:32 | INFO     | TradingBot.StrategyRunner | New entry blocked: Max open positions (3) reached
2026-08-04 11:07:34 | INFO     | TradingBot.StrategyRunner | ── Scan cycle | 11:07:34 | mode=paper ──
2026-08-04 11:07:34 | INFO     | TradingBot.StrategyRunner | New entry blocked: Max open positions (3) reached
2026-08-04 11:07:51 | INFO     | TradingBot.StrategyRunner | ── Scan cycle | 11:07:51 | mode=paper ──
2026-08-04 11:07:51 | INFO     | TradingBot.StrategyRunner | New entry blocked: Max open positions (3) reached
2026-08-04 11:07:51 | INFO     | TradingBot.StrategyRunner | ── Scan cycle | 11:07:51 | mode=paper ──
2026-08-04 11:07:51 | INFO     | TradingBot.StrategyRunner | New entry blocked: Max open positions (3) reached
2026-08-04 11:08:02 | INFO     | TradingBot.StrategyRunner | ── Scan cycle | 11:08:02 | mode=paper ──
2026-08-04 11:08:02 | INFO     | TradingBot.StrategyRunner | New entry blocked: Max open positions (3) reached
2026-08-04 11:08:04 | INFO     | TradingBot.StrategyRunner | ── Scan cycle | 11:08:04 | mode=paper ──
2026-08-04 11:08:04 | INFO     | TradingBot.StrategyRunner | New entry blocked: Max open positions (3) reached
2026-08-04 11:08:21 | INFO     | TradingBot.StrategyRunner | ── Scan cycle | 11:08:21 | mode=paper ──
2026-08-04 11:08:21 | INFO     | TradingBot.StrategyRunner | New entry blocked: Max open positions (3) reached
2026-08-04 11:08:32 | INFO     | TradingBot.StrategyRunner | ── Scan cycle | 11:08:32 | mode=paper ──
2026-08-04 11:08:32 | INFO     | TradingBot.StrategyRunner | New entry blocked: Max open positions (3) reached
2026-08-04 11:08:34 | INFO     | TradingBot.StrategyRunner | ── Scan cycle | 11:08:34 | mode=paper ──
2026-08-04 11:08:34 | INFO     | TradingBot.StrategyRunner | New entry blocked: Max open positions (3) reached
2026-08-04 11:08:51 | INFO     | TradingBot.StrategyRunner | ── Scan cycle | 11:08:51 | mode=paper ──
2026-08-04 11:08:51 | INFO     | TradingBot.StrategyRunner | New entry blocked: Max open positions (3) reached
2026-08-04 11:09:02 | INFO     | TradingBot.StrategyRunner | ── Scan cycle | 11:09:02 | mode=paper ──
2026-08-04 11:09:02 | INFO     | TradingBot.StrategyRunner | New entry blocked: Max open positions (3) reached
2026-08-04 11:09:04 | INFO     | TradingBot.StrategyRunner | ── Scan cycle | 11:09:04 | mode=paper ──
2026-08-04 11:09:04 | INFO     | TradingBot.StrategyRunner | New entry blocked: Max open positions (3) reached
2026-08-04 11:09:21 | INFO     | TradingBot.StrategyRunner | ── Scan cycle | 11:09:21 | mode=paper ──
2026-08-04 11:09:21 | INFO     | TradingBot.StrategyRunner | New entry blocked: Max open positions (3) reached
2026-08-04 11:09:32 | INFO     | TradingBot.StrategyRunner | ── Scan cycle | 11:09:32 | mode=paper ──
2026-08-04 11:09:32 | INFO     | TradingBot.StrategyRunner | New entry blocked: Max open positions (3) reached
2026-08-04 11:09:34 | INFO     | TradingBot.StrategyRunner | ── Scan cycle | 11:09:34 | mode=paper ──
2026-08-04 11:09:34 | INFO     | TradingBot.StrategyRunner | New entry blocked: Max open positions (3) reached
2026-08-04 11:09:51 | INFO     | TradingBot.StrategyRunner | ── Scan cycle | 11:09:51 | mode=paper ──
2026-08-04 11:09:51 | INFO     | TradingBot.StrategyRunner | New entry blocked: Max open positions (3) reached
2026-08-04 11:09:51 | INFO     | TradingBot.StrategyRunner | ── Scan cycle | 11:09:51 | mode=paper ──
2026-08-04 11:09:51 | INFO     | TradingBot.StrategyRunner | New entry blocked: Max open positions (3) reached
2026-08-04 11:10:02 | INFO     | TradingBot.StrategyRunner | ── Scan cycle | 11:10:02 | mode=paper ──
2026-08-04 11:10:02 | INFO     | TradingBot.StrategyRunner | New entry blocked: Max open positions (3) reached
2026-08-04 11:10:04 | INFO     | TradingBot.StrategyRunner | ── Scan cycle | 11:10:04 | mode=paper ──
2026-08-04 11:10:04 | INFO     | TradingBot.StrategyRunner | New entry blocked: Max open positions (3) reached
2026-08-04 11:10:21 | INFO     | TradingBot.StrategyRunner | ── Scan cycle | 11:10:21 | mode=paper ──
2026-08-04 11:10:21 | INFO     | TradingBot.StrategyRunner | New entry blocked: Max open positions (3) reached
2026-08-04 11:10:32 | INFO     | TradingBot.StrategyRunner | ── Scan cycle | 11:10:32 | mode=paper ──
2026-08-04 11:10:32 | INFO     | TradingBot.StrategyRunner | New entry blocked: Max open positions (3) reached
2026-08-04 11:10:34 | INFO     | TradingBot.StrategyRunner | ── Scan cycle | 11:10:34 | mode=paper ──
2026-08-04 11:10:34 | INFO     | TradingBot.StrategyRunner | New entry blocked: Max open positions (3) reached
2026-08-04 11:10:51 | INFO     | TradingBot.StrategyRunner | ── Scan cycle | 11:10:51 | mode=paper ──
2026-08-04 11:10:51 | INFO     | TradingBot.StrategyRunner | New entry blocked: Max open positions (3) reached
2026-08-04 11:11:02 | INFO     | TradingBot.StrategyRunner | ── Scan cycle | 11:11:02 | mode=paper ──
2026-08-04 11:11:02 | INFO     | TradingBot.StrategyRunner | New entry blocked: Max open positions (3) reached
2026-08-04 11:11:04 | INFO     | TradingBot.StrategyRunner | ── Scan cycle | 11:11:04 | mode=paper ──
2026-08-04 11:11:04 | INFO     | TradingBot.StrategyRunner | New entry blocked: Max open positions (3) reached
2026-08-04 11:11:21 | INFO     | TradingBot.StrategyRunner | ── Scan cycle | 11:11:21 | mode=paper ──
2026-08-04 11:11:21 | INFO     | TradingBot.StrategyRunner | New entry blocked: Max open positions (3) reached
2026-08-04 11:11:32 | INFO     | TradingBot.StrategyRunner | ── Scan cycle | 11:11:32 | mode=paper ──
2026-08-04 11:11:32 | INFO     | TradingBot.StrategyRunner | New entry blocked: Max open positions (3) reached
2026-08-04 11:11:34 | INFO     | TradingBot.StrategyRunner | ── Scan cycle | 11:11:34 | mode=paper ──
2026-08-04 11:11:34 | INFO     | TradingBot.StrategyRunner | New entry blocked: Max open positions (3) reached
2026-08-04 11:11:51 | INFO     | TradingBot.StrategyRunner | ── Scan cycle | 11:11:51 | mode=paper ──
2026-08-04 11:11:51 | INFO     | TradingBot.StrategyRunner | New entry blocked: Max open positions (3) reached
2026-08-04 11:12:02 | INFO     | TradingBot.StrategyRunner | ── Scan cycle | 11:12:02 | mode=paper ──
2026-08-04 11:12:02 | INFO     | TradingBot.StrategyRunner | New entry blocked: Max open positions (3) reached
2026-08-04 11:12:04 | INFO     | TradingBot.StrategyRunner | ── Scan cycle | 11:12:04 | mode=paper ──
2026-08-04 11:12:04 | INFO     | TradingBot.StrategyRunner | New entry blocked: Max open positions (3) reached
2026-08-04 11:12:21 | INFO     | TradingBot.StrategyRunner | ── Scan cycle | 11:12:21 | mode=paper ──
2026-08-04 11:12:21 | INFO     | TradingBot.StrategyRunner | New entry blocked: Max open positions (3) reached
2026-08-04 11:12:32 | INFO     | TradingBot.StrategyRunner | ── Scan cycle | 11:12:32 | mode=paper ──
2026-08-04 11:12:32 | INFO     | TradingBot.StrategyRunner | New entry blocked: Max open positions (3) reached
2026-08-04 11:12:34 | INFO     | TradingBot.StrategyRunner | ── Scan cycle | 11:12:34 | mode=paper ──
2026-08-04 11:12:34 | INFO     | TradingBot.StrategyRunner | New entry blocked: Max open positions (3) reached
2026-08-04 11:12:51 | INFO     | TradingBot.StrategyRunner | ── Scan cycle | 11:12:51 | mode=paper ──
2026-08-04 11:12:51 | INFO     | TradingBot.StrategyRunner | New entry blocked: Max open positions (3) reached
2026-08-04 11:12:51 | INFO     | TradingBot.StrategyRunner | ── Scan cycle | 11:12:51 | mode=paper ──
2026-08-04 11:12:51 | INFO     | TradingBot.StrategyRunner | New entry blocked: Max open positions (3) reached
2026-08-04 11:13:02 | INFO     | TradingBot.StrategyRunner | ── Scan cycle | 11:13:02 | mode=paper ──
2026-08-04 11:13:02 | INFO     | TradingBot.StrategyRunner | New entry blocked: Max open positions (3) reached
2026-08-04 11:13:04 | INFO     | TradingBot.StrategyRunner | ── Scan cycle | 11:13:04 | mode=paper ──
2026-08-04 11:13:04 | INFO     | TradingBot.StrategyRunner | New entry blocked: Max open positions (3) reached
2026-08-04 11:13:21 | INFO     | TradingBot.StrategyRunner | ── Scan cycle | 11:13:21 | mode=paper ──
2026-08-04 11:13:21 | INFO     | TradingBot.StrategyRunner | New entry blocked: Max open positions (3) reached
2026-08-04 11:13:32 | INFO     | TradingBot.StrategyRunner | ── Scan cycle | 11:13:32 | mode=paper ──
2026-08-04 11:13:32 | INFO     | TradingBot.StrategyRunner | New entry blocked: Max open positions (3) reached
2026-08-04 11:13:34 | INFO     | TradingBot.StrategyRunner | ── Scan cycle | 11:13:34 | mode=paper ──
2026-08-04 11:13:34 | INFO     | TradingBot.StrategyRunner | New entry blocked: Max open positions (3) reached
2026-08-04 11:13:51 | INFO     | TradingBot.StrategyRunner | ── Scan cycle | 11:13:51 | mode=paper ──
2026-08-04 11:13:51 | INFO     | TradingBot.StrategyRunner | New entry blocked: Max open positions (3) reached
2026-08-04 11:14:02 | INFO     | TradingBot.StrategyRunner | ── Scan cycle | 11:14:02 | mode=paper ──
2026-08-04 11:14:02 | INFO     | TradingBot.StrategyRunner | New entry blocked: Max open positions (3) reached
2026-08-04 11:14:04 | INFO     | TradingBot.StrategyRunner | ── Scan cycle | 11:14:04 | mode=paper ──
2026-08-04 11:14:04 | INFO     | TradingBot.StrategyRunner | New entry blocked: Max open positions (3) reached
2026-08-04 11:14:21 | INFO     | TradingBot.StrategyRunner | ── Scan cycle | 11:14:21 | mode=paper ──
2026-08-04 11:14:21 | INFO     | TradingBot.StrategyRunner | New entry blocked: Max open positions (3) reached
2026-08-04 11:14:32 | INFO     | TradingBot.StrategyRunner | ── Scan cycle | 11:14:32 | mode=paper ──
2026-08-04 11:14:32 | INFO     | TradingBot.StrategyRunner | New entry blocked: Max open positions (3) reached
2026-08-04 11:14:34 | INFO     | TradingBot.StrategyRunner | ── Scan cycle | 11:14:34 | mode=paper ──
2026-08-04 11:14:34 | INFO     | TradingBot.StrategyRunner | New entry blocked: Max open positions (3) reached
2026-08-04 11:14:51 | INFO     | TradingBot.StrategyRunner | ── Scan cycle | 11:14:51 | mode=paper ──
2026-08-04 11:14:51 | INFO     | TradingBot.StrategyRunner | New entry blocked: Max open positions (3) reached
2026-08-04 11:14:51 | INFO     | TradingBot.StrategyRunner | ── Scan cycle | 11:14:51 | mode=paper ──
2026-08-04 11:14:51 | INFO     | TradingBot.StrategyRunner | New entry blocked: Max open positions (3) reached
2026-08-04 11:15:02 | INFO     | TradingBot.StrategyRunner | ── Scan cycle | 11:15:02 | mode=paper ──
2026-08-04 11:15:02 | INFO     | TradingBot.StrategyRunner | New entry blocked: Max open positions (3) reached
2026-08-04 11:15:04 | INFO     | TradingBot.StrategyRunner | ── Scan cycle | 11:15:04 | mode=paper ──
2026-08-04 11:15:04 | INFO     | TradingBot.StrategyRunner | New entry blocked: Max open positions (3) reached
2026-08-04 11:15:21 | INFO     | TradingBot.StrategyRunner | ── Scan cycle | 11:15:21 | mode=paper ──
2026-08-04 11:15:21 | INFO     | TradingBot.StrategyRunner | New entry blocked: Max open positions (3) reached
2026-08-04 11:15:32 | INFO     | TradingBot.StrategyRunner | ── Scan cycle | 11:15:32 | mode=paper ──
2026-08-04 11:15:32 | INFO     | TradingBot.StrategyRunner | New entry blocked: Max open positions (3) reached
2026-08-04 11:15:34 | INFO     | TradingBot.StrategyRunner | ── Scan cycle | 11:15:34 | mode=paper ──
2026-08-04 11:15:34 | INFO     | TradingBot.StrategyRunner | New entry blocked: Max open positions (3) reached
2026-08-04 11:15:51 | INFO     | TradingBot.StrategyRunner | ── Scan cycle | 11:15:51 | mode=paper ──
2026-08-04 11:15:51 | INFO     | TradingBot.StrategyRunner | New entry blocked: Max open positions (3) reached
2026-08-04 11:16:02 | INFO     | TradingBot.StrategyRunner | ── Scan cycle | 11:16:02 | mode=paper ──
2026-08-04 11:16:02 | INFO     | TradingBot.StrategyRunner | New entry blocked: Max open positions (3) reached
2026-08-04 11:16:04 | INFO     | TradingBot.StrategyRunner | ── Scan cycle | 11:16:04 | mode=paper ──
2026-08-04 11:16:04 | INFO     | TradingBot.StrategyRunner | New entry blocked: Max open positions (3) reached
2026-08-04 11:16:21 | INFO     | TradingBot.StrategyRunner | ── Scan cycle | 11:16:21 | mode=paper ──
2026-08-04 11:16:21 | INFO     | TradingBot.StrategyRunner | New entry blocked: Max open positions (3) reached
2026-08-04 11:16:32 | INFO     | TradingBot.StrategyRunner | ── Scan cycle | 11:16:32 | mode=paper ──
2026-08-04 11:16:32 | INFO     | TradingBot.StrategyRunner | New entry blocked: Max open positions (3) reached
2026-08-04 11:16:34 | INFO     | TradingBot.StrategyRunner | ── Scan cycle | 11:16:34 | mode=paper ──
2026-08-04 11:16:34 | INFO     | TradingBot.StrategyRunner | New entry blocked: Max open positions (3) reached
2026-08-04 11:16:51 | INFO     | TradingBot.StrategyRunner | ── Scan cycle | 11:16:51 | mode=paper ──
2026-08-04 11:16:51 | INFO     | TradingBot.StrategyRunner | New entry blocked: Max open positions (3) reached
2026-08-04 11:17:02 | INFO     | TradingBot.StrategyRunner | ── Scan cycle | 11:17:02 | mode=paper ──
2026-08-04 11:17:02 | INFO     | TradingBot.StrategyRunner | New entry blocked: Max open positions (3) reached
2026-08-04 11:17:04 | INFO     | TradingBot.StrategyRunner | ── Scan cycle | 11:17:04 | mode=paper ──
2026-08-04 11:17:04 | INFO     | TradingBot.StrategyRunner | New entry blocked: Max open positions (3) reached
2026-08-04 11:17:21 | INFO     | TradingBot.StrategyRunner | ── Scan cycle | 11:17:21 | mode=paper ──
2026-08-04 11:17:21 | INFO     | TradingBot.StrategyRunner | New entry blocked: Max open positions (3) reached
2026-08-04 11:17:32 | INFO     | TradingBot.StrategyRunner | ── Scan cycle | 11:17:32 | mode=paper ──
2026-08-04 11:17:32 | INFO     | TradingBot.StrategyRunner | New entry blocked: Max open positions (3) reached
2026-08-04 11:17:34 | INFO     | TradingBot.StrategyRunner | ── Scan cycle | 11:17:34 | mode=paper ──
2026-08-04 11:17:34 | INFO     | TradingBot.StrategyRunner | New entry blocked: Max open positions (3) reached
2026-08-04 11:17:51 | INFO     | TradingBot.StrategyRunner | ── Scan cycle | 11:17:51 | mode=paper ──
2026-08-04 11:17:51 | INFO     | TradingBot.StrategyRunner | New entry blocked: Max open positions (3) reached
2026-08-04 11:17:51 | INFO     | TradingBot.StrategyRunner | ── Scan cycle | 11:17:51 | mode=paper ──
2026-08-04 11:17:51 | INFO     | TradingBot.StrategyRunner | New entry blocked: Max open positions (3) reached
2026-08-04 11:18:02 | INFO     | TradingBot.StrategyRunner | ── Scan cycle | 11:18:02 | mode=paper ──
2026-08-04 11:18:02 | INFO     | TradingBot.StrategyRunner | New entry blocked: Max open positions (3) reached
2026-08-04 11:18:04 | INFO     | TradingBot.StrategyRunner | ── Scan cycle | 11:18:04 | mode=paper ──
2026-08-04 11:18:04 | INFO     | TradingBot.StrategyRunner | New entry blocked: Max open positions (3) reached
2026-08-04 11:18:21 | INFO     | TradingBot.StrategyRunner | ── Scan cycle | 11:18:21 | mode=paper ──
2026-08-04 11:18:21 | INFO     | TradingBot.StrategyRunner | New entry blocked: Max open positions (3) reached
2026-08-04 11:18:32 | INFO     | TradingBot.StrategyRunner | ── Scan cycle | 11:18:32 | mode=paper ──
2026-08-04 11:18:32 | INFO     | TradingBot.StrategyRunner | New entry blocked: Max open positions (3) reached
2026-08-04 11:18:34 | INFO     | TradingBot.StrategyRunner | ── Scan cycle | 11:18:34 | mode=paper ──
2026-08-04 11:18:34 | INFO     | TradingBot.StrategyRunner | New entry blocked: Max open positions (3) reached
2026-08-04 11:18:51 | INFO     | TradingBot.StrategyRunner | ── Scan cycle | 11:18:51 | mode=paper ──
2026-08-04 11:18:51 | INFO     | TradingBot.StrategyRunner | New entry blocked: Max open positions (3) reached
2026-08-04 11:19:02 | INFO     | TradingBot.StrategyRunner | ── Scan cycle | 11:19:02 | mode=paper ──
2026-08-04 11:19:02 | INFO     | TradingBot.StrategyRunner | New entry blocked: Max open positions (3) reached
2026-08-04 11:19:04 | INFO     | TradingBot.StrategyRunner | ── Scan cycle | 11:19:04 | mode=paper ──
2026-08-04 11:19:04 | INFO     | TradingBot.StrategyRunner | New entry blocked: Max open positions (3) reached
2026-08-04 11:19:21 | INFO     | TradingBot.StrategyRunner | ── Scan cycle | 11:19:21 | mode=paper ──
2026-08-04 11:19:21 | INFO     | TradingBot.StrategyRunner | New entry blocked: Max open positions (3) reached
2026-08-04 11:19:32 | INFO     | TradingBot.StrategyRunner | ── Scan cycle | 11:19:32 | mode=paper ──
2026-08-04 11:19:32 | INFO     | TradingBot.StrategyRunner | New entry blocked: Max open positions (3) reached
2026-08-04 11:19:34 | INFO     | TradingBot.StrategyRunner | ── Scan cycle | 11:19:34 | mode=paper ──
2026-08-04 11:19:34 | INFO     | TradingBot.StrategyRunner | New entry blocked: Max open positions (3) reached
2026-08-04 11:19:51 | INFO     | TradingBot.StrategyRunner | ── Scan cycle | 11:19:51 | mode=paper ──
2026-08-04 11:19:51 | INFO     | TradingBot.StrategyRunner | New entry blocked: Max open positions (3) reached
2026-08-04 11:19:51 | INFO     | TradingBot.StrategyRunner | ── Scan cycle | 11:19:51 | mode=paper ──
2026-08-04 11:19:51 | INFO     | TradingBot.StrategyRunner | New entry blocked: Max open positions (3) reached
2026-08-04 11:20:02 | INFO     | TradingBot.StrategyRunner | ── Scan cycle | 11:20:02 | mode=paper ──
2026-08-04 11:20:02 | INFO     | TradingBot.StrategyRunner | New entry blocked: Max open positions (3) reached
2026-08-04 11:20:04 | INFO     | TradingBot.StrategyRunner | ── Scan cycle | 11:20:04 | mode=paper ──
2026-08-04 11:20:04 | INFO     | TradingBot.StrategyRunner | New entry blocked: Max open positions (3) reached
2026-08-04 11:20:21 | INFO     | TradingBot.StrategyRunner | ── Scan cycle | 11:20:21 | mode=paper ──
2026-08-04 11:20:21 | INFO     | TradingBot.StrategyRunner | New entry blocked: Max open positions (3) reached
2026-08-04 11:20:32 | INFO     | TradingBot.StrategyRunner | ── Scan cycle | 11:20:32 | mode=paper ──
2026-08-04 11:20:32 | INFO     | TradingBot.StrategyRunner | New entry blocked: Max open positions (3) reached
2026-08-04 11:20:34 | INFO     | TradingBot.StrategyRunner | ── Scan cycle | 11:20:34 | mode=paper ──
2026-08-04 11:20:34 | INFO     | TradingBot.StrategyRunner | New entry blocked: Max open positions (3) reached
2026-08-04 11:20:51 | INFO     | TradingBot.StrategyRunner | ── Scan cycle | 11:20:51 | mode=paper ──
2026-08-04 11:20:51 | INFO     | TradingBot.StrategyRunner | New entry blocked: Max open positions (3) reached
2026-08-04 11:21:02 | INFO     | TradingBot.StrategyRunner | ── Scan cycle | 11:21:02 | mode=paper ──
2026-08-04 11:21:02 | INFO     | TradingBot.StrategyRunner | New entry blocked: Max open positions (3) reached
2026-08-04 11:21:04 | INFO     | TradingBot.StrategyRunner | ── Scan cycle | 11:21:04 | mode=paper ──
2026-08-04 11:21:04 | INFO     | TradingBot.StrategyRunner | New entry blocked: Max open positions (3) reached
2026-08-04 11:21:21 | INFO     | TradingBot.StrategyRunner | ── Scan cycle | 11:21:21 | mode=paper ──
2026-08-04 11:21:21 | INFO     | TradingBot.StrategyRunner | New entry blocked: Max open positions (3) reached
2026-08-04 11:21:32 | INFO     | TradingBot.StrategyRunner | ── Scan cycle | 11:21:32 | mode=paper ──
2026-08-04 11:21:32 | INFO     | TradingBot.StrategyRunner | New entry blocked: Max open positions (3) reached
2026-08-04 11:21:34 | INFO     | TradingBot.StrategyRunner | ── Scan cycle | 11:21:34 | mode=paper ──
2026-08-04 11:21:34 | INFO     | TradingBot.StrategyRunner | New entry blocked: Max open positions (3) reached
2026-08-04 11:21:51 | INFO     | TradingBot.StrategyRunner | ── Scan cycle | 11:21:51 | mode=paper ──
2026-08-04 11:21:51 | INFO     | TradingBot.StrategyRunner | New entry blocked: Max open positions (3) reached
2026-08-04 11:22:03 | INFO     | TradingBot.StrategyRunner | ── Scan cycle | 11:22:03 | mode=paper ──
2026-08-04 11:22:03 | INFO     | TradingBot.StrategyRunner | New entry blocked: Max open positions (3) reached
2026-08-04 11:22:04 | INFO     | TradingBot.StrategyRunner | ── Scan cycle | 11:22:04 | mode=paper ──
2026-08-04 11:22:04 | INFO     | TradingBot.StrategyRunner | New entry blocked: Max open positions (3) reached
2026-08-04 11:22:21 | INFO     | TradingBot.StrategyRunner | ── Scan cycle | 11:22:21 | mode=paper ──
2026-08-04 11:22:21 | INFO     | TradingBot.StrategyRunner | New entry blocked: Max open positions (3) reached
2026-08-04 11:22:33 | INFO     | TradingBot.StrategyRunner | ── Scan cycle | 11:22:33 | mode=paper ──
2026-08-04 11:22:33 | INFO     | TradingBot.StrategyRunner | New entry blocked: Max open positions (3) reached
2026-08-04 11:22:34 | INFO     | TradingBot.StrategyRunner | ── Scan cycle | 11:22:34 | mode=paper ──
2026-08-04 11:22:34 | INFO     | TradingBot.StrategyRunner | New entry blocked: Max open positions (3) reached
2026-08-04 11:22:51 | INFO     | TradingBot.StrategyRunner | ── Scan cycle | 11:22:51 | mode=paper ──
2026-08-04 11:22:51 | INFO     | TradingBot.StrategyRunner | New entry blocked: Max open positions (3) reached
2026-08-04 11:22:51 | INFO     | TradingBot.StrategyRunner | ── Scan cycle | 11:22:51 | mode=paper ──
2026-08-04 11:22:51 | INFO     | TradingBot.StrategyRunner | New entry blocked: Max open positions (3) reached
2026-08-04 11:23:03 | INFO     | TradingBot.StrategyRunner | ── Scan cycle | 11:23:03 | mode=paper ──
2026-08-04 11:23:03 | INFO     | TradingBot.StrategyRunner | New entry blocked: Max open positions (3) reached
2026-08-04 11:23:04 | INFO     | TradingBot.StrategyRunner | ── Scan cycle | 11:23:04 | mode=paper ──
2026-08-04 11:23:04 | INFO     | TradingBot.StrategyRunner | New entry blocked: Max open positions (3) reached
2026-08-04 11:23:21 | INFO     | TradingBot.StrategyRunner | ── Scan cycle | 11:23:21 | mode=paper ──
2026-08-04 11:23:21 | INFO     | TradingBot.StrategyRunner | New entry blocked: Max open positions (3) reached
2026-08-04 11:23:33 | INFO     | TradingBot.StrategyRunner | ── Scan cycle | 11:23:33 | mode=paper ──
2026-08-04 11:23:33 | INFO     | TradingBot.StrategyRunner | New entry blocked: Max open positions (3) reached
2026-08-04 11:23:34 | INFO     | TradingBot.StrategyRunner | ── Scan cycle | 11:23:34 | mode=paper ──
2026-08-04 11:23:34 | INFO     | TradingBot.StrategyRunner | New entry blocked: Max open positions (3) reached
2026-08-04 11:23:51 | INFO     | TradingBot.StrategyRunner | ── Scan cycle | 11:23:51 | mode=paper ──
2026-08-04 11:23:51 | INFO     | TradingBot.StrategyRunner | New entry blocked: Max open positions (3) reached
2026-08-04 11:24:03 | INFO     | TradingBot.StrategyRunner | ── Scan cycle | 11:24:03 | mode=paper ──
2026-08-04 11:24:03 | INFO     | TradingBot.StrategyRunner | New entry blocked: Max open positions (3) reached
2026-08-04 11:24:04 | INFO     | TradingBot.StrategyRunner | ── Scan cycle | 11:24:04 | mode=paper ──
2026-08-04 11:24:04 | INFO     | TradingBot.StrategyRunner | New entry blocked: Max open positions (3) reached
2026-08-04 11:24:21 | INFO     | TradingBot.StrategyRunner | ── Scan cycle | 11:24:21 | mode=paper ──
2026-08-04 11:24:21 | INFO     | TradingBot.StrategyRunner | New entry blocked: Max open positions (3) reached
2026-08-04 11:24:33 | INFO     | TradingBot.StrategyRunner | ── Scan cycle | 11:24:33 | mode=paper ──
2026-08-04 11:24:33 | INFO     | TradingBot.StrategyRunner | New entry blocked: Max open positions (3) reached
2026-08-04 11:24:34 | INFO     | TradingBot.StrategyRunner | ── Scan cycle | 11:24:34 | mode=paper ──
2026-08-04 11:24:34 | INFO     | TradingBot.StrategyRunner | New entry blocked: Max open positions (3) reached
2026-08-04 11:24:51 | INFO     | TradingBot.StrategyRunner | ── Scan cycle | 11:24:51 | mode=paper ──
2026-08-04 11:24:51 | INFO     | TradingBot.StrategyRunner | New entry blocked: Max open positions (3) reached
2026-08-04 11:24:51 | INFO     | TradingBot.StrategyRunner | ── Scan cycle | 11:24:51 | mode=paper ──
2026-08-04 11:24:51 | INFO     | TradingBot.StrategyRunner | New entry blocked: Max open positions (3) reached
2026-08-04 11:25:03 | INFO     | TradingBot.StrategyRunner | ── Scan cycle | 11:25:03 | mode=paper ──
2026-08-04 11:25:03 | INFO     | TradingBot.StrategyRunner | New entry blocked: Max open positions (3) reached
2026-08-04 11:25:04 | INFO     | TradingBot.StrategyRunner | ── Scan cycle | 11:25:04 | mode=paper ──
2026-08-04 11:25:04 | INFO     | TradingBot.StrategyRunner | New entry blocked: Max open positions (3) reached
2026-08-04 11:25:21 | INFO     | TradingBot.StrategyRunner | ── Scan cycle | 11:25:21 | mode=paper ──
2026-08-04 11:25:21 | INFO     | TradingBot.StrategyRunner | New entry blocked: Max open positions (3) reached
2026-08-04 11:25:33 | INFO     | TradingBot.StrategyRunner | ── Scan cycle | 11:25:33 | mode=paper ──
2026-08-04 11:25:33 | INFO     | TradingBot.StrategyRunner | New entry blocked: Max open positions (3) reached
2026-08-04 11:25:34 | INFO     | TradingBot.StrategyRunner | ── Scan cycle | 11:25:34 | mode=paper ──
2026-08-04 11:25:34 | INFO     | TradingBot.StrategyRunner | New entry blocked: Max open positions (3) reached
2026-08-04 11:25:51 | INFO     | TradingBot.StrategyRunner | ── Scan cycle | 11:25:51 | mode=paper ──
2026-08-04 11:25:51 | INFO     | TradingBot.StrategyRunner | New entry blocked: Max open positions (3) reached
2026-08-04 11:26:03 | INFO     | TradingBot.StrategyRunner | ── Scan cycle | 11:26:03 | mode=paper ──
2026-08-04 11:26:03 | INFO     | TradingBot.StrategyRunner | New entry blocked: Max open positions (3) reached
2026-08-04 11:26:04 | INFO     | TradingBot.StrategyRunner | ── Scan cycle | 11:26:04 | mode=paper ──
2026-08-04 11:26:04 | INFO     | TradingBot.StrategyRunner | New entry blocked: Max open positions (3) reached
2026-08-04 11:26:21 | INFO     | TradingBot.StrategyRunner | ── Scan cycle | 11:26:21 | mode=paper ──
2026-08-04 11:26:21 | INFO     | TradingBot.StrategyRunner | New entry blocked: Max open positions (3) reached
2026-08-04 11:26:33 | INFO     | TradingBot.StrategyRunner | ── Scan cycle | 11:26:33 | mode=paper ──
2026-08-04 11:26:33 | INFO     | TradingBot.StrategyRunner | New entry blocked: Max open positions (3) reached
2026-08-04 11:26:34 | INFO     | TradingBot.StrategyRunner | ── Scan cycle | 11:26:34 | mode=paper ──
2026-08-04 11:26:34 | INFO     | TradingBot.StrategyRunner | New entry blocked: Max open positions (3) reached
2026-08-04 11:26:51 | INFO     | TradingBot.StrategyRunner | ── Scan cycle | 11:26:51 | mode=paper ──
2026-08-04 11:26:51 | INFO     | TradingBot.StrategyRunner | New entry blocked: Max open positions (3) reached
2026-08-04 11:27:03 | INFO     | TradingBot.StrategyRunner | ── Scan cycle | 11:27:03 | mode=paper ──
2026-08-04 11:27:03 | INFO     | TradingBot.StrategyRunner | New entry blocked: Max open positions (3) reached
2026-08-04 11:27:04 | INFO     | TradingBot.StrategyRunner | ── Scan cycle | 11:27:04 | mode=paper ──
2026-08-04 11:27:04 | INFO     | TradingBot.StrategyRunner | New entry blocked: Max open positions (3) reached
2026-08-04 11:27:21 | INFO     | TradingBot.StrategyRunner | ── Scan cycle | 11:27:21 | mode=paper ──
2026-08-04 11:27:21 | INFO     | TradingBot.StrategyRunner | New entry blocked: Max open positions (3) reached
2026-08-04 11:27:33 | INFO     | TradingBot.StrategyRunner | ── Scan cycle | 11:27:33 | mode=paper ──
2026-08-04 11:27:33 | INFO     | TradingBot.StrategyRunner | New entry blocked: Max open positions (3) reached
2026-08-04 11:27:34 | INFO     | TradingBot.StrategyRunner | ── Scan cycle | 11:27:34 | mode=paper ──
2026-08-04 11:27:34 | INFO     | TradingBot.StrategyRunner | New entry blocked: Max open positions (3) reached
2026-08-04 11:27:51 | INFO     | TradingBot.StrategyRunner | ── Scan cycle | 11:27:51 | mode=paper ──
2026-08-04 11:27:51 | INFO     | TradingBot.StrategyRunner | New entry blocked: Max open positions (3) reached
2026-08-04 11:27:51 | INFO     | TradingBot.StrategyRunner | ── Scan cycle | 11:27:51 | mode=paper ──
2026-08-04 11:27:51 | INFO     | TradingBot.StrategyRunner | New entry blocked: Max open positions (3) reached
2026-08-04 11:28:03 | INFO     | TradingBot.StrategyRunner | ── Scan cycle | 11:28:03 | mode=paper ──
2026-08-04 11:28:03 | INFO     | TradingBot.StrategyRunner | New entry blocked: Max open positions (3) reached
2026-08-04 11:28:04 | INFO     | TradingBot.StrategyRunner | ── Scan cycle | 11:28:04 | mode=paper ──
2026-08-04 11:28:04 | INFO     | TradingBot.StrategyRunner | New entry blocked: Max open positions (3) reached
2026-08-04 11:28:21 | INFO     | TradingBot.StrategyRunner | ── Scan cycle | 11:28:21 | mode=paper ──
2026-08-04 11:28:21 | INFO     | TradingBot.StrategyRunner | New entry blocked: Max open positions (3) reached
2026-08-04 11:28:33 | INFO     | TradingBot.StrategyRunner | ── Scan cycle | 11:28:33 | mode=paper ──
2026-08-04 11:28:33 | INFO     | TradingBot.StrategyRunner | New entry blocked: Max open positions (3) reached
2026-08-04 11:28:34 | INFO     | TradingBot.StrategyRunner | ── Scan cycle | 11:28:34 | mode=paper ──
2026-08-04 11:28:34 | INFO     | TradingBot.StrategyRunner | New entry blocked: Max open positions (3) reached
2026-08-04 11:28:51 | INFO     | TradingBot.StrategyRunner | ── Scan cycle | 11:28:51 | mode=paper ──
2026-08-04 11:28:51 | INFO     | TradingBot.StrategyRunner | New entry blocked: Max open positions (3) reached
2026-08-04 11:29:03 | INFO     | TradingBot.StrategyRunner | ── Scan cycle | 11:29:03 | mode=paper ──
2026-08-04 11:29:03 | INFO     | TradingBot.StrategyRunner | New entry blocked: Max open positions (3) reached
2026-08-04 11:29:04 | INFO     | TradingBot.StrategyRunner | ── Scan cycle | 11:29:04 | mode=paper ──
2026-08-04 11:29:04 | INFO     | TradingBot.StrategyRunner | New entry blocked: Max open positions (3) reached
2026-08-04 11:29:21 | INFO     | TradingBot.StrategyRunner | ── Scan cycle | 11:29:21 | mode=paper ──
2026-08-04 11:29:21 | INFO     | TradingBot.StrategyRunner | New entry blocked: Max open positions (3) reached
2026-08-04 11:29:33 | INFO     | TradingBot.StrategyRunner | ── Scan cycle | 11:29:33 | mode=paper ──
2026-08-04 11:29:33 | INFO     | TradingBot.StrategyRunner | New entry blocked: Max open positions (3) reached
2026-08-04 11:29:34 | INFO     | TradingBot.StrategyRunner | ── Scan cycle | 11:29:34 | mode=paper ──
2026-08-04 11:29:34 | INFO     | TradingBot.StrategyRunner | New entry blocked: Max open positions (3) reached
2026-08-04 11:29:51 | INFO     | TradingBot.StrategyRunner | ── Scan cycle | 11:29:51 | mode=paper ──
2026-08-04 11:29:51 | INFO     | TradingBot.StrategyRunner | New entry blocked: Max open positions (3) reached
2026-08-04 11:29:51 | INFO     | TradingBot.StrategyRunner | ── Scan cycle | 11:29:51 | mode=paper ──
2026-08-04 11:29:51 | INFO     | TradingBot.StrategyRunner | New entry blocked: Max open positions (3) reached
2026-08-04 11:30:03 | INFO     | TradingBot.StrategyRunner | ── Scan cycle | 11:30:03 | mode=paper ──
2026-08-04 11:30:03 | INFO     | TradingBot.StrategyRunner | New entry blocked: Max open positions (3) reached
2026-08-04 11:30:04 | INFO     | TradingBot.StrategyRunner | ── Scan cycle | 11:30:04 | mode=paper ──
2026-08-04 11:30:04 | INFO     | TradingBot.StrategyRunner | New entry blocked: Max open positions (3) reached
2026-08-04 11:30:21 | INFO     | TradingBot.StrategyRunner | ── Scan cycle | 11:30:21 | mode=paper ──
2026-08-04 11:30:21 | INFO     | TradingBot.StrategyRunner | New entry blocked: Max open positions (3) reached
2026-08-04 11:30:33 | INFO     | TradingBot.StrategyRunner | ── Scan cycle | 11:30:33 | mode=paper ──
2026-08-04 11:30:33 | INFO     | TradingBot.StrategyRunner | New entry blocked: Max open positions (3) reached
2026-08-04 11:30:34 | INFO     | TradingBot.StrategyRunner | ── Scan cycle | 11:30:34 | mode=paper ──
2026-08-04 11:30:34 | INFO     | TradingBot.StrategyRunner | New entry blocked: Max open positions (3) reached
2026-08-04 11:30:51 | INFO     | TradingBot.StrategyRunner | ── Scan cycle | 11:30:51 | mode=paper ──
2026-08-04 11:30:51 | INFO     | TradingBot.StrategyRunner | New entry blocked: Max open positions (3) reached
2026-08-04 11:31:03 | INFO     | TradingBot.StrategyRunner | ── Scan cycle | 11:31:03 | mode=paper ──
2026-08-04 11:31:03 | INFO     | TradingBot.StrategyRunner | New entry blocked: Max open positions (3) reached
2026-08-04 11:31:04 | INFO     | TradingBot.StrategyRunner | ── Scan cycle | 11:31:04 | mode=paper ──
2026-08-04 11:31:04 | INFO     | TradingBot.StrategyRunner | New entry blocked: Max open positions (3) reached
2026-08-04 11:31:21 | INFO     | TradingBot.StrategyRunner | ── Scan cycle | 11:31:21 | mode=paper ──
2026-08-04 11:31:21 | INFO     | TradingBot.StrategyRunner | New entry blocked: Max open positions (3) reached
2026-08-04 11:31:33 | INFO     | TradingBot.StrategyRunner | ── Scan cycle | 11:31:33 | mode=paper ──
2026-08-04 11:31:33 | INFO     | TradingBot.StrategyRunner | New entry blocked: Max open positions (3) reached
2026-08-04 11:31:34 | INFO     | TradingBot.StrategyRunner | ── Scan cycle | 11:31:34 | mode=paper ──
2026-08-04 11:31:34 | INFO     | TradingBot.StrategyRunner | New entry blocked: Max open positions (3) reached
2026-08-04 11:31:51 | INFO     | TradingBot.StrategyRunner | ── Scan cycle | 11:31:51 | mode=paper ──
2026-08-04 11:31:51 | INFO     | TradingBot.StrategyRunner | New entry blocked: Max open positions (3) reached
2026-08-04 11:32:03 | INFO     | TradingBot.StrategyRunner | ── Scan cycle | 11:32:03 | mode=paper ──
2026-08-04 11:32:03 | INFO     | TradingBot.StrategyRunner | New entry blocked: Max open positions (3) reached
2026-08-04 11:32:04 | INFO     | TradingBot.StrategyRunner | ── Scan cycle | 11:32:04 | mode=paper ──
2026-08-04 11:32:04 | INFO     | TradingBot.StrategyRunner | New entry blocked: Max open positions (3) reached
2026-08-04 11:32:21 | INFO     | TradingBot.StrategyRunner | ── Scan cycle | 11:32:21 | mode=paper ──
2026-08-04 11:32:21 | INFO     | TradingBot.StrategyRunner | New entry blocked: Max open positions (3) reached
2026-08-04 11:32:33 | INFO     | TradingBot.StrategyRunner | ── Scan cycle | 11:32:33 | mode=paper ──
2026-08-04 11:32:33 | INFO     | TradingBot.StrategyRunner | New entry blocked: Max open positions (3) reached
2026-08-04 11:32:34 | INFO     | TradingBot.StrategyRunner | ── Scan cycle | 11:32:34 | mode=paper ──
2026-08-04 11:32:34 | INFO     | TradingBot.StrategyRunner | New entry blocked: Max open positions (3) reached
2026-08-04 11:32:51 | INFO     | TradingBot.StrategyRunner | ── Scan cycle | 11:32:51 | mode=paper ──
2026-08-04 11:32:51 | INFO     | TradingBot.StrategyRunner | New entry blocked: Max open positions (3) reached
2026-08-04 11:32:51 | INFO     | TradingBot.StrategyRunner | ── Scan cycle | 11:32:51 | mode=paper ──
2026-08-04 11:32:51 | INFO     | TradingBot.StrategyRunner | New entry blocked: Max open positions (3) reached
2026-08-04 11:33:03 | INFO     | TradingBot.StrategyRunner | ── Scan cycle | 11:33:03 | mode=paper ──
2026-08-04 11:33:03 | INFO     | TradingBot.StrategyRunner | New entry blocked: Max open positions (3) reached
2026-08-04 11:33:04 | INFO     | TradingBot.StrategyRunner | ── Scan cycle | 11:33:04 | mode=paper ──
2026-08-04 11:33:04 | INFO     | TradingBot.StrategyRunner | New entry blocked: Max open positions (3) reached
2026-08-04 11:33:21 | INFO     | TradingBot.StrategyRunner | ── Scan cycle | 11:33:21 | mode=paper ──
2026-08-04 11:33:21 | INFO     | TradingBot.StrategyRunner | New entry blocked: Max open positions (3) reached
2026-08-04 11:33:33 | INFO     | TradingBot.StrategyRunner | ── Scan cycle | 11:33:33 | mode=paper ──
2026-08-04 11:33:33 | INFO     | TradingBot.StrategyRunner | New entry blocked: Max open positions (3) reached
2026-08-04 11:33:34 | INFO     | TradingBot.StrategyRunner | ── Scan cycle | 11:33:34 | mode=paper ──
2026-08-04 11:33:34 | INFO     | TradingBot.StrategyRunner | New entry blocked: Max open positions (3) reached
2026-08-04 11:33:51 | INFO     | TradingBot.StrategyRunner | ── Scan cycle | 11:33:51 | mode=paper ──
2026-08-04 11:33:51 | INFO     | TradingBot.StrategyRunner | New entry blocked: Max open positions (3) reached
2026-08-04 11:34:03 | INFO     | TradingBot.StrategyRunner | ── Scan cycle | 11:34:03 | mode=paper ──
2026-08-04 11:34:03 | INFO     | TradingBot.StrategyRunner | New entry blocked: Max open positions (3) reached
2026-08-04 11:34:04 | INFO     | TradingBot.StrategyRunner | ── Scan cycle | 11:34:04 | mode=paper ──
2026-08-04 11:34:04 | INFO     | TradingBot.StrategyRunner | New entry blocked: Max open positions (3) reached
2026-08-04 11:34:21 | INFO     | TradingBot.StrategyRunner | ── Scan cycle | 11:34:21 | mode=paper ──
2026-08-04 11:34:21 | INFO     | TradingBot.StrategyRunner | New entry blocked: Max open positions (3) reached
2026-08-04 11:34:33 | INFO     | TradingBot.StrategyRunner | ── Scan cycle | 11:34:33 | mode=paper ──
2026-08-04 11:34:33 | INFO     | TradingBot.StrategyRunner | New entry blocked: Max open positions (3) reached
2026-08-04 11:34:34 | INFO     | TradingBot.StrategyRunner | ── Scan cycle | 11:34:34 | mode=paper ──
2026-08-04 11:34:34 | INFO     | TradingBot.StrategyRunner | New entry blocked: Max open positions (3) reached
2026-08-04 11:34:51 | INFO     | TradingBot.StrategyRunner | ── Scan cycle | 11:34:51 | mode=paper ──
2026-08-04 11:34:51 | INFO     | TradingBot.StrategyRunner | New entry blocked: Max open positions (3) reached
2026-08-04 11:34:51 | INFO     | TradingBot.StrategyRunner | ── Scan cycle | 11:34:51 | mode=paper ──
2026-08-04 11:34:51 | INFO     | TradingBot.StrategyRunner | New entry blocked: Max open positions (3) reached
2026-08-04 11:35:03 | INFO     | TradingBot.StrategyRunner | ── Scan cycle | 11:35:03 | mode=paper ──
2026-08-04 11:35:03 | INFO     | TradingBot.StrategyRunner | New entry blocked: Max open positions (3) reached
2026-08-04 11:35:04 | INFO     | TradingBot.StrategyRunner | ── Scan cycle | 11:35:04 | mode=paper ──
2026-08-04 11:35:04 | INFO     | TradingBot.StrategyRunner | New entry blocked: Max open positions (3) reached
2026-08-04 11:35:21 | INFO     | TradingBot.StrategyRunner | ── Scan cycle | 11:35:21 | mode=paper ──
2026-08-04 11:35:21 | INFO     | TradingBot.StrategyRunner | New entry blocked: Max open positions (3) reached
2026-08-04 11:35:33 | INFO     | TradingBot.StrategyRunner | ── Scan cycle | 11:35:33 | mode=paper ──
2026-08-04 11:35:33 | INFO     | TradingBot.StrategyRunner | New entry blocked: Max open positions (3) reached
2026-08-04 11:35:34 | INFO     | TradingBot.StrategyRunner | ── Scan cycle | 11:35:34 | mode=paper ──
2026-08-04 11:35:34 | INFO     | TradingBot.StrategyRunner | New entry blocked: Max open positions (3) reached
2026-08-04 11:35:51 | INFO     | TradingBot.StrategyRunner | ── Scan cycle | 11:35:51 | mode=paper ──
2026-08-04 11:35:51 | INFO     | TradingBot.StrategyRunner | New entry blocked: Max open positions (3) reached
2026-08-04 11:36:03 | INFO     | TradingBot.StrategyRunner | ── Scan cycle | 11:36:03 | mode=paper ──
2026-08-04 11:36:03 | INFO     | TradingBot.StrategyRunner | New entry blocked: Max open positions (3) reached
2026-08-04 11:36:04 | INFO     | TradingBot.StrategyRunner | ── Scan cycle | 11:36:04 | mode=paper ──
2026-08-04 11:36:04 | INFO     | TradingBot.StrategyRunner | New entry blocked: Max open positions (3) reached
2026-08-04 11:36:21 | INFO     | TradingBot.StrategyRunner | ── Scan cycle | 11:36:21 | mode=paper ──
2026-08-04 11:36:21 | INFO     | TradingBot.StrategyRunner | New entry blocked: Max open positions (3) reached
2026-08-04 11:36:33 | INFO     | TradingBot.StrategyRunner | ── Scan cycle | 11:36:33 | mode=paper ──
2026-08-04 11:36:33 | INFO     | TradingBot.StrategyRunner | New entry blocked: Max open positions (3) reached
2026-08-04 11:36:34 | INFO     | TradingBot.StrategyRunner | ── Scan cycle | 11:36:34 | mode=paper ──
2026-08-04 11:36:34 | INFO     | TradingBot.StrategyRunner | New entry blocked: Max open positions (3) reached
2026-08-04 11:36:51 | INFO     | TradingBot.StrategyRunner | ── Scan cycle | 11:36:51 | mode=paper ──
2026-08-04 11:36:51 | INFO     | TradingBot.StrategyRunner | New entry blocked: Max open positions (3) reached
2026-08-04 11:37:03 | INFO     | TradingBot.StrategyRunner | ── Scan cycle | 11:37:03 | mode=paper ──
2026-08-04 11:37:03 | INFO     | TradingBot.StrategyRunner | New entry blocked: Max open positions (3) reached
2026-08-04 11:37:04 | INFO     | TradingBot.StrategyRunner | ── Scan cycle | 11:37:04 | mode=paper ──
2026-08-04 11:37:04 | INFO     | TradingBot.StrategyRunner | New entry blocked: Max open positions (3) reached
2026-08-04 11:37:21 | INFO     | TradingBot.StrategyRunner | ── Scan cycle | 11:37:21 | mode=paper ──
2026-08-04 11:37:21 | INFO     | TradingBot.StrategyRunner | New entry blocked: Max open positions (3) reached
2026-08-04 11:37:33 | INFO     | TradingBot.StrategyRunner | ── Scan cycle | 11:37:33 | mode=paper ──
2026-08-04 11:37:33 | INFO     | TradingBot.StrategyRunner | New entry blocked: Max open positions (3) reached
2026-08-04 11:37:34 | INFO     | TradingBot.StrategyRunner | ── Scan cycle | 11:37:34 | mode=paper ──
2026-08-04 11:37:34 | INFO     | TradingBot.StrategyRunner | New entry blocked: Max open positions (3) reached
2026-08-04 11:37:51 | INFO     | TradingBot.StrategyRunner | ── Scan cycle | 11:37:51 | mode=paper ──
2026-08-04 11:37:51 | INFO     | TradingBot.StrategyRunner | New entry blocked: Max open positions (3) reached
2026-08-04 11:37:51 | INFO     | TradingBot.StrategyRunner | ── Scan cycle | 11:37:51 | mode=paper ──
2026-08-04 11:37:51 | INFO     | TradingBot.StrategyRunner | New entry blocked: Max open positions (3) reached
2026-08-04 11:38:03 | INFO     | TradingBot.StrategyRunner | ── Scan cycle | 11:38:03 | mode=paper ──
2026-08-04 11:38:03 | INFO     | TradingBot.StrategyRunner | New entry blocked: Max open positions (3) reached
2026-08-04 11:38:04 | INFO     | TradingBot.StrategyRunner | ── Scan cycle | 11:38:04 | mode=paper ──
2026-08-04 11:38:04 | INFO     | TradingBot.StrategyRunner | New entry blocked: Max open positions (3) reached
2026-08-04 11:38:21 | INFO     | TradingBot.StrategyRunner | ── Scan cycle | 11:38:21 | mode=paper ──
2026-08-04 11:38:21 | INFO     | TradingBot.StrategyRunner | New entry blocked: Max open positions (3) reached
2026-08-04 11:38:33 | INFO     | TradingBot.StrategyRunner | ── Scan cycle | 11:38:33 | mode=paper ──
2026-08-04 11:38:33 | INFO     | TradingBot.StrategyRunner | New entry blocked: Max open positions (3) reached
2026-08-04 11:38:34 | INFO     | TradingBot.StrategyRunner | ── Scan cycle | 11:38:34 | mode=paper ──
2026-08-04 11:38:34 | INFO     | TradingBot.StrategyRunner | New entry blocked: Max open positions (3) reached
2026-08-04 11:38:51 | INFO     | TradingBot.StrategyRunner | ── Scan cycle | 11:38:51 | mode=paper ──
2026-08-04 11:38:51 | INFO     | TradingBot.StrategyRunner | New entry blocked: Max open positions (3) reached
2026-08-04 11:39:03 | INFO     | TradingBot.StrategyRunner | ── Scan cycle | 11:39:03 | mode=paper ──
2026-08-04 11:39:03 | INFO     | TradingBot.StrategyRunner | New entry blocked: Max open positions (3) reached
2026-08-04 11:39:04 | INFO     | TradingBot.StrategyRunner | ── Scan cycle | 11:39:04 | mode=paper ──
2026-08-04 11:39:04 | INFO     | TradingBot.StrategyRunner | New entry blocked: Max open positions (3) reached
2026-08-04 11:39:21 | INFO     | TradingBot.StrategyRunner | ── Scan cycle | 11:39:21 | mode=paper ──
2026-08-04 11:39:21 | INFO     | TradingBot.StrategyRunner | New entry blocked: Max open positions (3) reached
2026-08-04 11:39:33 | INFO     | TradingBot.StrategyRunner | ── Scan cycle | 11:39:33 | mode=paper ──
2026-08-04 11:39:33 | INFO     | TradingBot.StrategyRunner | New entry blocked: Max open positions (3) reached
2026-08-04 11:39:34 | INFO     | TradingBot.StrategyRunner | ── Scan cycle | 11:39:34 | mode=paper ──
2026-08-04 11:39:34 | INFO     | TradingBot.StrategyRunner | New entry blocked: Max open positions (3) reached
2026-08-04 11:39:51 | INFO     | TradingBot.StrategyRunner | ── Scan cycle | 11:39:51 | mode=paper ──
2026-08-04 11:39:51 | INFO     | TradingBot.StrategyRunner | New entry blocked: Max open positions (3) reached
2026-08-04 11:39:51 | INFO     | TradingBot.StrategyRunner | ── Scan cycle | 11:39:51 | mode=paper ──
2026-08-04 11:39:51 | INFO     | TradingBot.StrategyRunner | New entry blocked: Max open positions (3) reached
2026-08-04 11:40:03 | INFO     | TradingBot.StrategyRunner | ── Scan cycle | 11:40:03 | mode=paper ──
2026-08-04 11:40:03 | INFO     | TradingBot.StrategyRunner | New entry blocked: Max open positions (3) reached
2026-08-04 11:40:04 | INFO     | TradingBot.StrategyRunner | ── Scan cycle | 11:40:04 | mode=paper ──
2026-08-04 11:40:04 | INFO     | TradingBot.StrategyRunner | New entry blocked: Max open positions (3) reached
2026-08-04 11:40:21 | INFO     | TradingBot.StrategyRunner | ── Scan cycle | 11:40:21 | mode=paper ──
2026-08-04 11:40:21 | INFO     | TradingBot.StrategyRunner | New entry blocked: Max open positions (3) reached
2026-08-04 11:40:33 | INFO     | TradingBot.StrategyRunner | ── Scan cycle | 11:40:33 | mode=paper ──
2026-08-04 11:40:33 | INFO     | TradingBot.StrategyRunner | New entry blocked: Max open positions (3) reached
2026-08-04 11:40:34 | INFO     | TradingBot.StrategyRunner | ── Scan cycle | 11:40:34 | mode=paper ──
2026-08-04 11:40:34 | INFO     | TradingBot.StrategyRunner | New entry blocked: Max open positions (3) reached
2026-08-04 11:40:51 | INFO     | TradingBot.StrategyRunner | ── Scan cycle | 11:40:51 | mode=paper ──
2026-08-04 11:40:51 | INFO     | TradingBot.StrategyRunner | New entry blocked: Max open positions (3) reached
2026-08-04 11:41:03 | INFO     | TradingBot.StrategyRunner | ── Scan cycle | 11:41:03 | mode=paper ──
2026-08-04 11:41:03 | INFO     | TradingBot.StrategyRunner | New entry blocked: Max open positions (3) reached
2026-08-04 11:41:04 | INFO     | TradingBot.StrategyRunner | ── Scan cycle | 11:41:04 | mode=paper ──
2026-08-04 11:41:04 | INFO     | TradingBot.StrategyRunner | New entry blocked: Max open positions (3) reached
2026-08-04 11:41:21 | INFO     | TradingBot.StrategyRunner | ── Scan cycle | 11:41:21 | mode=paper ──
2026-08-04 11:41:21 | INFO     | TradingBot.StrategyRunner | New entry blocked: Max open positions (3) reached
2026-08-04 11:41:33 | INFO     | TradingBot.StrategyRunner | ── Scan cycle | 11:41:33 | mode=paper ──
2026-08-04 11:41:33 | INFO     | TradingBot.StrategyRunner | New entry blocked: Max open positions (3) reached
2026-08-04 11:41:34 | INFO     | TradingBot.StrategyRunner | ── Scan cycle | 11:41:34 | mode=paper ──
2026-08-04 11:41:34 | INFO     | TradingBot.StrategyRunner | New entry blocked: Max open positions (3) reached
2026-08-04 11:41:51 | INFO     | TradingBot.StrategyRunner | ── Scan cycle | 11:41:51 | mode=paper ──
2026-08-04 11:41:51 | INFO     | TradingBot.StrategyRunner | New entry blocked: Max open positions (3) reached
2026-08-04 11:42:03 | INFO     | TradingBot.StrategyRunner | ── Scan cycle | 11:42:03 | mode=paper ──
2026-08-04 11:42:03 | INFO     | TradingBot.StrategyRunner | New entry blocked: Max open positions (3) reached
2026-08-04 11:42:04 | INFO     | TradingBot.StrategyRunner | ── Scan cycle | 11:42:04 | mode=paper ──
2026-08-04 11:42:04 | INFO     | TradingBot.StrategyRunner | New entry blocked: Max open positions (3) reached
2026-08-04 11:42:21 | INFO     | TradingBot.StrategyRunner | ── Scan cycle | 11:42:21 | mode=paper ──
2026-08-04 11:42:21 | INFO     | TradingBot.StrategyRunner | New entry blocked: Max open positions (3) reached
2026-08-04 11:42:33 | INFO     | TradingBot.StrategyRunner | ── Scan cycle | 11:42:33 | mode=paper ──
2026-08-04 11:42:33 | INFO     | TradingBot.StrategyRunner | New entry blocked: Max open positions (3) reached
2026-08-04 11:42:34 | INFO     | TradingBot.StrategyRunner | ── Scan cycle | 11:42:34 | mode=paper ──
2026-08-04 11:42:34 | INFO     | TradingBot.StrategyRunner | New entry blocked: Max open positions (3) reached
2026-08-04 11:42:51 | INFO     | TradingBot.StrategyRunner | ── Scan cycle | 11:42:51 | mode=paper ──
2026-08-04 11:42:51 | INFO     | TradingBot.StrategyRunner | New entry blocked: Max open positions (3) reached
2026-08-04 11:42:51 | INFO     | TradingBot.StrategyRunner | ── Scan cycle | 11:42:51 | mode=paper ──
2026-08-04 11:42:51 | INFO     | TradingBot.StrategyRunner | New entry blocked: Max open positions (3) reached
2026-08-04 11:43:03 | INFO     | TradingBot.StrategyRunner | ── Scan cycle | 11:43:03 | mode=paper ──
2026-08-04 11:43:03 | INFO     | TradingBot.StrategyRunner | New entry blocked: Max open positions (3) reached
2026-08-04 11:43:04 | INFO     | TradingBot.StrategyRunner | ── Scan cycle | 11:43:04 | mode=paper ──
2026-08-04 11:43:04 | INFO     | TradingBot.StrategyRunner | New entry blocked: Max open positions (3) reached
2026-08-04 11:43:22 | INFO     | TradingBot.StrategyRunner | ── Scan cycle | 11:43:21 | mode=paper ──
2026-08-04 11:43:22 | INFO     | TradingBot.StrategyRunner | New entry blocked: Max open positions (3) reached
2026-08-04 11:43:33 | INFO     | TradingBot.StrategyRunner | ── Scan cycle | 11:43:33 | mode=paper ──
2026-08-04 11:43:33 | INFO     | TradingBot.StrategyRunner | New entry blocked: Max open positions (3) reached
2026-08-04 11:43:34 | INFO     | TradingBot.StrategyRunner | ── Scan cycle | 11:43:34 | mode=paper ──
2026-08-04 11:43:34 | INFO     | TradingBot.StrategyRunner | New entry blocked: Max open positions (3) reached
2026-08-04 11:43:52 | INFO     | TradingBot.StrategyRunner | ── Scan cycle | 11:43:52 | mode=paper ──
2026-08-04 11:43:52 | INFO     | TradingBot.StrategyRunner | New entry blocked: Max open positions (3) reached
2026-08-04 11:44:03 | INFO     | TradingBot.StrategyRunner | ── Scan cycle | 11:44:03 | mode=paper ──
2026-08-04 11:44:03 | INFO     | TradingBot.StrategyRunner | New entry blocked: Max open positions (3) reached
2026-08-04 11:44:04 | INFO     | TradingBot.StrategyRunner | ── Scan cycle | 11:44:04 | mode=paper ──
2026-08-04 11:44:04 | INFO     | TradingBot.StrategyRunner | New entry blocked: Max open positions (3) reached
2026-08-04 11:44:22 | INFO     | TradingBot.StrategyRunner | ── Scan cycle | 11:44:22 | mode=paper ──
2026-08-04 11:44:22 | INFO     | TradingBot.StrategyRunner | New entry blocked: Max open positions (3) reached
2026-08-04 11:44:33 | INFO     | TradingBot.StrategyRunner | ── Scan cycle | 11:44:33 | mode=paper ──
2026-08-04 11:44:33 | INFO     | TradingBot.StrategyRunner | New entry blocked: Max open positions (3) reached
2026-08-04 11:44:34 | INFO     | TradingBot.StrategyRunner | ── Scan cycle | 11:44:34 | mode=paper ──
2026-08-04 11:44:34 | INFO     | TradingBot.StrategyRunner | New entry blocked: Max open positions (3) reached
2026-08-04 11:44:51 | INFO     | TradingBot.StrategyRunner | ── Scan cycle | 11:44:51 | mode=paper ──
2026-08-04 11:44:51 | INFO     | TradingBot.StrategyRunner | New entry blocked: Max open positions (3) reached
2026-08-04 11:44:52 | INFO     | TradingBot.StrategyRunner | ── Scan cycle | 11:44:52 | mode=paper ──
2026-08-04 11:44:52 | INFO     | TradingBot.StrategyRunner | New entry blocked: Max open positions (3) reached
2026-08-04 11:45:03 | INFO     | TradingBot.StrategyRunner | ── Scan cycle | 11:45:03 | mode=paper ──
2026-08-04 11:45:03 | INFO     | TradingBot.StrategyRunner | New entry blocked: Max open positions (3) reached
2026-08-04 11:45:04 | INFO     | TradingBot.StrategyRunner | ── Scan cycle | 11:45:04 | mode=paper ──
2026-08-04 11:45:04 | INFO     | TradingBot.StrategyRunner | New entry blocked: Max open positions (3) reached
2026-08-04 11:45:22 | INFO     | TradingBot.StrategyRunner | ── Scan cycle | 11:45:22 | mode=paper ──
2026-08-04 11:45:22 | INFO     | TradingBot.StrategyRunner | New entry blocked: Max open positions (3) reached
2026-08-04 11:45:33 | INFO     | TradingBot.StrategyRunner | ── Scan cycle | 11:45:33 | mode=paper ──
2026-08-04 11:45:33 | INFO     | TradingBot.StrategyRunner | New entry blocked: Max open positions (3) reached
2026-08-04 11:45:34 | INFO     | TradingBot.StrategyRunner | ── Scan cycle | 11:45:34 | mode=paper ──
2026-08-04 11:45:34 | INFO     | TradingBot.StrategyRunner | New entry blocked: Max open positions (3) reached
2026-08-04 11:45:52 | INFO     | TradingBot.StrategyRunner | ── Scan cycle | 11:45:52 | mode=paper ──
2026-08-04 11:45:52 | INFO     | TradingBot.StrategyRunner | New entry blocked: Max open positions (3) reached
2026-08-04 11:46:03 | INFO     | TradingBot.StrategyRunner | ── Scan cycle | 11:46:03 | mode=paper ──
2026-08-04 11:46:03 | INFO     | TradingBot.StrategyRunner | New entry blocked: Max open positions (3) reached
2026-08-04 11:46:04 | INFO     | TradingBot.StrategyRunner | ── Scan cycle | 11:46:04 | mode=paper ──
2026-08-04 11:46:04 | INFO     | TradingBot.StrategyRunner | New entry blocked: Max open positions (3) reached
2026-08-04 11:46:22 | INFO     | TradingBot.StrategyRunner | ── Scan cycle | 11:46:22 | mode=paper ──
2026-08-04 11:46:22 | INFO     | TradingBot.StrategyRunner | New entry blocked: Max open positions (3) reached
2026-08-04 11:46:33 | INFO     | TradingBot.StrategyRunner | ── Scan cycle | 11:46:33 | mode=paper ──
2026-08-04 11:46:33 | INFO     | TradingBot.StrategyRunner | New entry blocked: Max open positions (3) reached
2026-08-04 11:46:34 | INFO     | TradingBot.StrategyRunner | ── Scan cycle | 11:46:34 | mode=paper ──
2026-08-04 11:46:34 | INFO     | TradingBot.StrategyRunner | New entry blocked: Max open positions (3) reached
2026-08-04 11:46:52 | INFO     | TradingBot.StrategyRunner | ── Scan cycle | 11:46:52 | mode=paper ──
2026-08-04 11:46:52 | INFO     | TradingBot.StrategyRunner | New entry blocked: Max open positions (3) reached
2026-08-04 11:47:03 | INFO     | TradingBot.StrategyRunner | ── Scan cycle | 11:47:03 | mode=paper ──
2026-08-04 11:47:03 | INFO     | TradingBot.StrategyRunner | New entry blocked: Max open positions (3) reached
2026-08-04 11:47:04 | INFO     | TradingBot.StrategyRunner | ── Scan cycle | 11:47:04 | mode=paper ──
2026-08-04 11:47:04 | INFO     | TradingBot.StrategyRunner | New entry blocked: Max open positions (3) reached
2026-08-04 11:47:22 | INFO     | TradingBot.StrategyRunner | ── Scan cycle | 11:47:22 | mode=paper ──
2026-08-04 11:47:22 | INFO     | TradingBot.StrategyRunner | New entry blocked: Max open positions (3) reached
2026-08-04 11:47:33 | INFO     | TradingBot.StrategyRunner | ── Scan cycle | 11:47:33 | mode=paper ──
2026-08-04 11:47:33 | INFO     | TradingBot.StrategyRunner | New entry blocked: Max open positions (3) reached
2026-08-04 11:47:34 | INFO     | TradingBot.StrategyRunner | ── Scan cycle | 11:47:34 | mode=paper ──
2026-08-04 11:47:34 | INFO     | TradingBot.StrategyRunner | New entry blocked: Max open positions (3) reached
2026-08-04 11:47:51 | INFO     | TradingBot.StrategyRunner | ── Scan cycle | 11:47:51 | mode=paper ──
2026-08-04 11:47:51 | INFO     | TradingBot.StrategyRunner | New entry blocked: Max open positions (3) reached
2026-08-04 11:47:52 | INFO     | TradingBot.StrategyRunner | ── Scan cycle | 11:47:52 | mode=paper ──
2026-08-04 11:47:52 | INFO     | TradingBot.StrategyRunner | New entry blocked: Max open positions (3) reached
2026-08-04 11:48:03 | INFO     | TradingBot.StrategyRunner | ── Scan cycle | 11:48:03 | mode=paper ──
2026-08-04 11:48:03 | INFO     | TradingBot.StrategyRunner | New entry blocked: Max open positions (3) reached
2026-08-04 11:48:04 | INFO     | TradingBot.StrategyRunner | ── Scan cycle | 11:48:04 | mode=paper ──
2026-08-04 11:48:04 | INFO     | TradingBot.StrategyRunner | New entry blocked: Max open positions (3) reached
2026-08-04 11:48:22 | INFO     | TradingBot.StrategyRunner | ── Scan cycle | 11:48:22 | mode=paper ──
2026-08-04 11:48:22 | INFO     | TradingBot.StrategyRunner | New entry blocked: Max open positions (3) reached
2026-08-04 11:48:33 | INFO     | TradingBot.StrategyRunner | ── Scan cycle | 11:48:33 | mode=paper ──
2026-08-04 11:48:33 | INFO     | TradingBot.StrategyRunner | New entry blocked: Max open positions (3) reached
2026-08-04 11:48:34 | INFO     | TradingBot.StrategyRunner | ── Scan cycle | 11:48:34 | mode=paper ──
2026-08-04 11:48:34 | INFO     | TradingBot.StrategyRunner | New entry blocked: Max open positions (3) reached
2026-08-04 11:48:52 | INFO     | TradingBot.StrategyRunner | ── Scan cycle | 11:48:52 | mode=paper ──
2026-08-04 11:48:52 | INFO     | TradingBot.StrategyRunner | New entry blocked: Max open positions (3) reached
2026-08-04 11:49:03 | INFO     | TradingBot.StrategyRunner | ── Scan cycle | 11:49:03 | mode=paper ──
2026-08-04 11:49:03 | INFO     | TradingBot.StrategyRunner | New entry blocked: Max open positions (3) reached
2026-08-04 11:49:04 | INFO     | TradingBot.StrategyRunner | ── Scan cycle | 11:49:04 | mode=paper ──
2026-08-04 11:49:04 | INFO     | TradingBot.StrategyRunner | New entry blocked: Max open positions (3) reached
2026-08-04 11:49:22 | INFO     | TradingBot.StrategyRunner | ── Scan cycle | 11:49:22 | mode=paper ──
2026-08-04 11:49:22 | INFO     | TradingBot.StrategyRunner | New entry blocked: Max open positions (3) reached
2026-08-04 11:49:33 | INFO     | TradingBot.StrategyRunner | ── Scan cycle | 11:49:33 | mode=paper ──
2026-08-04 11:49:33 | INFO     | TradingBot.StrategyRunner | New entry blocked: Max open positions (3) reached
2026-08-04 11:49:34 | INFO     | TradingBot.StrategyRunner | ── Scan cycle | 11:49:34 | mode=paper ──
2026-08-04 11:49:34 | INFO     | TradingBot.StrategyRunner | New entry blocked: Max open positions (3) reached
2026-08-04 11:49:51 | INFO     | TradingBot.StrategyRunner | ── Scan cycle | 11:49:51 | mode=paper ──
2026-08-04 11:49:51 | INFO     | TradingBot.StrategyRunner | New entry blocked: Max open positions (3) reached
2026-08-04 11:49:52 | INFO     | TradingBot.StrategyRunner | ── Scan cycle | 11:49:52 | mode=paper ──
2026-08-04 11:49:52 | INFO     | TradingBot.StrategyRunner | New entry blocked: Max open positions (3) reached
2026-08-04 11:50:03 | INFO     | TradingBot.StrategyRunner | ── Scan cycle | 11:50:03 | mode=paper ──
2026-08-04 11:50:03 | INFO     | TradingBot.StrategyRunner | New entry blocked: Max open positions (3) reached
2026-08-04 11:50:04 | INFO     | TradingBot.StrategyRunner | ── Scan cycle | 11:50:04 | mode=paper ──
2026-08-04 11:50:04 | INFO     | TradingBot.StrategyRunner | New entry blocked: Max open positions (3) reached
2026-08-04 11:50:22 | INFO     | TradingBot.StrategyRunner | ── Scan cycle | 11:50:22 | mode=paper ──
2026-08-04 11:50:22 | INFO     | TradingBot.StrategyRunner | New entry blocked: Max open positions (3) reached
2026-08-04 11:50:33 | INFO     | TradingBot.StrategyRunner | ── Scan cycle | 11:50:33 | mode=paper ──
2026-08-04 11:50:33 | INFO     | TradingBot.StrategyRunner | New entry blocked: Max open positions (3) reached
2026-08-04 11:50:34 | INFO     | TradingBot.StrategyRunner | ── Scan cycle | 11:50:34 | mode=paper ──
2026-08-04 11:50:34 | INFO     | TradingBot.StrategyRunner | New entry blocked: Max open positions (3) reached
2026-08-04 11:50:52 | INFO     | TradingBot.StrategyRunner | ── Scan cycle | 11:50:52 | mode=paper ──
2026-08-04 11:50:52 | INFO     | TradingBot.StrategyRunner | New entry blocked: Max open positions (3) reached
2026-08-04 11:51:03 | INFO     | TradingBot.StrategyRunner | ── Scan cycle | 11:51:03 | mode=paper ──
2026-08-04 11:51:03 | INFO     | TradingBot.StrategyRunner | New entry blocked: Max open positions (3) reached
2026-08-04 11:51:04 | INFO     | TradingBot.StrategyRunner | ── Scan cycle | 11:51:04 | mode=paper ──
2026-08-04 11:51:04 | INFO     | TradingBot.StrategyRunner | New entry blocked: Max open positions (3) reached
2026-08-04 11:51:22 | INFO     | TradingBot.StrategyRunner | ── Scan cycle | 11:51:22 | mode=paper ──
2026-08-04 11:51:22 | INFO     | TradingBot.StrategyRunner | New entry blocked: Max open positions (3) reached
2026-08-04 11:51:33 | INFO     | TradingBot.StrategyRunner | ── Scan cycle | 11:51:33 | mode=paper ──
2026-08-04 11:51:33 | INFO     | TradingBot.StrategyRunner | New entry blocked: Max open positions (3) reached
2026-08-04 11:51:34 | INFO     | TradingBot.StrategyRunner | ── Scan cycle | 11:51:34 | mode=paper ──
2026-08-04 11:51:34 | INFO     | TradingBot.StrategyRunner | New entry blocked: Max open positions (3) reached
2026-08-04 11:51:52 | INFO     | TradingBot.StrategyRunner | ── Scan cycle | 11:51:52 | mode=paper ──
2026-08-04 11:51:52 | INFO     | TradingBot.StrategyRunner | New entry blocked: Max open positions (3) reached
2026-08-04 11:52:03 | INFO     | TradingBot.StrategyRunner | ── Scan cycle | 11:52:03 | mode=paper ──
2026-08-04 11:52:03 | INFO     | TradingBot.StrategyRunner | New entry blocked: Max open positions (3) reached
2026-08-04 11:52:04 | INFO     | TradingBot.StrategyRunner | ── Scan cycle | 11:52:04 | mode=paper ──
2026-08-04 11:52:04 | INFO     | TradingBot.StrategyRunner | New entry blocked: Max open positions (3) reached
2026-08-04 11:52:22 | INFO     | TradingBot.StrategyRunner | ── Scan cycle | 11:52:22 | mode=paper ──
2026-08-04 11:52:22 | INFO     | TradingBot.StrategyRunner | New entry blocked: Max open positions (3) reached
2026-08-04 11:52:33 | INFO     | TradingBot.StrategyRunner | ── Scan cycle | 11:52:33 | mode=paper ──
2026-08-04 11:52:33 | INFO     | TradingBot.StrategyRunner | New entry blocked: Max open positions (3) reached
2026-08-04 11:52:34 | INFO     | TradingBot.StrategyRunner | ── Scan cycle | 11:52:34 | mode=paper ──
2026-08-04 11:52:34 | INFO     | TradingBot.StrategyRunner | New entry blocked: Max open positions (3) reached
2026-08-04 11:52:51 | INFO     | TradingBot.StrategyRunner | ── Scan cycle | 11:52:51 | mode=paper ──
2026-08-04 11:52:51 | INFO     | TradingBot.StrategyRunner | New entry blocked: Max open positions (3) reached
2026-08-04 11:52:52 | INFO     | TradingBot.StrategyRunner | ── Scan cycle | 11:52:52 | mode=paper ──
2026-08-04 11:52:52 | INFO     | TradingBot.StrategyRunner | New entry blocked: Max open positions (3) reached
2026-08-04 11:53:03 | INFO     | TradingBot.StrategyRunner | ── Scan cycle | 11:53:03 | mode=paper ──
2026-08-04 11:53:03 | INFO     | TradingBot.StrategyRunner | New entry blocked: Max open positions (3) reached
2026-08-04 11:53:04 | INFO     | TradingBot.StrategyRunner | ── Scan cycle | 11:53:04 | mode=paper ──
2026-08-04 11:53:04 | INFO     | TradingBot.StrategyRunner | New entry blocked: Max open positions (3) reached
2026-08-04 11:53:22 | INFO     | TradingBot.StrategyRunner | ── Scan cycle | 11:53:22 | mode=paper ──
2026-08-04 11:53:22 | INFO     | TradingBot.StrategyRunner | New entry blocked: Max open positions (3) reached
2026-08-04 11:53:33 | INFO     | TradingBot.StrategyRunner | ── Scan cycle | 11:53:33 | mode=paper ──
2026-08-04 11:53:33 | INFO     | TradingBot.StrategyRunner | New entry blocked: Max open positions (3) reached
2026-08-04 11:53:34 | INFO     | TradingBot.StrategyRunner | ── Scan cycle | 11:53:34 | mode=paper ──
2026-08-04 11:53:34 | INFO     | TradingBot.StrategyRunner | New entry blocked: Max open positions (3) reached
2026-08-04 11:53:52 | INFO     | TradingBot.StrategyRunner | ── Scan cycle | 11:53:52 | mode=paper ──
2026-08-04 11:53:52 | INFO     | TradingBot.StrategyRunner | New entry blocked: Max open positions (3) reached
2026-08-04 11:54:03 | INFO     | TradingBot.StrategyRunner | ── Scan cycle | 11:54:03 | mode=paper ──
2026-08-04 11:54:03 | INFO     | TradingBot.StrategyRunner | New entry blocked: Max open positions (3) reached
2026-08-04 11:54:04 | INFO     | TradingBot.StrategyRunner | ── Scan cycle | 11:54:04 | mode=paper ──
2026-08-04 11:54:04 | INFO     | TradingBot.StrategyRunner | New entry blocked: Max open positions (3) reached
2026-08-04 11:54:22 | INFO     | TradingBot.StrategyRunner | ── Scan cycle | 11:54:22 | mode=paper ──
2026-08-04 11:54:22 | INFO     | TradingBot.StrategyRunner | New entry blocked: Max open positions (3) reached
2026-08-04 11:54:33 | INFO     | TradingBot.StrategyRunner | ── Scan cycle | 11:54:33 | mode=paper ──
2026-08-04 11:54:33 | INFO     | TradingBot.StrategyRunner | New entry blocked: Max open positions (3) reached
2026-08-04 11:54:34 | INFO     | TradingBot.StrategyRunner | ── Scan cycle | 11:54:34 | mode=paper ──
2026-08-04 11:54:34 | INFO     | TradingBot.StrategyRunner | New entry blocked: Max open positions (3) reached
2026-08-04 11:54:51 | INFO     | TradingBot.StrategyRunner | ── Scan cycle | 11:54:51 | mode=paper ──
2026-08-04 11:54:51 | INFO     | TradingBot.StrategyRunner | New entry blocked: Max open positions (3) reached
2026-08-04 11:54:52 | INFO     | TradingBot.StrategyRunner | ── Scan cycle | 11:54:52 | mode=paper ──
2026-08-04 11:54:52 | INFO     | TradingBot.StrategyRunner | New entry blocked: Max open positions (3) reached
2026-08-04 11:55:03 | INFO     | TradingBot.StrategyRunner | ── Scan cycle | 11:55:03 | mode=paper ──
2026-08-04 11:55:03 | INFO     | TradingBot.StrategyRunner | New entry blocked: Max open positions (3) reached
2026-08-04 11:55:05 | INFO     | TradingBot.StrategyRunner | ── Scan cycle | 11:55:04 | mode=paper ──
2026-08-04 11:55:05 | INFO     | TradingBot.StrategyRunner | New entry blocked: Max open positions (3) reached
2026-08-04 11:55:22 | INFO     | TradingBot.StrategyRunner | ── Scan cycle | 11:55:22 | mode=paper ──
2026-08-04 11:55:22 | INFO     | TradingBot.StrategyRunner | New entry blocked: Max open positions (3) reached
2026-08-04 11:55:33 | INFO     | TradingBot.StrategyRunner | ── Scan cycle | 11:55:33 | mode=paper ──
2026-08-04 11:55:33 | INFO     | TradingBot.StrategyRunner | New entry blocked: Max open positions (3) reached
2026-08-04 11:55:35 | INFO     | TradingBot.StrategyRunner | ── Scan cycle | 11:55:35 | mode=paper ──
2026-08-04 11:55:35 | INFO     | TradingBot.StrategyRunner | New entry blocked: Max open positions (3) reached
2026-08-04 11:55:52 | INFO     | TradingBot.StrategyRunner | ── Scan cycle | 11:55:52 | mode=paper ──
2026-08-04 11:55:52 | INFO     | TradingBot.StrategyRunner | New entry blocked: Max open positions (3) reached
2026-08-04 11:56:03 | INFO     | TradingBot.StrategyRunner | ── Scan cycle | 11:56:03 | mode=paper ──
2026-08-04 11:56:03 | INFO     | TradingBot.StrategyRunner | New entry blocked: Max open positions (3) reached
2026-08-04 11:56:05 | INFO     | TradingBot.StrategyRunner | ── Scan cycle | 11:56:05 | mode=paper ──
2026-08-04 11:56:05 | INFO     | TradingBot.StrategyRunner | New entry blocked: Max open positions (3) reached
2026-08-04 11:56:22 | INFO     | TradingBot.StrategyRunner | ── Scan cycle | 11:56:22 | mode=paper ──
2026-08-04 11:56:22 | INFO     | TradingBot.StrategyRunner | New entry blocked: Max open positions (3) reached
2026-08-04 11:56:33 | INFO     | TradingBot.StrategyRunner | ── Scan cycle | 11:56:33 | mode=paper ──
2026-08-04 11:56:33 | INFO     | TradingBot.StrategyRunner | New entry blocked: Max open positions (3) reached
2026-08-04 11:56:35 | INFO     | TradingBot.StrategyRunner | ── Scan cycle | 11:56:35 | mode=paper ──
2026-08-04 11:56:35 | INFO     | TradingBot.StrategyRunner | New entry blocked: Max open positions (3) reached
2026-08-04 11:56:52 | INFO     | TradingBot.StrategyRunner | ── Scan cycle | 11:56:52 | mode=paper ──
2026-08-04 11:56:52 | INFO     | TradingBot.StrategyRunner | New entry blocked: Max open positions (3) reached
2026-08-04 11:57:03 | INFO     | TradingBot.StrategyRunner | ── Scan cycle | 11:57:03 | mode=paper ──
2026-08-04 11:57:03 | INFO     | TradingBot.StrategyRunner | New entry blocked: Max open positions (3) reached
2026-08-04 11:57:05 | INFO     | TradingBot.StrategyRunner | ── Scan cycle | 11:57:05 | mode=paper ──
2026-08-04 11:57:05 | INFO     | TradingBot.StrategyRunner | New entry blocked: Max open positions (3) reached
2026-08-04 11:57:22 | INFO     | TradingBot.StrategyRunner | ── Scan cycle | 11:57:22 | mode=paper ──
2026-08-04 11:57:22 | INFO     | TradingBot.StrategyRunner | New entry blocked: Max open positions (3) reached
2026-08-04 11:57:33 | INFO     | TradingBot.StrategyRunner | ── Scan cycle | 11:57:33 | mode=paper ──
2026-08-04 11:57:33 | INFO     | TradingBot.StrategyRunner | New entry blocked: Max open positions (3) reached
2026-08-04 11:57:35 | INFO     | TradingBot.StrategyRunner | ── Scan cycle | 11:57:35 | mode=paper ──
2026-08-04 11:57:35 | INFO     | TradingBot.StrategyRunner | New entry blocked: Max open positions (3) reached
2026-08-04 11:57:51 | INFO     | TradingBot.StrategyRunner | ── Scan cycle | 11:57:51 | mode=paper ──
2026-08-04 11:57:51 | INFO     | TradingBot.StrategyRunner | New entry blocked: Max open positions (3) reached
2026-08-04 11:57:52 | INFO     | TradingBot.StrategyRunner | ── Scan cycle | 11:57:52 | mode=paper ──
2026-08-04 11:57:52 | INFO     | TradingBot.StrategyRunner | New entry blocked: Max open positions (3) reached
2026-08-04 11:58:03 | INFO     | TradingBot.StrategyRunner | ── Scan cycle | 11:58:03 | mode=paper ──
2026-08-04 11:58:03 | INFO     | TradingBot.StrategyRunner | New entry blocked: Max open positions (3) reached
2026-08-04 11:58:05 | INFO     | TradingBot.StrategyRunner | ── Scan cycle | 11:58:05 | mode=paper ──
2026-08-04 11:58:05 | INFO     | TradingBot.StrategyRunner | New entry blocked: Max open positions (3) reached
2026-08-04 11:58:22 | INFO     | TradingBot.StrategyRunner | ── Scan cycle | 11:58:22 | mode=paper ──
2026-08-04 11:58:22 | INFO     | TradingBot.StrategyRunner | New entry blocked: Max open positions (3) reached
2026-08-04 11:58:33 | INFO     | TradingBot.StrategyRunner | ── Scan cycle | 11:58:33 | mode=paper ──
2026-08-04 11:58:33 | INFO     | TradingBot.StrategyRunner | New entry blocked: Max open positions (3) reached
2026-08-04 11:58:35 | INFO     | TradingBot.StrategyRunner | ── Scan cycle | 11:58:35 | mode=paper ──
2026-08-04 11:58:35 | INFO     | TradingBot.StrategyRunner | New entry blocked: Max open positions (3) reached
2026-08-04 11:58:44 | INFO     | TradingBot.AnalyticsLogger | Analytics telemetry initialised in database at data/trades.db
2026-08-04 11:58:51 | INFO     | TradingBot.AnalyticsLogger | Analytics telemetry initialised in database at data/trades.db
2026-08-04 11:58:52 | INFO     | TradingBot.StrategyRunner | ── Scan cycle | 11:58:52 | mode=paper ──
2026-08-04 11:58:52 | INFO     | TradingBot.StrategyRunner | New entry blocked: Max open positions (3) reached
2026-08-04 11:58:55 | INFO     | TradingBot.Main | DEMO MODE active — using simulated market data
2026-08-04 11:58:55 | INFO     | TradingBot.Main | Starting Trading Bot | mode=PAPER | date=2026-08-04
2026-08-04 11:58:56 | INFO     | TradingBot.DemoFeed | DemoMarket initialised | 10 symbols | candle every 30s
2026-08-04 11:58:56 | INFO     | TradingBot.Main | Demo feed ready — candles every 30 seconds
2026-08-04 11:58:56 | WARNING  | TradingBot.AngelClient | smartapi-python or pyotp not installed.
2026-08-04 11:58:56 | INFO     | TradingBot.AngelClient | AngelClient initialised in PAPER mode
2026-08-04 11:58:56 | INFO     | TradingBot.Main | Broker active: Angel One (SmartAPI - FREE)
2026-08-04 11:58:58 | INFO     | TradingBot.TradeJournal | Trade journal database initialised at data/trades.db
2026-08-04 11:58:58 | INFO     | TradingBot.RiskManager | RiskManager | capital=INR 100,000 | risk/trade=1.5% | max_daily_loss=4.0%
2026-08-04 11:58:58 | INFO     | TradingBot.AnalyticsLogger | Analytics telemetry initialised in database at data/trades.db
2026-08-04 11:58:58 | INFO     | TradingBot.StrategyRunner | Loaded strategies: ['ema_crossover', 'rsi', 'vwap', 'supertrend', 'candlestick']
2026-08-04 11:58:58 | INFO     | TradingBot.StrategyRunner | StrategyRunner ready | 5 strategies | 10 symbols | interval=demo
2026-08-04 11:58:58 | INFO     | TradingBot.Main | Demo: scan interval set to 30 seconds
2026-08-04 11:58:58 | INFO     | TradingBot.Dashboard | Dashboard initialised and connected to engine.
2026-08-04 11:58:58 | INFO     | TradingBot.Dashboard | Dashboard starting at http://localhost:5000
2026-08-04 11:58:58 | INFO     | TradingBot.Main | ✓ Dashboard running at http://localhost:5000
2026-08-04 11:58:58 | INFO     | TradingBot.Main | Demo mode: bypassing market hours check
2026-08-04 11:58:58 | INFO     | TradingBot.StrategyRunner | Main trading loop started. Tick every 30s.
2026-08-04 11:58:58 | INFO     | TradingBot.StrategyRunner | ── Scan cycle | 11:58:58 | mode=paper ──
2026-08-04 11:58:58 | INFO     | TradingBot.StrategyRunner | ▶ Strategy runner started (mode=paper)
2026-08-04 11:58:58 | INFO     | TradingBot.Main | Bot running. Press Ctrl+C to stop.
2026-08-04 11:58:58 | INFO     | TradingBot.StrategyRunner | New entry blocked: Max open positions (3) reached
2026-08-04 11:59:03 | INFO     | TradingBot.StrategyRunner | ── Scan cycle | 11:59:03 | mode=paper ──
2026-08-04 11:59:03 | INFO     | TradingBot.StrategyRunner | New entry blocked: Max open positions (3) reached
2026-08-04 11:59:05 | INFO     | TradingBot.StrategyRunner | ── Scan cycle | 11:59:05 | mode=paper ──
2026-08-04 11:59:05 | INFO     | TradingBot.StrategyRunner | New entry blocked: Max open positions (3) reached
2026-08-04 11:59:09 | INFO     | TradingBot.AnalyticsLogger | Analytics telemetry initialised in database at data/trades.db
2026-08-04 11:59:22 | INFO     | TradingBot.AnalyticsLogger | Analytics telemetry initialised in database at data/trades.db
2026-08-04 11:59:22 | INFO     | TradingBot.StrategyRunner | ── Scan cycle | 11:59:22 | mode=paper ──
2026-08-04 11:59:22 | INFO     | TradingBot.StrategyRunner | New entry blocked: Max open positions (3) reached
2026-08-04 11:59:26 | INFO     | TradingBot.AnalyticsLogger | Analytics telemetry initialised in database at data/trades.db
2026-08-04 11:59:28 | INFO     | TradingBot.StrategyRunner | ── Scan cycle | 11:59:28 | mode=paper ──
2026-08-04 11:59:28 | INFO     | TradingBot.StrategyRunner | New entry blocked: Max open positions (3) reached
2026-08-04 11:59:33 | INFO     | TradingBot.StrategyRunner | ── Scan cycle | 11:59:33 | mode=paper ──
2026-08-04 11:59:33 | INFO     | TradingBot.StrategyRunner | New entry blocked: Max open positions (3) reached
2026-08-04 11:59:35 | INFO     | TradingBot.StrategyRunner | ── Scan cycle | 11:59:35 | mode=paper ──
2026-08-04 11:59:35 | INFO     | TradingBot.StrategyRunner | New entry blocked: Max open positions (3) reached
2026-08-04 11:59:52 | INFO     | TradingBot.StrategyRunner | ── Scan cycle | 11:59:52 | mode=paper ──
2026-08-04 11:59:52 | INFO     | TradingBot.StrategyRunner | New entry blocked: Max open positions (3) reached
2026-08-04 11:59:52 | INFO     | TradingBot.StrategyRunner | ── Scan cycle | 11:59:52 | mode=paper ──
2026-08-04 11:59:52 | INFO     | TradingBot.StrategyRunner | New entry blocked: Max open positions (3) reached
2026-08-04 11:59:58 | INFO     | TradingBot.StrategyRunner | ── Scan cycle | 11:59:58 | mode=paper ──
2026-08-04 11:59:58 | INFO     | TradingBot.StrategyRunner | New entry blocked: Max open positions (3) reached
2026-08-04 12:00:03 | INFO     | TradingBot.StrategyRunner | ── Scan cycle | 12:00:03 | mode=paper ──
2026-08-04 12:00:03 | INFO     | TradingBot.StrategyRunner | New entry blocked: Max open positions (3) reached
2026-08-04 12:00:05 | INFO     | TradingBot.StrategyRunner | ── Scan cycle | 12:00:05 | mode=paper ──
2026-08-04 12:00:05 | INFO     | TradingBot.StrategyRunner | New entry blocked: Max open positions (3) reached
2026-08-04 12:00:22 | INFO     | TradingBot.StrategyRunner | ── Scan cycle | 12:00:22 | mode=paper ──
2026-08-04 12:00:22 | INFO     | TradingBot.StrategyRunner | New entry blocked: Max open positions (3) reached
2026-08-04 12:00:28 | INFO     | TradingBot.StrategyRunner | ── Scan cycle | 12:00:28 | mode=paper ──
2026-08-04 12:00:28 | INFO     | TradingBot.StrategyRunner | New entry blocked: Max open positions (3) reached
2026-08-04 12:00:33 | INFO     | TradingBot.StrategyRunner | ── Scan cycle | 12:00:33 | mode=paper ──
2026-08-04 12:00:33 | INFO     | TradingBot.StrategyRunner | New entry blocked: Max open positions (3) reached
2026-08-04 12:00:35 | INFO     | TradingBot.StrategyRunner | ── Scan cycle | 12:00:35 | mode=paper ──
2026-08-04 12:00:35 | INFO     | TradingBot.StrategyRunner | New entry blocked: Max open positions (3) reached
2026-08-04 12:00:52 | INFO     | TradingBot.StrategyRunner | ── Scan cycle | 12:00:52 | mode=paper ──
2026-08-04 12:00:52 | INFO     | TradingBot.StrategyRunner | New entry blocked: Max open positions (3) reached
2026-08-04 12:00:58 | INFO     | TradingBot.StrategyRunner | ── Scan cycle | 12:00:58 | mode=paper ──
2026-08-04 12:00:58 | INFO     | TradingBot.StrategyRunner | New entry blocked: Max open positions (3) reached
2026-08-04 12:01:03 | INFO     | TradingBot.StrategyRunner | ── Scan cycle | 12:01:03 | mode=paper ──
2026-08-04 12:01:03 | INFO     | TradingBot.StrategyRunner | New entry blocked: Max open positions (3) reached
2026-08-04 12:01:05 | INFO     | TradingBot.StrategyRunner | ── Scan cycle | 12:01:05 | mode=paper ──
2026-08-04 12:01:05 | INFO     | TradingBot.StrategyRunner | New entry blocked: Max open positions (3) reached
2026-08-04 12:01:22 | INFO     | TradingBot.StrategyRunner | ── Scan cycle | 12:01:22 | mode=paper ──
2026-08-04 12:01:22 | INFO     | TradingBot.StrategyRunner | New entry blocked: Max open positions (3) reached
2026-08-04 12:01:28 | INFO     | TradingBot.StrategyRunner | ── Scan cycle | 12:01:28 | mode=paper ──
2026-08-04 12:01:28 | INFO     | TradingBot.StrategyRunner | New entry blocked: Max open positions (3) reached
2026-08-04 12:01:33 | INFO     | TradingBot.StrategyRunner | ── Scan cycle | 12:01:33 | mode=paper ──
2026-08-04 12:01:33 | INFO     | TradingBot.StrategyRunner | New entry blocked: Max open positions (3) reached
2026-08-04 12:01:35 | INFO     | TradingBot.StrategyRunner | ── Scan cycle | 12:01:35 | mode=paper ──
2026-08-04 12:01:35 | INFO     | TradingBot.StrategyRunner | New entry blocked: Max open positions (3) reached
2026-08-04 12:01:52 | INFO     | TradingBot.StrategyRunner | ── Scan cycle | 12:01:52 | mode=paper ──
2026-08-04 12:01:52 | INFO     | TradingBot.StrategyRunner | New entry blocked: Max open positions (3) reached
2026-08-04 12:01:58 | INFO     | TradingBot.StrategyRunner | ── Scan cycle | 12:01:58 | mode=paper ──
2026-08-04 12:01:58 | INFO     | TradingBot.StrategyRunner | New entry blocked: Max open positions (3) reached
2026-08-04 12:02:03 | INFO     | TradingBot.StrategyRunner | ── Scan cycle | 12:02:03 | mode=paper ──
2026-08-04 12:02:03 | INFO     | TradingBot.StrategyRunner | New entry blocked: Max open positions (3) reached
2026-08-04 12:02:05 | INFO     | TradingBot.StrategyRunner | ── Scan cycle | 12:02:05 | mode=paper ──
2026-08-04 12:02:05 | INFO     | TradingBot.StrategyRunner | New entry blocked: Max open positions (3) reached
2026-08-04 12:02:22 | INFO     | TradingBot.StrategyRunner | ── Scan cycle | 12:02:22 | mode=paper ──
2026-08-04 12:02:22 | INFO     | TradingBot.StrategyRunner | New entry blocked: Max open positions (3) reached
2026-08-04 12:02:28 | INFO     | TradingBot.StrategyRunner | ── Scan cycle | 12:02:28 | mode=paper ──
2026-08-04 12:02:28 | INFO     | TradingBot.StrategyRunner | New entry blocked: Max open positions (3) reached
2026-08-04 12:02:33 | INFO     | TradingBot.StrategyRunner | ── Scan cycle | 12:02:33 | mode=paper ──
2026-08-04 12:02:33 | INFO     | TradingBot.StrategyRunner | New entry blocked: Max open positions (3) reached
2026-08-04 12:02:35 | INFO     | TradingBot.StrategyRunner | ── Scan cycle | 12:02:35 | mode=paper ──
2026-08-04 12:02:35 | INFO     | TradingBot.StrategyRunner | New entry blocked: Max open positions (3) reached
2026-08-04 12:02:51 | INFO     | TradingBot.StrategyRunner | ── Scan cycle | 12:02:51 | mode=paper ──
2026-08-04 12:02:51 | INFO     | TradingBot.StrategyRunner | New entry blocked: Max open positions (3) reached
2026-08-04 12:02:52 | INFO     | TradingBot.StrategyRunner | ── Scan cycle | 12:02:52 | mode=paper ──
2026-08-04 12:02:52 | INFO     | TradingBot.StrategyRunner | New entry blocked: Max open positions (3) reached
2026-08-04 12:02:58 | INFO     | TradingBot.StrategyRunner | ── Scan cycle | 12:02:58 | mode=paper ──
2026-08-04 12:02:58 | INFO     | TradingBot.StrategyRunner | New entry blocked: Max open positions (3) reached
2026-08-04 12:03:03 | INFO     | TradingBot.StrategyRunner | ── Scan cycle | 12:03:03 | mode=paper ──
2026-08-04 12:03:03 | INFO     | TradingBot.StrategyRunner | New entry blocked: Max open positions (3) reached
2026-08-04 12:03:05 | INFO     | TradingBot.StrategyRunner | ── Scan cycle | 12:03:05 | mode=paper ──
2026-08-04 12:03:05 | INFO     | TradingBot.StrategyRunner | New entry blocked: Max open positions (3) reached
2026-08-04 12:03:22 | INFO     | TradingBot.StrategyRunner | ── Scan cycle | 12:03:22 | mode=paper ──
2026-08-04 12:03:22 | INFO     | TradingBot.StrategyRunner | New entry blocked: Max open positions (3) reached
2026-08-04 12:03:28 | INFO     | TradingBot.StrategyRunner | ── Scan cycle | 12:03:28 | mode=paper ──
2026-08-04 12:03:28 | INFO     | TradingBot.StrategyRunner | New entry blocked: Max open positions (3) reached
2026-08-04 12:03:33 | INFO     | TradingBot.StrategyRunner | ── Scan cycle | 12:03:33 | mode=paper ──
2026-08-04 12:03:33 | INFO     | TradingBot.StrategyRunner | New entry blocked: Max open positions (3) reached
2026-08-04 12:03:35 | INFO     | TradingBot.StrategyRunner | ── Scan cycle | 12:03:35 | mode=paper ──
2026-08-04 12:03:35 | INFO     | TradingBot.StrategyRunner | New entry blocked: Max open positions (3) reached
2026-08-04 12:03:52 | INFO     | TradingBot.StrategyRunner | ── Scan cycle | 12:03:52 | mode=paper ──
2026-08-04 12:03:52 | INFO     | TradingBot.StrategyRunner | New entry blocked: Max open positions (3) reached
2026-08-04 12:03:58 | INFO     | TradingBot.StrategyRunner | ── Scan cycle | 12:03:58 | mode=paper ──
2026-08-04 12:03:58 | INFO     | TradingBot.StrategyRunner | New entry blocked: Max open positions (3) reached
2026-08-04 12:04:03 | INFO     | TradingBot.StrategyRunner | ── Scan cycle | 12:04:03 | mode=paper ──
2026-08-04 12:04:03 | INFO     | TradingBot.StrategyRunner | New entry blocked: Max open positions (3) reached
2026-08-04 12:04:05 | INFO     | TradingBot.StrategyRunner | ── Scan cycle | 12:04:05 | mode=paper ──
2026-08-04 12:04:05 | INFO     | TradingBot.StrategyRunner | New entry blocked: Max open positions (3) reached
2026-08-04 12:04:22 | INFO     | TradingBot.StrategyRunner | ── Scan cycle | 12:04:22 | mode=paper ──
2026-08-04 12:04:22 | INFO     | TradingBot.StrategyRunner | New entry blocked: Max open positions (3) reached
2026-08-04 12:04:28 | INFO     | TradingBot.StrategyRunner | ── Scan cycle | 12:04:28 | mode=paper ──
2026-08-04 12:04:28 | INFO     | TradingBot.StrategyRunner | New entry blocked: Max open positions (3) reached
2026-08-04 12:04:33 | INFO     | TradingBot.StrategyRunner | ── Scan cycle | 12:04:33 | mode=paper ──
2026-08-04 12:04:33 | INFO     | TradingBot.StrategyRunner | New entry blocked: Max open positions (3) reached
2026-08-04 12:04:35 | INFO     | TradingBot.StrategyRunner | ── Scan cycle | 12:04:35 | mode=paper ──
2026-08-04 12:04:35 | INFO     | TradingBot.StrategyRunner | New entry blocked: Max open positions (3) reached
2026-08-04 12:04:52 | INFO     | TradingBot.StrategyRunner | ── Scan cycle | 12:04:52 | mode=paper ──
2026-08-04 12:04:52 | INFO     | TradingBot.StrategyRunner | New entry blocked: Max open positions (3) reached
2026-08-04 12:04:52 | INFO     | TradingBot.StrategyRunner | ── Scan cycle | 12:04:52 | mode=paper ──
2026-08-04 12:04:52 | INFO     | TradingBot.StrategyRunner | New entry blocked: Max open positions (3) reached
2026-08-04 12:04:58 | INFO     | TradingBot.StrategyRunner | ── Scan cycle | 12:04:58 | mode=paper ──
2026-08-04 12:04:58 | INFO     | TradingBot.StrategyRunner | New entry blocked: Max open positions (3) reached
2026-08-04 12:05:03 | INFO     | TradingBot.StrategyRunner | ── Scan cycle | 12:05:03 | mode=paper ──
2026-08-04 12:05:03 | INFO     | TradingBot.StrategyRunner | New entry blocked: Max open positions (3) reached
2026-08-04 12:05:05 | INFO     | TradingBot.StrategyRunner | ── Scan cycle | 12:05:05 | mode=paper ──
2026-08-04 12:05:05 | INFO     | TradingBot.StrategyRunner | New entry blocked: Max open positions (3) reached
2026-08-04 12:05:22 | INFO     | TradingBot.StrategyRunner | ── Scan cycle | 12:05:22 | mode=paper ──
2026-08-04 12:05:22 | INFO     | TradingBot.StrategyRunner | New entry blocked: Max open positions (3) reached
2026-08-04 12:05:28 | INFO     | TradingBot.StrategyRunner | ── Scan cycle | 12:05:28 | mode=paper ──
2026-08-04 12:05:28 | INFO     | TradingBot.StrategyRunner | New entry blocked: Max open positions (3) reached
2026-08-04 12:05:33 | INFO     | TradingBot.StrategyRunner | ── Scan cycle | 12:05:33 | mode=paper ──
2026-08-04 12:05:33 | INFO     | TradingBot.StrategyRunner | New entry blocked: Max open positions (3) reached
2026-08-04 12:05:35 | INFO     | TradingBot.StrategyRunner | ── Scan cycle | 12:05:35 | mode=paper ──
2026-08-04 12:05:35 | INFO     | TradingBot.StrategyRunner | New entry blocked: Max open positions (3) reached
2026-08-04 12:05:52 | INFO     | TradingBot.StrategyRunner | ── Scan cycle | 12:05:52 | mode=paper ──
2026-08-04 12:05:52 | INFO     | TradingBot.StrategyRunner | New entry blocked: Max open positions (3) reached
2026-08-04 12:05:58 | INFO     | TradingBot.StrategyRunner | ── Scan cycle | 12:05:58 | mode=paper ──
2026-08-04 12:05:58 | INFO     | TradingBot.StrategyRunner | New entry blocked: Max open positions (3) reached
2026-08-04 12:06:03 | INFO     | TradingBot.StrategyRunner | ── Scan cycle | 12:06:03 | mode=paper ──
2026-08-04 12:06:03 | INFO     | TradingBot.StrategyRunner | New entry blocked: Max open positions (3) reached
2026-08-04 12:06:05 | INFO     | TradingBot.StrategyRunner | ── Scan cycle | 12:06:05 | mode=paper ──
2026-08-04 12:06:05 | INFO     | TradingBot.StrategyRunner | New entry blocked: Max open positions (3) reached
2026-08-04 12:06:22 | INFO     | TradingBot.StrategyRunner | ── Scan cycle | 12:06:22 | mode=paper ──
2026-08-04 12:06:22 | INFO     | TradingBot.StrategyRunner | New entry blocked: Max open positions (3) reached
2026-08-04 12:06:28 | INFO     | TradingBot.StrategyRunner | ── Scan cycle | 12:06:28 | mode=paper ──
2026-08-04 12:06:28 | INFO     | TradingBot.StrategyRunner | New entry blocked: Max open positions (3) reached
2026-08-04 12:06:33 | INFO     | TradingBot.StrategyRunner | ── Scan cycle | 12:06:33 | mode=paper ──
2026-08-04 12:06:33 | INFO     | TradingBot.StrategyRunner | New entry blocked: Max open positions (3) reached
2026-08-04 12:06:35 | INFO     | TradingBot.StrategyRunner | ── Scan cycle | 12:06:35 | mode=paper ──
2026-08-04 12:06:35 | INFO     | TradingBot.StrategyRunner | New entry blocked: Max open positions (3) reached
2026-08-04 12:06:52 | INFO     | TradingBot.StrategyRunner | ── Scan cycle | 12:06:52 | mode=paper ──
2026-08-04 12:06:52 | INFO     | TradingBot.StrategyRunner | New entry blocked: Max open positions (3) reached
2026-08-04 12:06:58 | INFO     | TradingBot.StrategyRunner | ── Scan cycle | 12:06:58 | mode=paper ──
2026-08-04 12:06:58 | INFO     | TradingBot.StrategyRunner | New entry blocked: Max open positions (3) reached
2026-08-04 12:07:03 | INFO     | TradingBot.StrategyRunner | ── Scan cycle | 12:07:03 | mode=paper ──
2026-08-04 12:07:03 | INFO     | TradingBot.StrategyRunner | New entry blocked: Max open positions (3) reached
2026-08-04 12:07:05 | INFO     | TradingBot.StrategyRunner | ── Scan cycle | 12:07:05 | mode=paper ──
2026-08-04 12:07:05 | INFO     | TradingBot.StrategyRunner | New entry blocked: Max open positions (3) reached
2026-08-04 12:07:22 | INFO     | TradingBot.StrategyRunner | ── Scan cycle | 12:07:22 | mode=paper ──
2026-08-04 12:07:22 | INFO     | TradingBot.StrategyRunner | New entry blocked: Max open positions (3) reached
2026-08-04 12:07:28 | INFO     | TradingBot.StrategyRunner | ── Scan cycle | 12:07:28 | mode=paper ──
2026-08-04 12:07:28 | INFO     | TradingBot.StrategyRunner | New entry blocked: Max open positions (3) reached
2026-08-04 12:07:33 | INFO     | TradingBot.StrategyRunner | ── Scan cycle | 12:07:33 | mode=paper ──
2026-08-04 12:07:33 | INFO     | TradingBot.StrategyRunner | New entry blocked: Max open positions (3) reached
2026-08-04 12:07:35 | INFO     | TradingBot.StrategyRunner | ── Scan cycle | 12:07:35 | mode=paper ──
2026-08-04 12:07:35 | INFO     | TradingBot.StrategyRunner | New entry blocked: Max open positions (3) reached
2026-08-04 12:07:51 | INFO     | TradingBot.StrategyRunner | ── Scan cycle | 12:07:51 | mode=paper ──
2026-08-04 12:07:51 | INFO     | TradingBot.StrategyRunner | New entry blocked: Max open positions (3) reached
2026-08-04 12:07:52 | INFO     | TradingBot.StrategyRunner | ── Scan cycle | 12:07:52 | mode=paper ──
2026-08-04 12:07:52 | INFO     | TradingBot.StrategyRunner | New entry blocked: Max open positions (3) reached
2026-08-04 12:07:58 | INFO     | TradingBot.StrategyRunner | ── Scan cycle | 12:07:58 | mode=paper ──
2026-08-04 12:07:58 | INFO     | TradingBot.StrategyRunner | New entry blocked: Max open positions (3) reached
2026-08-04 12:08:03 | INFO     | TradingBot.StrategyRunner | ── Scan cycle | 12:08:03 | mode=paper ──
2026-08-04 12:08:03 | INFO     | TradingBot.StrategyRunner | New entry blocked: Max open positions (3) reached
2026-08-04 12:08:05 | INFO     | TradingBot.StrategyRunner | ── Scan cycle | 12:08:05 | mode=paper ──
2026-08-04 12:08:05 | INFO     | TradingBot.StrategyRunner | New entry blocked: Max open positions (3) reached
2026-08-04 12:08:22 | INFO     | TradingBot.StrategyRunner | ── Scan cycle | 12:08:22 | mode=paper ──
2026-08-04 12:08:22 | INFO     | TradingBot.StrategyRunner | New entry blocked: Max open positions (3) reached
2026-08-04 12:08:28 | INFO     | TradingBot.StrategyRunner | ── Scan cycle | 12:08:28 | mode=paper ──
2026-08-04 12:08:28 | INFO     | TradingBot.StrategyRunner | New entry blocked: Max open positions (3) reached
2026-08-04 12:08:33 | INFO     | TradingBot.StrategyRunner | ── Scan cycle | 12:08:33 | mode=paper ──
2026-08-04 12:08:33 | INFO     | TradingBot.StrategyRunner | New entry blocked: Max open positions (3) reached
2026-08-04 12:08:35 | INFO     | TradingBot.StrategyRunner | ── Scan cycle | 12:08:35 | mode=paper ──
2026-08-04 12:08:35 | INFO     | TradingBot.StrategyRunner | New entry blocked: Max open positions (3) reached
2026-08-04 12:08:52 | INFO     | TradingBot.StrategyRunner | ── Scan cycle | 12:08:52 | mode=paper ──
2026-08-04 12:08:52 | INFO     | TradingBot.StrategyRunner | New entry blocked: Max open positions (3) reached
2026-08-04 12:08:58 | INFO     | TradingBot.StrategyRunner | ── Scan cycle | 12:08:58 | mode=paper ──
2026-08-04 12:08:58 | INFO     | TradingBot.StrategyRunner | New entry blocked: Max open positions (3) reached
2026-08-04 12:09:03 | INFO     | TradingBot.StrategyRunner | ── Scan cycle | 12:09:03 | mode=paper ──
2026-08-04 12:09:03 | INFO     | TradingBot.StrategyRunner | New entry blocked: Max open positions (3) reached
2026-08-04 12:09:05 | INFO     | TradingBot.StrategyRunner | ── Scan cycle | 12:09:05 | mode=paper ──
2026-08-04 12:09:05 | INFO     | TradingBot.StrategyRunner | New entry blocked: Max open positions (3) reached
2026-08-04 12:09:22 | INFO     | TradingBot.StrategyRunner | ── Scan cycle | 12:09:22 | mode=paper ──
2026-08-04 12:09:22 | INFO     | TradingBot.StrategyRunner | New entry blocked: Max open positions (3) reached
2026-08-04 12:09:28 | INFO     | TradingBot.StrategyRunner | ── Scan cycle | 12:09:28 | mode=paper ──
2026-08-04 12:09:28 | INFO     | TradingBot.StrategyRunner | New entry blocked: Max open positions (3) reached
2026-08-04 12:09:33 | INFO     | TradingBot.StrategyRunner | ── Scan cycle | 12:09:33 | mode=paper ──
2026-08-04 12:09:33 | INFO     | TradingBot.StrategyRunner | New entry blocked: Max open positions (3) reached
2026-08-04 12:09:35 | INFO     | TradingBot.StrategyRunner | ── Scan cycle | 12:09:35 | mode=paper ──
2026-08-04 12:09:35 | INFO     | TradingBot.StrategyRunner | New entry blocked: Max open positions (3) reached
2026-08-04 12:09:52 | INFO     | TradingBot.StrategyRunner | ── Scan cycle | 12:09:52 | mode=paper ──
2026-08-04 12:09:52 | INFO     | TradingBot.StrategyRunner | New entry blocked: Max open positions (3) reached
2026-08-04 12:09:52 | INFO     | TradingBot.StrategyRunner | ── Scan cycle | 12:09:52 | mode=paper ──
2026-08-04 12:09:52 | INFO     | TradingBot.StrategyRunner | New entry blocked: Max open positions (3) reached
2026-08-04 12:09:58 | INFO     | TradingBot.StrategyRunner | ── Scan cycle | 12:09:58 | mode=paper ──
2026-08-04 12:09:58 | INFO     | TradingBot.StrategyRunner | New entry blocked: Max open positions (3) reached
2026-08-04 12:10:03 | INFO     | TradingBot.StrategyRunner | ── Scan cycle | 12:10:03 | mode=paper ──
2026-08-04 12:10:03 | INFO     | TradingBot.StrategyRunner | New entry blocked: Max open positions (3) reached
2026-08-04 12:10:05 | INFO     | TradingBot.StrategyRunner | ── Scan cycle | 12:10:05 | mode=paper ──
2026-08-04 12:10:05 | INFO     | TradingBot.StrategyRunner | New entry blocked: Max open positions (3) reached
2026-08-04 12:10:22 | INFO     | TradingBot.StrategyRunner | ── Scan cycle | 12:10:22 | mode=paper ──
2026-08-04 12:10:22 | INFO     | TradingBot.StrategyRunner | New entry blocked: Max open positions (3) reached
2026-08-04 12:10:28 | INFO     | TradingBot.StrategyRunner | ── Scan cycle | 12:10:28 | mode=paper ──
2026-08-04 12:10:28 | INFO     | TradingBot.StrategyRunner | New entry blocked: Max open positions (3) reached
2026-08-04 12:10:33 | INFO     | TradingBot.StrategyRunner | ── Scan cycle | 12:10:33 | mode=paper ──
2026-08-04 12:10:33 | INFO     | TradingBot.StrategyRunner | New entry blocked: Max open positions (3) reached
2026-08-04 12:10:35 | INFO     | TradingBot.StrategyRunner | ── Scan cycle | 12:10:35 | mode=paper ──
2026-08-04 12:10:35 | INFO     | TradingBot.StrategyRunner | New entry blocked: Max open positions (3) reached
2026-08-04 12:10:52 | INFO     | TradingBot.StrategyRunner | ── Scan cycle | 12:10:52 | mode=paper ──
2026-08-04 12:10:52 | INFO     | TradingBot.StrategyRunner | New entry blocked: Max open positions (3) reached
2026-08-04 12:10:58 | INFO     | TradingBot.StrategyRunner | ── Scan cycle | 12:10:58 | mode=paper ──
2026-08-04 12:10:58 | INFO     | TradingBot.StrategyRunner | New entry blocked: Max open positions (3) reached
2026-08-04 12:11:03 | INFO     | TradingBot.StrategyRunner | ── Scan cycle | 12:11:03 | mode=paper ──
2026-08-04 12:11:03 | INFO     | TradingBot.StrategyRunner | New entry blocked: Max open positions (3) reached
2026-08-04 12:11:05 | INFO     | TradingBot.StrategyRunner | ── Scan cycle | 12:11:05 | mode=paper ──
2026-08-04 12:11:05 | INFO     | TradingBot.StrategyRunner | New entry blocked: Max open positions (3) reached
2026-08-04 12:11:22 | INFO     | TradingBot.StrategyRunner | ── Scan cycle | 12:11:22 | mode=paper ──
2026-08-04 12:11:22 | INFO     | TradingBot.StrategyRunner | New entry blocked: Max open positions (3) reached
2026-08-04 12:11:28 | INFO     | TradingBot.StrategyRunner | ── Scan cycle | 12:11:28 | mode=paper ──
2026-08-04 12:11:28 | INFO     | TradingBot.StrategyRunner | New entry blocked: Max open positions (3) reached
2026-08-04 12:11:33 | INFO     | TradingBot.StrategyRunner | ── Scan cycle | 12:11:33 | mode=paper ──
2026-08-04 12:11:33 | INFO     | TradingBot.StrategyRunner | New entry blocked: Max open positions (3) reached
2026-08-04 12:11:35 | INFO     | TradingBot.StrategyRunner | ── Scan cycle | 12:11:35 | mode=paper ──
2026-08-04 12:11:35 | INFO     | TradingBot.StrategyRunner | New entry blocked: Max open positions (3) reached
2026-08-04 12:11:52 | INFO     | TradingBot.StrategyRunner | ── Scan cycle | 12:11:52 | mode=paper ──
2026-08-04 12:11:52 | INFO     | TradingBot.StrategyRunner | New entry blocked: Max open positions (3) reached
2026-08-04 12:11:58 | INFO     | TradingBot.StrategyRunner | ── Scan cycle | 12:11:58 | mode=paper ──
2026-08-04 12:11:58 | INFO     | TradingBot.StrategyRunner | New entry blocked: Max open positions (3) reached
2026-08-04 12:12:03 | INFO     | TradingBot.StrategyRunner | ── Scan cycle | 12:12:03 | mode=paper ──
2026-08-04 12:12:03 | INFO     | TradingBot.StrategyRunner | New entry blocked: Max open positions (3) reached
2026-08-04 12:12:05 | INFO     | TradingBot.StrategyRunner | ── Scan cycle | 12:12:05 | mode=paper ──
2026-08-04 12:12:05 | INFO     | TradingBot.StrategyRunner | New entry blocked: Max open positions (3) reached
2026-08-04 12:12:22 | INFO     | TradingBot.StrategyRunner | ── Scan cycle | 12:12:22 | mode=paper ──
2026-08-04 12:12:22 | INFO     | TradingBot.StrategyRunner | New entry blocked: Max open positions (3) reached
2026-08-04 12:12:28 | INFO     | TradingBot.StrategyRunner | ── Scan cycle | 12:12:28 | mode=paper ──
2026-08-04 12:12:28 | INFO     | TradingBot.StrategyRunner | New entry blocked: Max open positions (3) reached
2026-08-04 12:12:33 | INFO     | TradingBot.StrategyRunner | ── Scan cycle | 12:12:33 | mode=paper ──
2026-08-04 12:12:33 | INFO     | TradingBot.StrategyRunner | New entry blocked: Max open positions (3) reached
2026-08-04 12:12:35 | INFO     | TradingBot.StrategyRunner | ── Scan cycle | 12:12:35 | mode=paper ──
2026-08-04 12:12:35 | INFO     | TradingBot.StrategyRunner | New entry blocked: Max open positions (3) reached
2026-08-04 12:12:51 | INFO     | TradingBot.StrategyRunner | ── Scan cycle | 12:12:51 | mode=paper ──
2026-08-04 12:12:51 | INFO     | TradingBot.StrategyRunner | New entry blocked: Max open positions (3) reached
2026-08-04 12:12:52 | INFO     | TradingBot.StrategyRunner | ── Scan cycle | 12:12:52 | mode=paper ──
2026-08-04 12:12:52 | INFO     | TradingBot.StrategyRunner | New entry blocked: Max open positions (3) reached
2026-08-04 12:12:58 | INFO     | TradingBot.StrategyRunner | ── Scan cycle | 12:12:58 | mode=paper ──
2026-08-04 12:12:58 | INFO     | TradingBot.StrategyRunner | New entry blocked: Max open positions (3) reached
2026-08-04 12:13:03 | INFO     | TradingBot.StrategyRunner | ── Scan cycle | 12:13:03 | mode=paper ──
2026-08-04 12:13:03 | INFO     | TradingBot.StrategyRunner | New entry blocked: Max open positions (3) reached
2026-08-04 12:13:05 | INFO     | TradingBot.StrategyRunner | ── Scan cycle | 12:13:05 | mode=paper ──
2026-08-04 12:13:05 | INFO     | TradingBot.StrategyRunner | New entry blocked: Max open positions (3) reached
2026-08-04 12:13:22 | INFO     | TradingBot.StrategyRunner | ── Scan cycle | 12:13:22 | mode=paper ──
2026-08-04 12:13:22 | INFO     | TradingBot.StrategyRunner | New entry blocked: Max open positions (3) reached
2026-08-04 12:13:28 | INFO     | TradingBot.StrategyRunner | ── Scan cycle | 12:13:28 | mode=paper ──
2026-08-04 12:13:28 | INFO     | TradingBot.StrategyRunner | New entry blocked: Max open positions (3) reached
2026-08-04 12:13:33 | INFO     | TradingBot.StrategyRunner | ── Scan cycle | 12:13:33 | mode=paper ──
2026-08-04 12:13:33 | INFO     | TradingBot.StrategyRunner | New entry blocked: Max open positions (3) reached
2026-08-04 12:13:35 | INFO     | TradingBot.StrategyRunner | ── Scan cycle | 12:13:35 | mode=paper ──
2026-08-04 12:13:35 | INFO     | TradingBot.StrategyRunner | New entry blocked: Max open positions (3) reached
2026-08-04 12:13:52 | INFO     | TradingBot.StrategyRunner | ── Scan cycle | 12:13:52 | mode=paper ──
2026-08-04 12:13:52 | INFO     | TradingBot.StrategyRunner | New entry blocked: Max open positions (3) reached
2026-08-04 12:13:58 | INFO     | TradingBot.StrategyRunner | ── Scan cycle | 12:13:58 | mode=paper ──
2026-08-04 12:13:58 | INFO     | TradingBot.StrategyRunner | New entry blocked: Max open positions (3) reached
2026-08-04 12:14:03 | INFO     | TradingBot.StrategyRunner | ── Scan cycle | 12:14:03 | mode=paper ──
2026-08-04 12:14:03 | INFO     | TradingBot.StrategyRunner | New entry blocked: Max open positions (3) reached
2026-08-04 12:14:05 | INFO     | TradingBot.StrategyRunner | ── Scan cycle | 12:14:05 | mode=paper ──
2026-08-04 12:14:05 | INFO     | TradingBot.StrategyRunner | New entry blocked: Max open positions (3) reached
2026-08-04 12:14:22 | INFO     | TradingBot.StrategyRunner | ── Scan cycle | 12:14:22 | mode=paper ──
2026-08-04 12:14:22 | INFO     | TradingBot.StrategyRunner | New entry blocked: Max open positions (3) reached
2026-08-04 12:14:28 | INFO     | TradingBot.StrategyRunner | ── Scan cycle | 12:14:28 | mode=paper ──
2026-08-04 12:14:28 | INFO     | TradingBot.StrategyRunner | New entry blocked: Max open positions (3) reached
2026-08-04 12:14:33 | INFO     | TradingBot.StrategyRunner | ── Scan cycle | 12:14:33 | mode=paper ──
2026-08-04 12:14:33 | INFO     | TradingBot.StrategyRunner | New entry blocked: Max open positions (3) reached
2026-08-04 12:14:35 | INFO     | TradingBot.StrategyRunner | ── Scan cycle | 12:14:35 | mode=paper ──
2026-08-04 12:14:35 | INFO     | TradingBot.StrategyRunner | New entry blocked: Max open positions (3) reached
2026-08-04 12:14:52 | INFO     | TradingBot.StrategyRunner | ── Scan cycle | 12:14:52 | mode=paper ──
2026-08-04 12:14:52 | INFO     | TradingBot.StrategyRunner | New entry blocked: Max open positions (3) reached
2026-08-04 12:14:52 | INFO     | TradingBot.StrategyRunner | ── Scan cycle | 12:14:52 | mode=paper ──
2026-08-04 12:14:52 | INFO     | TradingBot.StrategyRunner | New entry blocked: Max open positions (3) reached
2026-08-04 12:14:58 | INFO     | TradingBot.StrategyRunner | ── Scan cycle | 12:14:58 | mode=paper ──
2026-08-04 12:14:58 | INFO     | TradingBot.StrategyRunner | New entry blocked: Max open positions (3) reached
2026-08-04 12:15:03 | INFO     | TradingBot.StrategyRunner | ── Scan cycle | 12:15:03 | mode=paper ──
2026-08-04 12:15:03 | INFO     | TradingBot.StrategyRunner | New entry blocked: Max open positions (3) reached
2026-08-04 12:15:05 | INFO     | TradingBot.StrategyRunner | ── Scan cycle | 12:15:05 | mode=paper ──
2026-08-04 12:15:05 | INFO     | TradingBot.StrategyRunner | New entry blocked: Max open positions (3) reached
2026-08-04 12:15:22 | INFO     | TradingBot.StrategyRunner | ── Scan cycle | 12:15:22 | mode=paper ──
2026-08-04 12:15:22 | INFO     | TradingBot.StrategyRunner | New entry blocked: Max open positions (3) reached
2026-08-04 12:15:28 | INFO     | TradingBot.StrategyRunner | ── Scan cycle | 12:15:28 | mode=paper ──
2026-08-04 12:15:28 | INFO     | TradingBot.StrategyRunner | New entry blocked: Max open positions (3) reached
2026-08-04 12:15:33 | INFO     | TradingBot.StrategyRunner | ── Scan cycle | 12:15:33 | mode=paper ──
2026-08-04 12:15:33 | INFO     | TradingBot.StrategyRunner | New entry blocked: Max open positions (3) reached
2026-08-04 12:15:35 | INFO     | TradingBot.StrategyRunner | ── Scan cycle | 12:15:35 | mode=paper ──
2026-08-04 12:15:35 | INFO     | TradingBot.StrategyRunner | New entry blocked: Max open positions (3) reached
2026-08-04 12:15:52 | INFO     | TradingBot.StrategyRunner | ── Scan cycle | 12:15:52 | mode=paper ──
2026-08-04 12:15:52 | INFO     | TradingBot.StrategyRunner | New entry blocked: Max open positions (3) reached
2026-08-04 12:15:58 | INFO     | TradingBot.StrategyRunner | ── Scan cycle | 12:15:58 | mode=paper ──
2026-08-04 12:15:58 | INFO     | TradingBot.StrategyRunner | New entry blocked: Max open positions (3) reached
2026-08-04 12:16:03 | INFO     | TradingBot.StrategyRunner | ── Scan cycle | 12:16:03 | mode=paper ──
2026-08-04 12:16:03 | INFO     | TradingBot.StrategyRunner | New entry blocked: Max open positions (3) reached
2026-08-04 12:16:05 | INFO     | TradingBot.StrategyRunner | ── Scan cycle | 12:16:05 | mode=paper ──
2026-08-04 12:16:05 | INFO     | TradingBot.StrategyRunner | New entry blocked: Max open positions (3) reached
2026-08-04 12:16:22 | INFO     | TradingBot.StrategyRunner | ── Scan cycle | 12:16:22 | mode=paper ──
2026-08-04 12:16:22 | INFO     | TradingBot.StrategyRunner | New entry blocked: Max open positions (3) reached
2026-08-04 12:16:28 | INFO     | TradingBot.StrategyRunner | ── Scan cycle | 12:16:28 | mode=paper ──
2026-08-04 12:16:28 | INFO     | TradingBot.StrategyRunner | New entry blocked: Max open positions (3) reached
2026-08-04 12:16:33 | INFO     | TradingBot.StrategyRunner | ── Scan cycle | 12:16:33 | mode=paper ──
2026-08-04 12:16:33 | INFO     | TradingBot.StrategyRunner | New entry blocked: Max open positions (3) reached
2026-08-04 12:16:35 | INFO     | TradingBot.StrategyRunner | ── Scan cycle | 12:16:35 | mode=paper ──
2026-08-04 12:16:35 | INFO     | TradingBot.StrategyRunner | New entry blocked: Max open positions (3) reached
2026-08-04 12:16:52 | INFO     | TradingBot.StrategyRunner | ── Scan cycle | 12:16:52 | mode=paper ──
2026-08-04 12:16:52 | INFO     | TradingBot.StrategyRunner | New entry blocked: Max open positions (3) reached
2026-08-04 12:16:58 | INFO     | TradingBot.StrategyRunner | ── Scan cycle | 12:16:58 | mode=paper ──
2026-08-04 12:16:58 | INFO     | TradingBot.StrategyRunner | New entry blocked: Max open positions (3) reached
2026-08-04 12:17:03 | INFO     | TradingBot.StrategyRunner | ── Scan cycle | 12:17:03 | mode=paper ──
2026-08-04 12:17:04 | INFO     | TradingBot.StrategyRunner | New entry blocked: Max open positions (3) reached
2026-08-04 12:17:05 | INFO     | TradingBot.StrategyRunner | ── Scan cycle | 12:17:05 | mode=paper ──
2026-08-04 12:17:05 | INFO     | TradingBot.StrategyRunner | New entry blocked: Max open positions (3) reached
2026-08-04 12:17:22 | INFO     | TradingBot.StrategyRunner | ── Scan cycle | 12:17:22 | mode=paper ──
2026-08-04 12:17:22 | INFO     | TradingBot.StrategyRunner | New entry blocked: Max open positions (3) reached
2026-08-04 12:17:28 | INFO     | TradingBot.StrategyRunner | ── Scan cycle | 12:17:28 | mode=paper ──
2026-08-04 12:17:28 | INFO     | TradingBot.StrategyRunner | New entry blocked: Max open positions (3) reached
2026-08-04 12:17:34 | INFO     | TradingBot.StrategyRunner | ── Scan cycle | 12:17:34 | mode=paper ──
2026-08-04 12:17:34 | INFO     | TradingBot.StrategyRunner | New entry blocked: Max open positions (3) reached
2026-08-04 12:17:35 | INFO     | TradingBot.StrategyRunner | ── Scan cycle | 12:17:35 | mode=paper ──
2026-08-04 12:17:35 | INFO     | TradingBot.StrategyRunner | New entry blocked: Max open positions (3) reached
2026-08-04 12:17:51 | INFO     | TradingBot.StrategyRunner | ── Scan cycle | 12:17:51 | mode=paper ──
2026-08-04 12:17:51 | INFO     | TradingBot.StrategyRunner | New entry blocked: Max open positions (3) reached
2026-08-04 12:17:52 | INFO     | TradingBot.StrategyRunner | ── Scan cycle | 12:17:52 | mode=paper ──
2026-08-04 12:17:52 | INFO     | TradingBot.StrategyRunner | New entry blocked: Max open positions (3) reached
2026-08-04 12:17:58 | INFO     | TradingBot.StrategyRunner | ── Scan cycle | 12:17:58 | mode=paper ──
2026-08-04 12:17:58 | INFO     | TradingBot.StrategyRunner | New entry blocked: Max open positions (3) reached
2026-08-04 12:18:04 | INFO     | TradingBot.StrategyRunner | ── Scan cycle | 12:18:04 | mode=paper ──
2026-08-04 12:18:04 | INFO     | TradingBot.StrategyRunner | New entry blocked: Max open positions (3) reached
2026-08-04 12:18:05 | INFO     | TradingBot.StrategyRunner | ── Scan cycle | 12:18:05 | mode=paper ──
2026-08-04 12:18:05 | INFO     | TradingBot.StrategyRunner | New entry blocked: Max open positions (3) reached
2026-08-04 12:18:22 | INFO     | TradingBot.StrategyRunner | ── Scan cycle | 12:18:22 | mode=paper ──
2026-08-04 12:18:22 | INFO     | TradingBot.StrategyRunner | New entry blocked: Max open positions (3) reached
2026-08-04 12:18:28 | INFO     | TradingBot.StrategyRunner | ── Scan cycle | 12:18:28 | mode=paper ──
2026-08-04 12:18:28 | INFO     | TradingBot.StrategyRunner | New entry blocked: Max open positions (3) reached
2026-08-04 12:18:34 | INFO     | TradingBot.StrategyRunner | ── Scan cycle | 12:18:34 | mode=paper ──
2026-08-04 12:18:34 | INFO     | TradingBot.StrategyRunner | New entry blocked: Max open positions (3) reached
2026-08-04 12:18:35 | INFO     | TradingBot.StrategyRunner | ── Scan cycle | 12:18:35 | mode=paper ──
2026-08-04 12:18:35 | INFO     | TradingBot.StrategyRunner | New entry blocked: Max open positions (3) reached
2026-08-04 12:18:52 | INFO     | TradingBot.StrategyRunner | ── Scan cycle | 12:18:52 | mode=paper ──
2026-08-04 12:18:52 | INFO     | TradingBot.StrategyRunner | New entry blocked: Max open positions (3) reached
2026-08-04 12:18:58 | INFO     | TradingBot.StrategyRunner | ── Scan cycle | 12:18:58 | mode=paper ──
2026-08-04 12:18:58 | INFO     | TradingBot.StrategyRunner | New entry blocked: Max open positions (3) reached
2026-08-04 12:19:04 | INFO     | TradingBot.StrategyRunner | ── Scan cycle | 12:19:04 | mode=paper ──
2026-08-04 12:19:04 | INFO     | TradingBot.StrategyRunner | New entry blocked: Max open positions (3) reached
2026-08-04 12:19:05 | INFO     | TradingBot.StrategyRunner | ── Scan cycle | 12:19:05 | mode=paper ──
2026-08-04 12:19:05 | INFO     | TradingBot.StrategyRunner | New entry blocked: Max open positions (3) reached
2026-08-04 12:19:22 | INFO     | TradingBot.StrategyRunner | ── Scan cycle | 12:19:22 | mode=paper ──
2026-08-04 12:19:22 | INFO     | TradingBot.StrategyRunner | New entry blocked: Max open positions (3) reached
2026-08-04 12:19:28 | INFO     | TradingBot.StrategyRunner | ── Scan cycle | 12:19:28 | mode=paper ──
2026-08-04 12:19:28 | INFO     | TradingBot.StrategyRunner | New entry blocked: Max open positions (3) reached
2026-08-04 12:19:34 | INFO     | TradingBot.StrategyRunner | ── Scan cycle | 12:19:34 | mode=paper ──
2026-08-04 12:19:34 | INFO     | TradingBot.StrategyRunner | New entry blocked: Max open positions (3) reached
2026-08-04 12:19:35 | INFO     | TradingBot.StrategyRunner | ── Scan cycle | 12:19:35 | mode=paper ──
2026-08-04 12:19:35 | INFO     | TradingBot.StrategyRunner | New entry blocked: Max open positions (3) reached
2026-08-04 12:19:52 | INFO     | TradingBot.StrategyRunner | ── Scan cycle | 12:19:52 | mode=paper ──
2026-08-04 12:19:52 | INFO     | TradingBot.StrategyRunner | New entry blocked: Max open positions (3) reached
2026-08-04 12:19:52 | INFO     | TradingBot.StrategyRunner | ── Scan cycle | 12:19:52 | mode=paper ──
2026-08-04 12:19:52 | INFO     | TradingBot.StrategyRunner | New entry blocked: Max open positions (3) reached
2026-08-04 12:19:58 | INFO     | TradingBot.StrategyRunner | ── Scan cycle | 12:19:58 | mode=paper ──
2026-08-04 12:19:58 | INFO     | TradingBot.StrategyRunner | New entry blocked: Max open positions (3) reached
2026-08-04 12:20:04 | INFO     | TradingBot.StrategyRunner | ── Scan cycle | 12:20:04 | mode=paper ──
2026-08-04 12:20:04 | INFO     | TradingBot.StrategyRunner | New entry blocked: Max open positions (3) reached
2026-08-04 12:20:05 | INFO     | TradingBot.StrategyRunner | ── Scan cycle | 12:20:05 | mode=paper ──
2026-08-04 12:20:05 | INFO     | TradingBot.StrategyRunner | New entry blocked: Max open positions (3) reached
2026-08-04 12:20:23 | INFO     | TradingBot.StrategyRunner | ── Scan cycle | 12:20:23 | mode=paper ──
2026-08-04 12:20:23 | INFO     | TradingBot.StrategyRunner | New entry blocked: Max open positions (3) reached
2026-08-04 12:20:28 | INFO     | TradingBot.StrategyRunner | ── Scan cycle | 12:20:28 | mode=paper ──
2026-08-04 12:20:28 | INFO     | TradingBot.StrategyRunner | New entry blocked: Max open positions (3) reached
2026-08-04 12:20:34 | INFO     | TradingBot.StrategyRunner | ── Scan cycle | 12:20:34 | mode=paper ──
2026-08-04 12:20:34 | INFO     | TradingBot.StrategyRunner | New entry blocked: Max open positions (3) reached
2026-08-04 12:20:35 | INFO     | TradingBot.StrategyRunner | ── Scan cycle | 12:20:35 | mode=paper ──
2026-08-04 12:20:35 | INFO     | TradingBot.StrategyRunner | New entry blocked: Max open positions (3) reached
2026-08-04 12:20:53 | INFO     | TradingBot.StrategyRunner | ── Scan cycle | 12:20:53 | mode=paper ──
2026-08-04 12:20:53 | INFO     | TradingBot.StrategyRunner | New entry blocked: Max open positions (3) reached
2026-08-04 12:20:58 | INFO     | TradingBot.StrategyRunner | ── Scan cycle | 12:20:58 | mode=paper ──
2026-08-04 12:20:58 | INFO     | TradingBot.StrategyRunner | New entry blocked: Max open positions (3) reached
2026-08-04 12:21:04 | INFO     | TradingBot.StrategyRunner | ── Scan cycle | 12:21:04 | mode=paper ──
2026-08-04 12:21:04 | INFO     | TradingBot.StrategyRunner | New entry blocked: Max open positions (3) reached
2026-08-04 12:21:05 | INFO     | TradingBot.StrategyRunner | ── Scan cycle | 12:21:05 | mode=paper ──
2026-08-04 12:21:05 | INFO     | TradingBot.StrategyRunner | New entry blocked: Max open positions (3) reached
2026-08-04 12:21:23 | INFO     | TradingBot.StrategyRunner | ── Scan cycle | 12:21:23 | mode=paper ──
2026-08-04 12:21:23 | INFO     | TradingBot.StrategyRunner | New entry blocked: Max open positions (3) reached
2026-08-04 12:21:28 | INFO     | TradingBot.StrategyRunner | ── Scan cycle | 12:21:28 | mode=paper ──
2026-08-04 12:21:28 | INFO     | TradingBot.StrategyRunner | New entry blocked: Max open positions (3) reached
2026-08-04 12:21:34 | INFO     | TradingBot.StrategyRunner | ── Scan cycle | 12:21:34 | mode=paper ──
2026-08-04 12:21:34 | INFO     | TradingBot.StrategyRunner | New entry blocked: Max open positions (3) reached
2026-08-04 12:21:35 | INFO     | TradingBot.StrategyRunner | ── Scan cycle | 12:21:35 | mode=paper ──
2026-08-04 12:21:35 | INFO     | TradingBot.StrategyRunner | New entry blocked: Max open positions (3) reached
2026-08-04 12:21:53 | INFO     | TradingBot.StrategyRunner | ── Scan cycle | 12:21:53 | mode=paper ──
2026-08-04 12:21:53 | INFO     | TradingBot.StrategyRunner | New entry blocked: Max open positions (3) reached
2026-08-04 12:21:58 | INFO     | TradingBot.StrategyRunner | ── Scan cycle | 12:21:58 | mode=paper ──
2026-08-04 12:21:58 | INFO     | TradingBot.StrategyRunner | New entry blocked: Max open positions (3) reached
2026-08-04 12:22:04 | INFO     | TradingBot.StrategyRunner | ── Scan cycle | 12:22:04 | mode=paper ──
2026-08-04 12:22:04 | INFO     | TradingBot.StrategyRunner | New entry blocked: Max open positions (3) reached
2026-08-04 12:22:05 | INFO     | TradingBot.StrategyRunner | ── Scan cycle | 12:22:05 | mode=paper ──
2026-08-04 12:22:05 | INFO     | TradingBot.StrategyRunner | New entry blocked: Max open positions (3) reached
2026-08-04 12:22:23 | INFO     | TradingBot.StrategyRunner | ── Scan cycle | 12:22:23 | mode=paper ──
2026-08-04 12:22:23 | INFO     | TradingBot.StrategyRunner | New entry blocked: Max open positions (3) reached
2026-08-04 12:22:28 | INFO     | TradingBot.StrategyRunner | ── Scan cycle | 12:22:28 | mode=paper ──
2026-08-04 12:22:28 | INFO     | TradingBot.StrategyRunner | New entry blocked: Max open positions (3) reached
2026-08-04 12:22:34 | INFO     | TradingBot.StrategyRunner | ── Scan cycle | 12:22:34 | mode=paper ──
2026-08-04 12:22:34 | INFO     | TradingBot.StrategyRunner | New entry blocked: Max open positions (3) reached
2026-08-04 12:22:35 | INFO     | TradingBot.StrategyRunner | ── Scan cycle | 12:22:35 | mode=paper ──
2026-08-04 12:22:35 | INFO     | TradingBot.StrategyRunner | New entry blocked: Max open positions (3) reached
2026-08-04 12:22:51 | INFO     | TradingBot.StrategyRunner | ── Scan cycle | 12:22:51 | mode=paper ──
2026-08-04 12:22:51 | INFO     | TradingBot.StrategyRunner | New entry blocked: Max open positions (3) reached
2026-08-04 12:22:53 | INFO     | TradingBot.StrategyRunner | ── Scan cycle | 12:22:53 | mode=paper ──
2026-08-04 12:22:53 | INFO     | TradingBot.StrategyRunner | New entry blocked: Max open positions (3) reached
2026-08-04 12:22:58 | INFO     | TradingBot.StrategyRunner | ── Scan cycle | 12:22:58 | mode=paper ──
2026-08-04 12:22:58 | INFO     | TradingBot.StrategyRunner | New entry blocked: Max open positions (3) reached
2026-08-04 12:23:04 | INFO     | TradingBot.StrategyRunner | ── Scan cycle | 12:23:04 | mode=paper ──
2026-08-04 12:23:04 | INFO     | TradingBot.StrategyRunner | New entry blocked: Max open positions (3) reached
2026-08-04 12:23:05 | INFO     | TradingBot.StrategyRunner | ── Scan cycle | 12:23:05 | mode=paper ──
2026-08-04 12:23:05 | INFO     | TradingBot.StrategyRunner | New entry blocked: Max open positions (3) reached
2026-08-04 12:23:23 | INFO     | TradingBot.StrategyRunner | ── Scan cycle | 12:23:23 | mode=paper ──
2026-08-04 12:23:23 | INFO     | TradingBot.StrategyRunner | New entry blocked: Max open positions (3) reached
2026-08-04 12:23:28 | INFO     | TradingBot.StrategyRunner | ── Scan cycle | 12:23:28 | mode=paper ──
2026-08-04 12:23:28 | INFO     | TradingBot.StrategyRunner | New entry blocked: Max open positions (3) reached
2026-08-04 12:23:34 | INFO     | TradingBot.StrategyRunner | ── Scan cycle | 12:23:34 | mode=paper ──
2026-08-04 12:23:34 | INFO     | TradingBot.StrategyRunner | New entry blocked: Max open positions (3) reached
2026-08-04 12:23:35 | INFO     | TradingBot.StrategyRunner | ── Scan cycle | 12:23:35 | mode=paper ──
2026-08-04 12:23:35 | INFO     | TradingBot.StrategyRunner | New entry blocked: Max open positions (3) reached
2026-08-04 12:23:53 | INFO     | TradingBot.StrategyRunner | ── Scan cycle | 12:23:53 | mode=paper ──
2026-08-04 12:23:53 | INFO     | TradingBot.StrategyRunner | New entry blocked: Max open positions (3) reached
2026-08-04 12:23:58 | INFO     | TradingBot.StrategyRunner | ── Scan cycle | 12:23:58 | mode=paper ──
2026-08-04 12:23:58 | INFO     | TradingBot.StrategyRunner | New entry blocked: Max open positions (3) reached
2026-08-04 12:24:04 | INFO     | TradingBot.StrategyRunner | ── Scan cycle | 12:24:04 | mode=paper ──
2026-08-04 12:24:04 | INFO     | TradingBot.StrategyRunner | New entry blocked: Max open positions (3) reached
2026-08-04 12:24:05 | INFO     | TradingBot.StrategyRunner | ── Scan cycle | 12:24:05 | mode=paper ──
2026-08-04 12:24:05 | INFO     | TradingBot.StrategyRunner | New entry blocked: Max open positions (3) reached
2026-08-04 12:24:23 | INFO     | TradingBot.StrategyRunner | ── Scan cycle | 12:24:23 | mode=paper ──
2026-08-04 12:24:23 | INFO     | TradingBot.StrategyRunner | New entry blocked: Max open positions (3) reached
2026-08-04 12:24:28 | INFO     | TradingBot.StrategyRunner | ── Scan cycle | 12:24:28 | mode=paper ──
2026-08-04 12:24:28 | INFO     | TradingBot.StrategyRunner | New entry blocked: Max open positions (3) reached
2026-08-04 12:24:34 | INFO     | TradingBot.StrategyRunner | ── Scan cycle | 12:24:34 | mode=paper ──
2026-08-04 12:24:34 | INFO     | TradingBot.StrategyRunner | New entry blocked: Max open positions (3) reached
2026-08-04 12:24:35 | INFO     | TradingBot.StrategyRunner | ── Scan cycle | 12:24:35 | mode=paper ──
2026-08-04 12:24:35 | INFO     | TradingBot.StrategyRunner | New entry blocked: Max open positions (3) reached
2026-08-04 12:24:52 | INFO     | TradingBot.StrategyRunner | ── Scan cycle | 12:24:52 | mode=paper ──
2026-08-04 12:24:52 | INFO     | TradingBot.StrategyRunner | New entry blocked: Max open positions (3) reached
2026-08-04 12:24:53 | INFO     | TradingBot.StrategyRunner | ── Scan cycle | 12:24:53 | mode=paper ──
2026-08-04 12:24:53 | INFO     | TradingBot.StrategyRunner | New entry blocked: Max open positions (3) reached
2026-08-04 12:24:58 | INFO     | TradingBot.StrategyRunner | ── Scan cycle | 12:24:58 | mode=paper ──
2026-08-04 12:24:58 | INFO     | TradingBot.StrategyRunner | New entry blocked: Max open positions (3) reached
2026-08-04 12:25:04 | INFO     | TradingBot.StrategyRunner | ── Scan cycle | 12:25:04 | mode=paper ──
2026-08-04 12:25:04 | INFO     | TradingBot.StrategyRunner | New entry blocked: Max open positions (3) reached
2026-08-04 12:25:05 | INFO     | TradingBot.StrategyRunner | ── Scan cycle | 12:25:05 | mode=paper ──
2026-08-04 12:25:05 | INFO     | TradingBot.StrategyRunner | New entry blocked: Max open positions (3) reached
2026-08-04 12:25:23 | INFO     | TradingBot.StrategyRunner | ── Scan cycle | 12:25:23 | mode=paper ──
2026-08-04 12:25:23 | INFO     | TradingBot.StrategyRunner | New entry blocked: Max open positions (3) reached
2026-08-04 12:25:28 | INFO     | TradingBot.StrategyRunner | ── Scan cycle | 12:25:28 | mode=paper ──
2026-08-04 12:25:28 | INFO     | TradingBot.StrategyRunner | New entry blocked: Max open positions (3) reached
2026-08-04 12:25:34 | INFO     | TradingBot.StrategyRunner | ── Scan cycle | 12:25:34 | mode=paper ──
2026-08-04 12:25:34 | INFO     | TradingBot.StrategyRunner | New entry blocked: Max open positions (3) reached
2026-08-04 12:25:35 | INFO     | TradingBot.StrategyRunner | ── Scan cycle | 12:25:35 | mode=paper ──
2026-08-04 12:25:35 | INFO     | TradingBot.StrategyRunner | New entry blocked: Max open positions (3) reached
2026-08-04 12:25:53 | INFO     | TradingBot.StrategyRunner | ── Scan cycle | 12:25:53 | mode=paper ──
2026-08-04 12:25:53 | INFO     | TradingBot.StrategyRunner | New entry blocked: Max open positions (3) reached
2026-08-04 12:25:58 | INFO     | TradingBot.StrategyRunner | ── Scan cycle | 12:25:58 | mode=paper ──
2026-08-04 12:25:58 | INFO     | TradingBot.StrategyRunner | New entry blocked: Max open positions (3) reached
2026-08-04 12:26:04 | INFO     | TradingBot.StrategyRunner | ── Scan cycle | 12:26:04 | mode=paper ──
2026-08-04 12:26:04 | INFO     | TradingBot.StrategyRunner | New entry blocked: Max open positions (3) reached
2026-08-04 12:26:05 | INFO     | TradingBot.StrategyRunner | ── Scan cycle | 12:26:05 | mode=paper ──
2026-08-04 12:26:05 | INFO     | TradingBot.StrategyRunner | New entry blocked: Max open positions (3) reached
2026-08-04 12:26:23 | INFO     | TradingBot.StrategyRunner | ── Scan cycle | 12:26:23 | mode=paper ──
2026-08-04 12:26:23 | INFO     | TradingBot.StrategyRunner | New entry blocked: Max open positions (3) reached
2026-08-04 12:26:28 | INFO     | TradingBot.StrategyRunner | ── Scan cycle | 12:26:28 | mode=paper ──
2026-08-04 12:26:28 | INFO     | TradingBot.StrategyRunner | New entry blocked: Max open positions (3) reached
2026-08-04 12:26:34 | INFO     | TradingBot.StrategyRunner | ── Scan cycle | 12:26:34 | mode=paper ──
2026-08-04 12:26:34 | INFO     | TradingBot.StrategyRunner | New entry blocked: Max open positions (3) reached
2026-08-04 12:26:35 | INFO     | TradingBot.StrategyRunner | ── Scan cycle | 12:26:35 | mode=paper ──
2026-08-04 12:26:35 | INFO     | TradingBot.StrategyRunner | New entry blocked: Max open positions (3) reached
2026-08-04 12:26:53 | INFO     | TradingBot.StrategyRunner | ── Scan cycle | 12:26:53 | mode=paper ──
2026-08-04 12:26:53 | INFO     | TradingBot.StrategyRunner | New entry blocked: Max open positions (3) reached
2026-08-04 12:26:58 | INFO     | TradingBot.StrategyRunner | ── Scan cycle | 12:26:58 | mode=paper ──
2026-08-04 12:26:58 | INFO     | TradingBot.StrategyRunner | New entry blocked: Max open positions (3) reached
2026-08-04 12:27:04 | INFO     | TradingBot.StrategyRunner | ── Scan cycle | 12:27:04 | mode=paper ──
2026-08-04 12:27:04 | INFO     | TradingBot.StrategyRunner | New entry blocked: Max open positions (3) reached
2026-08-04 12:27:05 | INFO     | TradingBot.StrategyRunner | ── Scan cycle | 12:27:05 | mode=paper ──
2026-08-04 12:27:05 | INFO     | TradingBot.StrategyRunner | New entry blocked: Max open positions (3) reached
2026-08-04 12:27:23 | INFO     | TradingBot.StrategyRunner | ── Scan cycle | 12:27:23 | mode=paper ──
2026-08-04 12:27:23 | INFO     | TradingBot.StrategyRunner | New entry blocked: Max open positions (3) reached
2026-08-04 12:27:28 | INFO     | TradingBot.StrategyRunner | ── Scan cycle | 12:27:28 | mode=paper ──
2026-08-04 12:27:28 | INFO     | TradingBot.StrategyRunner | New entry blocked: Max open positions (3) reached
2026-08-04 12:27:34 | INFO     | TradingBot.StrategyRunner | ── Scan cycle | 12:27:34 | mode=paper ──
2026-08-04 12:27:34 | INFO     | TradingBot.StrategyRunner | New entry blocked: Max open positions (3) reached
2026-08-04 12:27:35 | INFO     | TradingBot.StrategyRunner | ── Scan cycle | 12:27:35 | mode=paper ──
2026-08-04 12:27:35 | INFO     | TradingBot.StrategyRunner | New entry blocked: Max open positions (3) reached
2026-08-04 12:27:51 | INFO     | TradingBot.StrategyRunner | ── Scan cycle | 12:27:51 | mode=paper ──
2026-08-04 12:27:51 | INFO     | TradingBot.StrategyRunner | New entry blocked: Max open positions (3) reached
2026-08-04 12:27:53 | INFO     | TradingBot.StrategyRunner | ── Scan cycle | 12:27:53 | mode=paper ──
2026-08-04 12:27:53 | INFO     | TradingBot.StrategyRunner | New entry blocked: Max open positions (3) reached
2026-08-04 12:27:58 | INFO     | TradingBot.StrategyRunner | ── Scan cycle | 12:27:58 | mode=paper ──
2026-08-04 12:27:58 | INFO     | TradingBot.StrategyRunner | New entry blocked: Max open positions (3) reached
2026-08-04 12:28:04 | INFO     | TradingBot.StrategyRunner | ── Scan cycle | 12:28:04 | mode=paper ──
2026-08-04 12:28:04 | INFO     | TradingBot.StrategyRunner | New entry blocked: Max open positions (3) reached
2026-08-04 12:28:06 | INFO     | TradingBot.StrategyRunner | ── Scan cycle | 12:28:06 | mode=paper ──
2026-08-04 12:28:06 | INFO     | TradingBot.StrategyRunner | New entry blocked: Max open positions (3) reached
2026-08-04 12:28:23 | INFO     | TradingBot.StrategyRunner | ── Scan cycle | 12:28:23 | mode=paper ──
2026-08-04 12:28:23 | INFO     | TradingBot.StrategyRunner | New entry blocked: Max open positions (3) reached
2026-08-04 12:28:28 | INFO     | TradingBot.StrategyRunner | ── Scan cycle | 12:28:28 | mode=paper ──
2026-08-04 12:28:28 | INFO     | TradingBot.StrategyRunner | New entry blocked: Max open positions (3) reached
2026-08-04 12:28:34 | INFO     | TradingBot.StrategyRunner | ── Scan cycle | 12:28:34 | mode=paper ──
2026-08-04 12:28:34 | INFO     | TradingBot.StrategyRunner | New entry blocked: Max open positions (3) reached
2026-08-04 12:28:36 | INFO     | TradingBot.StrategyRunner | ── Scan cycle | 12:28:36 | mode=paper ──
2026-08-04 12:28:36 | INFO     | TradingBot.StrategyRunner | New entry blocked: Max open positions (3) reached
2026-08-04 12:28:53 | INFO     | TradingBot.StrategyRunner | ── Scan cycle | 12:28:53 | mode=paper ──
2026-08-04 12:28:53 | INFO     | TradingBot.StrategyRunner | New entry blocked: Max open positions (3) reached
2026-08-04 12:28:58 | INFO     | TradingBot.StrategyRunner | ── Scan cycle | 12:28:58 | mode=paper ──
2026-08-04 12:28:58 | INFO     | TradingBot.StrategyRunner | New entry blocked: Max open positions (3) reached
2026-08-04 12:29:04 | INFO     | TradingBot.StrategyRunner | ── Scan cycle | 12:29:04 | mode=paper ──
2026-08-04 12:29:04 | INFO     | TradingBot.StrategyRunner | New entry blocked: Max open positions (3) reached
2026-08-04 12:29:06 | INFO     | TradingBot.StrategyRunner | ── Scan cycle | 12:29:06 | mode=paper ──
2026-08-04 12:29:06 | INFO     | TradingBot.StrategyRunner | New entry blocked: Max open positions (3) reached
2026-08-04 12:29:23 | INFO     | TradingBot.StrategyRunner | ── Scan cycle | 12:29:23 | mode=paper ──
2026-08-04 12:29:23 | INFO     | TradingBot.StrategyRunner | New entry blocked: Max open positions (3) reached
2026-08-04 12:29:28 | INFO     | TradingBot.StrategyRunner | ── Scan cycle | 12:29:28 | mode=paper ──
2026-08-04 12:29:28 | INFO     | TradingBot.StrategyRunner | New entry blocked: Max open positions (3) reached
2026-08-04 12:29:34 | INFO     | TradingBot.StrategyRunner | ── Scan cycle | 12:29:34 | mode=paper ──
2026-08-04 12:29:34 | INFO     | TradingBot.StrategyRunner | New entry blocked: Max open positions (3) reached
2026-08-04 12:29:36 | INFO     | TradingBot.StrategyRunner | ── Scan cycle | 12:29:36 | mode=paper ──
2026-08-04 12:29:36 | INFO     | TradingBot.StrategyRunner | New entry blocked: Max open positions (3) reached
2026-08-04 12:29:52 | INFO     | TradingBot.StrategyRunner | ── Scan cycle | 12:29:52 | mode=paper ──
2026-08-04 12:29:52 | INFO     | TradingBot.StrategyRunner | New entry blocked: Max open positions (3) reached
2026-08-04 12:29:53 | INFO     | TradingBot.StrategyRunner | ── Scan cycle | 12:29:53 | mode=paper ──
2026-08-04 12:29:53 | INFO     | TradingBot.StrategyRunner | New entry blocked: Max open positions (3) reached
2026-08-04 12:29:58 | INFO     | TradingBot.StrategyRunner | ── Scan cycle | 12:29:58 | mode=paper ──
2026-08-04 12:29:58 | INFO     | TradingBot.StrategyRunner | New entry blocked: Max open positions (3) reached
2026-08-04 12:30:04 | INFO     | TradingBot.StrategyRunner | ── Scan cycle | 12:30:04 | mode=paper ──
2026-08-04 12:30:04 | INFO     | TradingBot.StrategyRunner | New entry blocked: Max open positions (3) reached
2026-08-04 12:30:06 | INFO     | TradingBot.StrategyRunner | ── Scan cycle | 12:30:06 | mode=paper ──
2026-08-04 12:30:06 | INFO     | TradingBot.StrategyRunner | New entry blocked: Max open positions (3) reached
2026-08-04 12:30:23 | INFO     | TradingBot.StrategyRunner | ── Scan cycle | 12:30:23 | mode=paper ──
2026-08-04 12:30:23 | INFO     | TradingBot.StrategyRunner | New entry blocked: Max open positions (3) reached
2026-08-04 12:30:28 | INFO     | TradingBot.StrategyRunner | ── Scan cycle | 12:30:28 | mode=paper ──
2026-08-04 12:30:28 | INFO     | TradingBot.StrategyRunner | New entry blocked: Max open positions (3) reached
2026-08-04 12:30:34 | INFO     | TradingBot.StrategyRunner | ── Scan cycle | 12:30:34 | mode=paper ──
2026-08-04 12:30:34 | INFO     | TradingBot.StrategyRunner | New entry blocked: Max open positions (3) reached
2026-08-04 12:30:36 | INFO     | TradingBot.StrategyRunner | ── Scan cycle | 12:30:36 | mode=paper ──
2026-08-04 12:30:36 | INFO     | TradingBot.StrategyRunner | New entry blocked: Max open positions (3) reached
2026-08-04 12:30:53 | INFO     | TradingBot.StrategyRunner | ── Scan cycle | 12:30:53 | mode=paper ──
2026-08-04 12:30:53 | INFO     | TradingBot.StrategyRunner | New entry blocked: Max open positions (3) reached
2026-08-04 12:30:58 | INFO     | TradingBot.StrategyRunner | ── Scan cycle | 12:30:58 | mode=paper ──
2026-08-04 12:30:58 | INFO     | TradingBot.StrategyRunner | New entry blocked: Max open positions (3) reached
2026-08-04 12:31:04 | INFO     | TradingBot.StrategyRunner | ── Scan cycle | 12:31:04 | mode=paper ──
2026-08-04 12:31:04 | INFO     | TradingBot.StrategyRunner | New entry blocked: Max open positions (3) reached
2026-08-04 12:31:06 | INFO     | TradingBot.StrategyRunner | ── Scan cycle | 12:31:06 | mode=paper ──
2026-08-04 12:31:06 | INFO     | TradingBot.StrategyRunner | New entry blocked: Max open positions (3) reached
2026-08-04 12:31:23 | INFO     | TradingBot.StrategyRunner | ── Scan cycle | 12:31:23 | mode=paper ──
2026-08-04 12:31:23 | INFO     | TradingBot.StrategyRunner | New entry blocked: Max open positions (3) reached
2026-08-04 12:31:28 | INFO     | TradingBot.StrategyRunner | ── Scan cycle | 12:31:28 | mode=paper ──
2026-08-04 12:31:28 | INFO     | TradingBot.StrategyRunner | New entry blocked: Max open positions (3) reached
2026-08-04 12:31:34 | INFO     | TradingBot.StrategyRunner | ── Scan cycle | 12:31:34 | mode=paper ──
2026-08-04 12:31:34 | INFO     | TradingBot.StrategyRunner | New entry blocked: Max open positions (3) reached
2026-08-04 12:31:36 | INFO     | TradingBot.StrategyRunner | ── Scan cycle | 12:31:36 | mode=paper ──
2026-08-04 12:31:36 | INFO     | TradingBot.StrategyRunner | New entry blocked: Max open positions (3) reached
2026-08-04 12:31:53 | INFO     | TradingBot.StrategyRunner | ── Scan cycle | 12:31:53 | mode=paper ──
2026-08-04 12:31:53 | INFO     | TradingBot.StrategyRunner | New entry blocked: Max open positions (3) reached
2026-08-04 12:31:58 | INFO     | TradingBot.StrategyRunner | ── Scan cycle | 12:31:58 | mode=paper ──
2026-08-04 12:31:58 | INFO     | TradingBot.StrategyRunner | New entry blocked: Max open positions (3) reached
2026-08-04 12:32:04 | INFO     | TradingBot.StrategyRunner | ── Scan cycle | 12:32:04 | mode=paper ──
2026-08-04 12:32:04 | INFO     | TradingBot.StrategyRunner | New entry blocked: Max open positions (3) reached
2026-08-04 12:32:06 | INFO     | TradingBot.StrategyRunner | ── Scan cycle | 12:32:06 | mode=paper ──
2026-08-04 12:32:06 | INFO     | TradingBot.StrategyRunner | New entry blocked: Max open positions (3) reached
2026-08-04 12:32:23 | INFO     | TradingBot.StrategyRunner | ── Scan cycle | 12:32:23 | mode=paper ──
2026-08-04 12:32:23 | INFO     | TradingBot.StrategyRunner | New entry blocked: Max open positions (3) reached
2026-08-04 12:32:29 | INFO     | TradingBot.StrategyRunner | ── Scan cycle | 12:32:29 | mode=paper ──
2026-08-04 12:32:29 | INFO     | TradingBot.StrategyRunner | New entry blocked: Max open positions (3) reached
2026-08-04 12:32:34 | INFO     | TradingBot.StrategyRunner | ── Scan cycle | 12:32:34 | mode=paper ──
2026-08-04 12:32:34 | INFO     | TradingBot.StrategyRunner | New entry blocked: Max open positions (3) reached
2026-08-04 12:32:36 | INFO     | TradingBot.StrategyRunner | ── Scan cycle | 12:32:36 | mode=paper ──
2026-08-04 12:32:36 | INFO     | TradingBot.StrategyRunner | New entry blocked: Max open positions (3) reached
2026-08-04 12:32:51 | INFO     | TradingBot.StrategyRunner | ── Scan cycle | 12:32:51 | mode=paper ──
2026-08-04 12:32:51 | INFO     | TradingBot.StrategyRunner | New entry blocked: Max open positions (3) reached
2026-08-04 12:32:53 | INFO     | TradingBot.StrategyRunner | ── Scan cycle | 12:32:53 | mode=paper ──
2026-08-04 12:32:53 | INFO     | TradingBot.StrategyRunner | New entry blocked: Max open positions (3) reached
2026-08-04 12:32:59 | INFO     | TradingBot.StrategyRunner | ── Scan cycle | 12:32:59 | mode=paper ──
2026-08-04 12:32:59 | INFO     | TradingBot.StrategyRunner | New entry blocked: Max open positions (3) reached
2026-08-04 12:33:04 | INFO     | TradingBot.StrategyRunner | ── Scan cycle | 12:33:04 | mode=paper ──
2026-08-04 12:33:04 | INFO     | TradingBot.StrategyRunner | New entry blocked: Max open positions (3) reached
2026-08-04 12:33:06 | INFO     | TradingBot.StrategyRunner | ── Scan cycle | 12:33:06 | mode=paper ──
2026-08-04 12:33:06 | INFO     | TradingBot.StrategyRunner | New entry blocked: Max open positions (3) reached
2026-08-04 12:33:23 | INFO     | TradingBot.StrategyRunner | ── Scan cycle | 12:33:23 | mode=paper ──
2026-08-04 12:33:23 | INFO     | TradingBot.StrategyRunner | New entry blocked: Max open positions (3) reached
2026-08-04 12:33:29 | INFO     | TradingBot.StrategyRunner | ── Scan cycle | 12:33:29 | mode=paper ──
2026-08-04 12:33:29 | INFO     | TradingBot.StrategyRunner | New entry blocked: Max open positions (3) reached
2026-08-04 12:33:34 | INFO     | TradingBot.StrategyRunner | ── Scan cycle | 12:33:34 | mode=paper ──
2026-08-04 12:33:34 | INFO     | TradingBot.StrategyRunner | New entry blocked: Max open positions (3) reached
2026-08-04 12:33:36 | INFO     | TradingBot.StrategyRunner | ── Scan cycle | 12:33:36 | mode=paper ──
2026-08-04 12:33:36 | INFO     | TradingBot.StrategyRunner | New entry blocked: Max open positions (3) reached
2026-08-04 12:33:53 | INFO     | TradingBot.StrategyRunner | ── Scan cycle | 12:33:53 | mode=paper ──
2026-08-04 12:33:53 | INFO     | TradingBot.StrategyRunner | New entry blocked: Max open positions (3) reached
2026-08-04 12:33:59 | INFO     | TradingBot.StrategyRunner | ── Scan cycle | 12:33:59 | mode=paper ──
2026-08-04 12:33:59 | INFO     | TradingBot.StrategyRunner | New entry blocked: Max open positions (3) reached
2026-08-04 12:34:04 | INFO     | TradingBot.StrategyRunner | ── Scan cycle | 12:34:04 | mode=paper ──
2026-08-04 12:34:04 | INFO     | TradingBot.StrategyRunner | New entry blocked: Max open positions (3) reached
2026-08-04 12:34:06 | INFO     | TradingBot.StrategyRunner | ── Scan cycle | 12:34:06 | mode=paper ──
2026-08-04 12:34:06 | INFO     | TradingBot.StrategyRunner | New entry blocked: Max open positions (3) reached
2026-08-04 12:34:23 | INFO     | TradingBot.StrategyRunner | ── Scan cycle | 12:34:23 | mode=paper ──
2026-08-04 12:34:23 | INFO     | TradingBot.StrategyRunner | New entry blocked: Max open positions (3) reached
2026-08-04 12:34:29 | INFO     | TradingBot.StrategyRunner | ── Scan cycle | 12:34:29 | mode=paper ──
2026-08-04 12:34:29 | INFO     | TradingBot.StrategyRunner | New entry blocked: Max open positions (3) reached
2026-08-04 12:34:34 | INFO     | TradingBot.StrategyRunner | ── Scan cycle | 12:34:34 | mode=paper ──
2026-08-04 12:34:34 | INFO     | TradingBot.StrategyRunner | New entry blocked: Max open positions (3) reached
2026-08-04 12:34:36 | INFO     | TradingBot.StrategyRunner | ── Scan cycle | 12:34:36 | mode=paper ──
2026-08-04 12:34:36 | INFO     | TradingBot.StrategyRunner | New entry blocked: Max open positions (3) reached
2026-08-04 12:34:52 | INFO     | TradingBot.StrategyRunner | ── Scan cycle | 12:34:52 | mode=paper ──
2026-08-04 12:34:52 | INFO     | TradingBot.StrategyRunner | New entry blocked: Max open positions (3) reached
2026-08-04 12:34:53 | INFO     | TradingBot.StrategyRunner | ── Scan cycle | 12:34:53 | mode=paper ──
2026-08-04 12:34:53 | INFO     | TradingBot.StrategyRunner | New entry blocked: Max open positions (3) reached
2026-08-04 12:34:59 | INFO     | TradingBot.StrategyRunner | ── Scan cycle | 12:34:59 | mode=paper ──
2026-08-04 12:34:59 | INFO     | TradingBot.StrategyRunner | New entry blocked: Max open positions (3) reached
2026-08-04 12:35:04 | INFO     | TradingBot.StrategyRunner | ── Scan cycle | 12:35:04 | mode=paper ──
2026-08-04 12:35:04 | INFO     | TradingBot.StrategyRunner | New entry blocked: Max open positions (3) reached
2026-08-04 12:35:06 | INFO     | TradingBot.StrategyRunner | ── Scan cycle | 12:35:06 | mode=paper ──
2026-08-04 12:35:06 | INFO     | TradingBot.StrategyRunner | New entry blocked: Max open positions (3) reached
2026-08-04 12:35:23 | INFO     | TradingBot.StrategyRunner | ── Scan cycle | 12:35:23 | mode=paper ──
2026-08-04 12:35:23 | INFO     | TradingBot.StrategyRunner | New entry blocked: Max open positions (3) reached
2026-08-04 12:35:29 | INFO     | TradingBot.StrategyRunner | ── Scan cycle | 12:35:29 | mode=paper ──
2026-08-04 12:35:29 | INFO     | TradingBot.StrategyRunner | New entry blocked: Max open positions (3) reached
2026-08-04 12:35:34 | INFO     | TradingBot.StrategyRunner | ── Scan cycle | 12:35:34 | mode=paper ──
2026-08-04 12:35:34 | INFO     | TradingBot.StrategyRunner | New entry blocked: Max open positions (3) reached
2026-08-04 12:35:36 | INFO     | TradingBot.StrategyRunner | ── Scan cycle | 12:35:36 | mode=paper ──
2026-08-04 12:35:36 | INFO     | TradingBot.StrategyRunner | New entry blocked: Max open positions (3) reached
2026-08-04 12:35:53 | INFO     | TradingBot.StrategyRunner | ── Scan cycle | 12:35:53 | mode=paper ──
2026-08-04 12:35:53 | INFO     | TradingBot.StrategyRunner | New entry blocked: Max open positions (3) reached
2026-08-04 12:35:59 | INFO     | TradingBot.StrategyRunner | ── Scan cycle | 12:35:59 | mode=paper ──
2026-08-04 12:35:59 | INFO     | TradingBot.StrategyRunner | New entry blocked: Max open positions (3) reached
2026-08-04 12:36:04 | INFO     | TradingBot.StrategyRunner | ── Scan cycle | 12:36:04 | mode=paper ──
2026-08-04 12:36:04 | INFO     | TradingBot.StrategyRunner | New entry blocked: Max open positions (3) reached
2026-08-04 12:36:06 | INFO     | TradingBot.StrategyRunner | ── Scan cycle | 12:36:06 | mode=paper ──
2026-08-04 12:36:06 | INFO     | TradingBot.StrategyRunner | New entry blocked: Max open positions (3) reached
2026-08-04 12:36:23 | INFO     | TradingBot.StrategyRunner | ── Scan cycle | 12:36:23 | mode=paper ──
2026-08-04 12:36:23 | INFO     | TradingBot.StrategyRunner | New entry blocked: Max open positions (3) reached
2026-08-04 12:36:29 | INFO     | TradingBot.StrategyRunner | ── Scan cycle | 12:36:29 | mode=paper ──
2026-08-04 12:36:29 | INFO     | TradingBot.StrategyRunner | New entry blocked: Max open positions (3) reached
2026-08-04 12:36:34 | INFO     | TradingBot.StrategyRunner | ── Scan cycle | 12:36:34 | mode=paper ──
2026-08-04 12:36:34 | INFO     | TradingBot.StrategyRunner | New entry blocked: Max open positions (3) reached
2026-08-04 12:36:36 | INFO     | TradingBot.StrategyRunner | ── Scan cycle | 12:36:36 | mode=paper ──
2026-08-04 12:36:36 | INFO     | TradingBot.StrategyRunner | New entry blocked: Max open positions (3) reached
2026-08-04 12:36:53 | INFO     | TradingBot.StrategyRunner | ── Scan cycle | 12:36:53 | mode=paper ──
2026-08-04 12:36:53 | INFO     | TradingBot.StrategyRunner | New entry blocked: Max open positions (3) reached
2026-08-04 12:36:59 | INFO     | TradingBot.StrategyRunner | ── Scan cycle | 12:36:59 | mode=paper ──
2026-08-04 12:36:59 | INFO     | TradingBot.StrategyRunner | New entry blocked: Max open positions (3) reached
2026-08-04 12:37:04 | INFO     | TradingBot.StrategyRunner | ── Scan cycle | 12:37:04 | mode=paper ──
2026-08-04 12:37:04 | INFO     | TradingBot.StrategyRunner | New entry blocked: Max open positions (3) reached
2026-08-04 12:37:06 | INFO     | TradingBot.StrategyRunner | ── Scan cycle | 12:37:06 | mode=paper ──
2026-08-04 12:37:06 | INFO     | TradingBot.StrategyRunner | New entry blocked: Max open positions (3) reached
2026-08-04 12:37:23 | INFO     | TradingBot.StrategyRunner | ── Scan cycle | 12:37:23 | mode=paper ──
2026-08-04 12:37:23 | INFO     | TradingBot.StrategyRunner | New entry blocked: Max open positions (3) reached
2026-08-04 12:37:29 | INFO     | TradingBot.StrategyRunner | ── Scan cycle | 12:37:29 | mode=paper ──
2026-08-04 12:37:29 | INFO     | TradingBot.StrategyRunner | New entry blocked: Max open positions (3) reached
2026-08-04 12:37:34 | INFO     | TradingBot.StrategyRunner | ── Scan cycle | 12:37:34 | mode=paper ──
2026-08-04 12:37:34 | INFO     | TradingBot.StrategyRunner | New entry blocked: Max open positions (3) reached
2026-08-04 12:37:36 | INFO     | TradingBot.StrategyRunner | ── Scan cycle | 12:37:36 | mode=paper ──
2026-08-04 12:37:36 | INFO     | TradingBot.StrategyRunner | New entry blocked: Max open positions (3) reached
2026-08-04 12:37:51 | INFO     | TradingBot.StrategyRunner | ── Scan cycle | 12:37:51 | mode=paper ──
2026-08-04 12:37:51 | INFO     | TradingBot.StrategyRunner | New entry blocked: Max open positions (3) reached
2026-08-04 12:37:53 | INFO     | TradingBot.StrategyRunner | ── Scan cycle | 12:37:53 | mode=paper ──
2026-08-04 12:37:53 | INFO     | TradingBot.StrategyRunner | New entry blocked: Max open positions (3) reached
2026-08-04 12:37:59 | INFO     | TradingBot.StrategyRunner | ── Scan cycle | 12:37:59 | mode=paper ──
2026-08-04 12:37:59 | INFO     | TradingBot.StrategyRunner | New entry blocked: Max open positions (3) reached
2026-08-04 12:38:04 | INFO     | TradingBot.StrategyRunner | ── Scan cycle | 12:38:04 | mode=paper ──
2026-08-04 12:38:04 | INFO     | TradingBot.StrategyRunner | New entry blocked: Max open positions (3) reached
2026-08-04 12:38:06 | INFO     | TradingBot.StrategyRunner | ── Scan cycle | 12:38:06 | mode=paper ──
2026-08-04 12:38:06 | INFO     | TradingBot.StrategyRunner | New entry blocked: Max open positions (3) reached
2026-08-04 12:38:23 | INFO     | TradingBot.StrategyRunner | ── Scan cycle | 12:38:23 | mode=paper ──
2026-08-04 12:38:23 | INFO     | TradingBot.StrategyRunner | New entry blocked: Max open positions (3) reached
2026-08-04 12:38:29 | INFO     | TradingBot.StrategyRunner | ── Scan cycle | 12:38:29 | mode=paper ──
2026-08-04 12:38:29 | INFO     | TradingBot.StrategyRunner | New entry blocked: Max open positions (3) reached
2026-08-04 12:38:34 | INFO     | TradingBot.StrategyRunner | ── Scan cycle | 12:38:34 | mode=paper ──
2026-08-04 12:38:34 | INFO     | TradingBot.StrategyRunner | New entry blocked: Max open positions (3) reached
2026-08-04 12:38:36 | INFO     | TradingBot.StrategyRunner | ── Scan cycle | 12:38:36 | mode=paper ──
2026-08-04 12:38:36 | INFO     | TradingBot.StrategyRunner | New entry blocked: Max open positions (3) reached
2026-08-04 12:38:53 | INFO     | TradingBot.StrategyRunner | ── Scan cycle | 12:38:53 | mode=paper ──
2026-08-04 12:38:53 | INFO     | TradingBot.StrategyRunner | New entry blocked: Max open positions (3) reached
2026-08-04 12:38:59 | INFO     | TradingBot.StrategyRunner | ── Scan cycle | 12:38:59 | mode=paper ──
2026-08-04 12:38:59 | INFO     | TradingBot.StrategyRunner | New entry blocked: Max open positions (3) reached
2026-08-04 12:39:04 | INFO     | TradingBot.StrategyRunner | ── Scan cycle | 12:39:04 | mode=paper ──
2026-08-04 12:39:04 | INFO     | TradingBot.StrategyRunner | New entry blocked: Max open positions (3) reached
2026-08-04 12:39:06 | INFO     | TradingBot.StrategyRunner | ── Scan cycle | 12:39:06 | mode=paper ──
2026-08-04 12:39:06 | INFO     | TradingBot.StrategyRunner | New entry blocked: Max open positions (3) reached
2026-08-04 12:39:23 | INFO     | TradingBot.StrategyRunner | ── Scan cycle | 12:39:23 | mode=paper ──
2026-08-04 12:39:23 | INFO     | TradingBot.StrategyRunner | New entry blocked: Max open positions (3) reached
2026-08-04 12:39:29 | INFO     | TradingBot.StrategyRunner | ── Scan cycle | 12:39:29 | mode=paper ──
2026-08-04 12:39:29 | INFO     | TradingBot.StrategyRunner | New entry blocked: Max open positions (3) reached
2026-08-04 12:39:34 | INFO     | TradingBot.StrategyRunner | ── Scan cycle | 12:39:34 | mode=paper ──
2026-08-04 12:39:34 | INFO     | TradingBot.StrategyRunner | New entry blocked: Max open positions (3) reached
2026-08-04 12:39:36 | INFO     | TradingBot.StrategyRunner | ── Scan cycle | 12:39:36 | mode=paper ──
2026-08-04 12:39:36 | INFO     | TradingBot.StrategyRunner | New entry blocked: Max open positions (3) reached
2026-08-04 12:39:52 | INFO     | TradingBot.StrategyRunner | ── Scan cycle | 12:39:52 | mode=paper ──
2026-08-04 12:39:52 | INFO     | TradingBot.StrategyRunner | New entry blocked: Max open positions (3) reached
2026-08-04 12:39:53 | INFO     | TradingBot.StrategyRunner | ── Scan cycle | 12:39:53 | mode=paper ──
2026-08-04 12:39:53 | INFO     | TradingBot.StrategyRunner | New entry blocked: Max open positions (3) reached
2026-08-04 12:39:59 | INFO     | TradingBot.StrategyRunner | ── Scan cycle | 12:39:59 | mode=paper ──
2026-08-04 12:39:59 | INFO     | TradingBot.StrategyRunner | New entry blocked: Max open positions (3) reached
2026-08-04 12:40:04 | INFO     | TradingBot.StrategyRunner | ── Scan cycle | 12:40:04 | mode=paper ──
2026-08-04 12:40:04 | INFO     | TradingBot.StrategyRunner | New entry blocked: Max open positions (3) reached
2026-08-04 12:40:06 | INFO     | TradingBot.StrategyRunner | ── Scan cycle | 12:40:06 | mode=paper ──
2026-08-04 12:40:06 | INFO     | TradingBot.StrategyRunner | New entry blocked: Max open positions (3) reached
2026-08-04 12:40:23 | INFO     | TradingBot.StrategyRunner | ── Scan cycle | 12:40:23 | mode=paper ──
2026-08-04 12:40:23 | INFO     | TradingBot.StrategyRunner | New entry blocked: Max open positions (3) reached
2026-08-04 12:40:29 | INFO     | TradingBot.StrategyRunner | ── Scan cycle | 12:40:29 | mode=paper ──
2026-08-04 12:40:29 | INFO     | TradingBot.StrategyRunner | New entry blocked: Max open positions (3) reached
2026-08-04 12:40:34 | INFO     | TradingBot.StrategyRunner | ── Scan cycle | 12:40:34 | mode=paper ──
2026-08-04 12:40:34 | INFO     | TradingBot.StrategyRunner | New entry blocked: Max open positions (3) reached
2026-08-04 12:40:36 | INFO     | TradingBot.StrategyRunner | ── Scan cycle | 12:40:36 | mode=paper ──
2026-08-04 12:40:36 | INFO     | TradingBot.StrategyRunner | New entry blocked: Max open positions (3) reached
2026-08-04 12:40:53 | INFO     | TradingBot.StrategyRunner | ── Scan cycle | 12:40:53 | mode=paper ──
2026-08-04 12:40:53 | INFO     | TradingBot.StrategyRunner | New entry blocked: Max open positions (3) reached
2026-08-04 12:40:59 | INFO     | TradingBot.StrategyRunner | ── Scan cycle | 12:40:59 | mode=paper ──
2026-08-04 12:40:59 | INFO     | TradingBot.StrategyRunner | New entry blocked: Max open positions (3) reached
2026-08-04 12:41:04 | INFO     | TradingBot.StrategyRunner | ── Scan cycle | 12:41:04 | mode=paper ──
2026-08-04 12:41:04 | INFO     | TradingBot.StrategyRunner | New entry blocked: Max open positions (3) reached
2026-08-04 12:41:06 | INFO     | TradingBot.StrategyRunner | ── Scan cycle | 12:41:06 | mode=paper ──
2026-08-04 12:41:06 | INFO     | TradingBot.StrategyRunner | New entry blocked: Max open positions (3) reached
2026-08-04 12:41:23 | INFO     | TradingBot.StrategyRunner | ── Scan cycle | 12:41:23 | mode=paper ──
2026-08-04 12:41:23 | INFO     | TradingBot.StrategyRunner | New entry blocked: Max open positions (3) reached
2026-08-04 12:41:29 | INFO     | TradingBot.StrategyRunner | ── Scan cycle | 12:41:29 | mode=paper ──
2026-08-04 12:41:29 | INFO     | TradingBot.StrategyRunner | New entry blocked: Max open positions (3) reached
2026-08-04 12:41:34 | INFO     | TradingBot.StrategyRunner | ── Scan cycle | 12:41:34 | mode=paper ──
2026-08-04 12:41:34 | INFO     | TradingBot.StrategyRunner | New entry blocked: Max open positions (3) reached
2026-08-04 12:41:36 | INFO     | TradingBot.StrategyRunner | ── Scan cycle | 12:41:36 | mode=paper ──
2026-08-04 12:41:36 | INFO     | TradingBot.StrategyRunner | New entry blocked: Max open positions (3) reached
2026-08-04 12:41:53 | INFO     | TradingBot.StrategyRunner | ── Scan cycle | 12:41:53 | mode=paper ──
2026-08-04 12:41:53 | INFO     | TradingBot.StrategyRunner | New entry blocked: Max open positions (3) reached
2026-08-04 12:41:59 | INFO     | TradingBot.StrategyRunner | ── Scan cycle | 12:41:59 | mode=paper ──
2026-08-04 12:41:59 | INFO     | TradingBot.StrategyRunner | New entry blocked: Max open positions (3) reached
2026-08-04 12:42:04 | INFO     | TradingBot.StrategyRunner | ── Scan cycle | 12:42:04 | mode=paper ──
2026-08-04 12:42:04 | INFO     | TradingBot.StrategyRunner | New entry blocked: Max open positions (3) reached
2026-08-04 12:42:06 | INFO     | TradingBot.StrategyRunner | ── Scan cycle | 12:42:06 | mode=paper ──
2026-08-04 12:42:06 | INFO     | TradingBot.StrategyRunner | New entry blocked: Max open positions (3) reached
2026-08-04 12:42:23 | INFO     | TradingBot.StrategyRunner | ── Scan cycle | 12:42:23 | mode=paper ──
2026-08-04 12:42:23 | INFO     | TradingBot.StrategyRunner | New entry blocked: Max open positions (3) reached
2026-08-04 12:42:29 | INFO     | TradingBot.StrategyRunner | ── Scan cycle | 12:42:29 | mode=paper ──
2026-08-04 12:42:29 | INFO     | TradingBot.StrategyRunner | New entry blocked: Max open positions (3) reached
2026-08-04 12:42:34 | INFO     | TradingBot.StrategyRunner | ── Scan cycle | 12:42:34 | mode=paper ──
2026-08-04 12:42:34 | INFO     | TradingBot.StrategyRunner | New entry blocked: Max open positions (3) reached
2026-08-04 12:42:36 | INFO     | TradingBot.StrategyRunner | ── Scan cycle | 12:42:36 | mode=paper ──
2026-08-04 12:42:36 | INFO     | TradingBot.StrategyRunner | New entry blocked: Max open positions (3) reached
2026-08-04 12:42:52 | INFO     | TradingBot.StrategyRunner | ── Scan cycle | 12:42:52 | mode=paper ──
2026-08-04 12:42:52 | INFO     | TradingBot.StrategyRunner | New entry blocked: Max open positions (3) reached
2026-08-04 12:42:53 | INFO     | TradingBot.StrategyRunner | ── Scan cycle | 12:42:53 | mode=paper ──
2026-08-04 12:42:53 | INFO     | TradingBot.StrategyRunner | New entry blocked: Max open positions (3) reached
2026-08-04 12:42:59 | INFO     | TradingBot.StrategyRunner | ── Scan cycle | 12:42:59 | mode=paper ──
2026-08-04 12:42:59 | INFO     | TradingBot.StrategyRunner | New entry blocked: Max open positions (3) reached
2026-08-04 12:43:04 | INFO     | TradingBot.StrategyRunner | ── Scan cycle | 12:43:04 | mode=paper ──
2026-08-04 12:43:04 | INFO     | TradingBot.StrategyRunner | New entry blocked: Max open positions (3) reached
2026-08-04 12:43:06 | INFO     | TradingBot.StrategyRunner | ── Scan cycle | 12:43:06 | mode=paper ──
2026-08-04 12:43:06 | INFO     | TradingBot.StrategyRunner | New entry blocked: Max open positions (3) reached
2026-08-04 12:43:23 | INFO     | TradingBot.StrategyRunner | ── Scan cycle | 12:43:23 | mode=paper ──
2026-08-04 12:43:23 | INFO     | TradingBot.StrategyRunner | New entry blocked: Max open positions (3) reached
2026-08-04 12:43:29 | INFO     | TradingBot.StrategyRunner | ── Scan cycle | 12:43:29 | mode=paper ──
2026-08-04 12:43:29 | INFO     | TradingBot.StrategyRunner | New entry blocked: Max open positions (3) reached
2026-08-04 12:43:34 | INFO     | TradingBot.StrategyRunner | ── Scan cycle | 12:43:34 | mode=paper ──
2026-08-04 12:43:34 | INFO     | TradingBot.StrategyRunner | New entry blocked: Max open positions (3) reached
2026-08-04 12:43:36 | INFO     | TradingBot.StrategyRunner | ── Scan cycle | 12:43:36 | mode=paper ──
2026-08-04 12:43:36 | INFO     | TradingBot.StrategyRunner | New entry blocked: Max open positions (3) reached
2026-08-04 12:43:53 | INFO     | TradingBot.StrategyRunner | ── Scan cycle | 12:43:53 | mode=paper ──
2026-08-04 12:43:53 | INFO     | TradingBot.StrategyRunner | New entry blocked: Max open positions (3) reached
2026-08-04 12:43:59 | INFO     | TradingBot.StrategyRunner | ── Scan cycle | 12:43:59 | mode=paper ──
2026-08-04 12:43:59 | INFO     | TradingBot.StrategyRunner | New entry blocked: Max open positions (3) reached
2026-08-04 12:44:04 | INFO     | TradingBot.StrategyRunner | ── Scan cycle | 12:44:04 | mode=paper ──
2026-08-04 12:44:04 | INFO     | TradingBot.StrategyRunner | New entry blocked: Max open positions (3) reached
2026-08-04 12:44:06 | INFO     | TradingBot.StrategyRunner | ── Scan cycle | 12:44:06 | mode=paper ──
2026-08-04 12:44:06 | INFO     | TradingBot.StrategyRunner | New entry blocked: Max open positions (3) reached
2026-08-04 12:44:23 | INFO     | TradingBot.StrategyRunner | ── Scan cycle | 12:44:23 | mode=paper ──
2026-08-04 12:44:23 | INFO     | TradingBot.StrategyRunner | New entry blocked: Max open positions (3) reached
2026-08-04 12:44:29 | INFO     | TradingBot.StrategyRunner | ── Scan cycle | 12:44:29 | mode=paper ──
2026-08-04 12:44:29 | INFO     | TradingBot.StrategyRunner | New entry blocked: Max open positions (3) reached
2026-08-04 12:44:34 | INFO     | TradingBot.StrategyRunner | ── Scan cycle | 12:44:34 | mode=paper ──
2026-08-04 12:44:34 | INFO     | TradingBot.StrategyRunner | New entry blocked: Max open positions (3) reached
2026-08-04 12:44:36 | INFO     | TradingBot.StrategyRunner | ── Scan cycle | 12:44:36 | mode=paper ──
2026-08-04 12:44:36 | INFO     | TradingBot.StrategyRunner | New entry blocked: Max open positions (3) reached
2026-08-04 12:44:52 | INFO     | TradingBot.StrategyRunner | ── Scan cycle | 12:44:52 | mode=paper ──
2026-08-04 12:44:52 | INFO     | TradingBot.StrategyRunner | New entry blocked: Max open positions (3) reached
2026-08-04 12:44:53 | INFO     | TradingBot.StrategyRunner | ── Scan cycle | 12:44:53 | mode=paper ──
2026-08-04 12:44:53 | INFO     | TradingBot.StrategyRunner | New entry blocked: Max open positions (3) reached
2026-08-04 12:44:59 | INFO     | TradingBot.StrategyRunner | ── Scan cycle | 12:44:59 | mode=paper ──
2026-08-04 12:44:59 | INFO     | TradingBot.StrategyRunner | New entry blocked: Max open positions (3) reached
2026-08-04 12:45:04 | INFO     | TradingBot.StrategyRunner | ── Scan cycle | 12:45:04 | mode=paper ──
2026-08-04 12:45:04 | INFO     | TradingBot.StrategyRunner | New entry blocked: Max open positions (3) reached
2026-08-04 12:45:06 | INFO     | TradingBot.StrategyRunner | ── Scan cycle | 12:45:06 | mode=paper ──
2026-08-04 12:45:06 | INFO     | TradingBot.StrategyRunner | New entry blocked: Max open positions (3) reached
2026-08-04 12:45:23 | INFO     | TradingBot.StrategyRunner | ── Scan cycle | 12:45:23 | mode=paper ──
2026-08-04 12:45:23 | INFO     | TradingBot.StrategyRunner | New entry blocked: Max open positions (3) reached
2026-08-04 12:45:29 | INFO     | TradingBot.StrategyRunner | ── Scan cycle | 12:45:29 | mode=paper ──
2026-08-04 12:45:29 | INFO     | TradingBot.StrategyRunner | New entry blocked: Max open positions (3) reached
2026-08-04 12:45:34 | INFO     | TradingBot.StrategyRunner | ── Scan cycle | 12:45:34 | mode=paper ──
2026-08-04 12:45:34 | INFO     | TradingBot.StrategyRunner | New entry blocked: Max open positions (3) reached
2026-08-04 12:45:36 | INFO     | TradingBot.StrategyRunner | ── Scan cycle | 12:45:36 | mode=paper ──
2026-08-04 12:45:36 | INFO     | TradingBot.StrategyRunner | New entry blocked: Max open positions (3) reached
2026-08-04 12:45:53 | INFO     | TradingBot.StrategyRunner | ── Scan cycle | 12:45:53 | mode=paper ──
2026-08-04 12:45:53 | INFO     | TradingBot.StrategyRunner | New entry blocked: Max open positions (3) reached
2026-08-04 12:45:59 | INFO     | TradingBot.StrategyRunner | ── Scan cycle | 12:45:59 | mode=paper ──
2026-08-04 12:45:59 | INFO     | TradingBot.StrategyRunner | New entry blocked: Max open positions (3) reached
2026-08-04 12:46:04 | INFO     | TradingBot.StrategyRunner | ── Scan cycle | 12:46:04 | mode=paper ──
2026-08-04 12:46:04 | INFO     | TradingBot.StrategyRunner | New entry blocked: Max open positions (3) reached
2026-08-04 12:46:06 | INFO     | TradingBot.StrategyRunner | ── Scan cycle | 12:46:06 | mode=paper ──
2026-08-04 12:46:06 | INFO     | TradingBot.StrategyRunner | New entry blocked: Max open positions (3) reached
2026-08-04 12:46:23 | INFO     | TradingBot.StrategyRunner | ── Scan cycle | 12:46:23 | mode=paper ──
2026-08-04 12:46:23 | INFO     | TradingBot.StrategyRunner | New entry blocked: Max open positions (3) reached
2026-08-04 12:46:29 | INFO     | TradingBot.StrategyRunner | ── Scan cycle | 12:46:29 | mode=paper ──
2026-08-04 12:46:29 | INFO     | TradingBot.StrategyRunner | New entry blocked: Max open positions (3) reached
2026-08-04 12:46:34 | INFO     | TradingBot.StrategyRunner | ── Scan cycle | 12:46:34 | mode=paper ──
2026-08-04 12:46:34 | INFO     | TradingBot.StrategyRunner | New entry blocked: Max open positions (3) reached
2026-08-04 12:46:36 | INFO     | TradingBot.StrategyRunner | ── Scan cycle | 12:46:36 | mode=paper ──
2026-08-04 12:46:36 | INFO     | TradingBot.StrategyRunner | New entry blocked: Max open positions (3) reached
2026-08-04 12:46:53 | INFO     | TradingBot.StrategyRunner | ── Scan cycle | 12:46:53 | mode=paper ──
2026-08-04 12:46:53 | INFO     | TradingBot.StrategyRunner | New entry blocked: Max open positions (3) reached
2026-08-04 12:46:59 | INFO     | TradingBot.StrategyRunner | ── Scan cycle | 12:46:59 | mode=paper ──
2026-08-04 12:46:59 | INFO     | TradingBot.StrategyRunner | New entry blocked: Max open positions (3) reached
2026-08-04 12:47:04 | INFO     | TradingBot.StrategyRunner | ── Scan cycle | 12:47:04 | mode=paper ──
2026-08-04 12:47:04 | INFO     | TradingBot.StrategyRunner | New entry blocked: Max open positions (3) reached
2026-08-04 12:47:06 | INFO     | TradingBot.StrategyRunner | ── Scan cycle | 12:47:06 | mode=paper ──
2026-08-04 12:47:06 | INFO     | TradingBot.StrategyRunner | New entry blocked: Max open positions (3) reached
2026-08-04 12:47:23 | INFO     | TradingBot.StrategyRunner | ── Scan cycle | 12:47:23 | mode=paper ──
2026-08-04 12:47:23 | INFO     | TradingBot.StrategyRunner | New entry blocked: Max open positions (3) reached
2026-08-04 12:47:29 | INFO     | TradingBot.StrategyRunner | ── Scan cycle | 12:47:29 | mode=paper ──
2026-08-04 12:47:29 | INFO     | TradingBot.StrategyRunner | New entry blocked: Max open positions (3) reached
2026-08-04 12:47:34 | INFO     | TradingBot.StrategyRunner | ── Scan cycle | 12:47:34 | mode=paper ──
2026-08-04 12:47:34 | INFO     | TradingBot.StrategyRunner | New entry blocked: Max open positions (3) reached
2026-08-04 12:47:36 | INFO     | TradingBot.StrategyRunner | ── Scan cycle | 12:47:36 | mode=paper ──
2026-08-04 12:47:36 | INFO     | TradingBot.StrategyRunner | New entry blocked: Max open positions (3) reached
2026-08-04 12:47:52 | INFO     | TradingBot.StrategyRunner | ── Scan cycle | 12:47:52 | mode=paper ──
2026-08-04 12:47:52 | INFO     | TradingBot.StrategyRunner | New entry blocked: Max open positions (3) reached
2026-08-04 12:47:53 | INFO     | TradingBot.StrategyRunner | ── Scan cycle | 12:47:53 | mode=paper ──
2026-08-04 12:47:53 | INFO     | TradingBot.StrategyRunner | New entry blocked: Max open positions (3) reached
2026-08-04 12:47:59 | INFO     | TradingBot.StrategyRunner | ── Scan cycle | 12:47:59 | mode=paper ──
2026-08-04 12:47:59 | INFO     | TradingBot.StrategyRunner | New entry blocked: Max open positions (3) reached
2026-08-04 12:48:04 | INFO     | TradingBot.StrategyRunner | ── Scan cycle | 12:48:04 | mode=paper ──
2026-08-04 12:48:04 | INFO     | TradingBot.StrategyRunner | New entry blocked: Max open positions (3) reached
2026-08-04 12:48:06 | INFO     | TradingBot.StrategyRunner | ── Scan cycle | 12:48:06 | mode=paper ──
2026-08-04 12:48:06 | INFO     | TradingBot.StrategyRunner | New entry blocked: Max open positions (3) reached
2026-08-04 12:48:23 | INFO     | TradingBot.StrategyRunner | ── Scan cycle | 12:48:23 | mode=paper ──
2026-08-04 12:48:23 | INFO     | TradingBot.StrategyRunner | New entry blocked: Max open positions (3) reached
2026-08-04 12:48:29 | INFO     | TradingBot.StrategyRunner | ── Scan cycle | 12:48:29 | mode=paper ──
2026-08-04 12:48:29 | INFO     | TradingBot.StrategyRunner | New entry blocked: Max open positions (3) reached
2026-08-04 12:48:34 | INFO     | TradingBot.StrategyRunner | ── Scan cycle | 12:48:34 | mode=paper ──
2026-08-04 12:48:34 | INFO     | TradingBot.StrategyRunner | New entry blocked: Max open positions (3) reached
2026-08-04 12:48:36 | INFO     | TradingBot.StrategyRunner | ── Scan cycle | 12:48:36 | mode=paper ──
2026-08-04 12:48:36 | INFO     | TradingBot.StrategyRunner | New entry blocked: Max open positions (3) reached
2026-08-04 12:48:53 | INFO     | TradingBot.StrategyRunner | ── Scan cycle | 12:48:53 | mode=paper ──
2026-08-04 12:48:53 | INFO     | TradingBot.StrategyRunner | New entry blocked: Max open positions (3) reached
2026-08-04 12:48:59 | INFO     | TradingBot.StrategyRunner | ── Scan cycle | 12:48:59 | mode=paper ──
2026-08-04 12:48:59 | INFO     | TradingBot.StrategyRunner | New entry blocked: Max open positions (3) reached
2026-08-04 12:49:04 | INFO     | TradingBot.StrategyRunner | ── Scan cycle | 12:49:04 | mode=paper ──
2026-08-04 12:49:04 | INFO     | TradingBot.StrategyRunner | New entry blocked: Max open positions (3) reached
2026-08-04 12:49:06 | INFO     | TradingBot.StrategyRunner | ── Scan cycle | 12:49:06 | mode=paper ──
2026-08-04 12:49:06 | INFO     | TradingBot.StrategyRunner | New entry blocked: Max open positions (3) reached
2026-08-04 12:49:23 | INFO     | TradingBot.StrategyRunner | ── Scan cycle | 12:49:23 | mode=paper ──
2026-08-04 12:49:23 | INFO     | TradingBot.StrategyRunner | New entry blocked: Max open positions (3) reached
2026-08-04 12:49:29 | INFO     | TradingBot.StrategyRunner | ── Scan cycle | 12:49:29 | mode=paper ──
2026-08-04 12:49:29 | INFO     | TradingBot.StrategyRunner | New entry blocked: Max open positions (3) reached
2026-08-04 12:49:34 | INFO     | TradingBot.StrategyRunner | ── Scan cycle | 12:49:34 | mode=paper ──
2026-08-04 12:49:34 | INFO     | TradingBot.StrategyRunner | New entry blocked: Max open positions (3) reached
2026-08-04 12:49:36 | INFO     | TradingBot.StrategyRunner | ── Scan cycle | 12:49:36 | mode=paper ──
2026-08-04 12:49:36 | INFO     | TradingBot.StrategyRunner | New entry blocked: Max open positions (3) reached
2026-08-04 12:49:52 | INFO     | TradingBot.StrategyRunner | ── Scan cycle | 12:49:52 | mode=paper ──
2026-08-04 12:49:52 | INFO     | TradingBot.StrategyRunner | New entry blocked: Max open positions (3) reached
2026-08-04 12:49:53 | INFO     | TradingBot.StrategyRunner | ── Scan cycle | 12:49:53 | mode=paper ──
2026-08-04 12:49:53 | INFO     | TradingBot.StrategyRunner | New entry blocked: Max open positions (3) reached
2026-08-04 12:49:59 | INFO     | TradingBot.StrategyRunner | ── Scan cycle | 12:49:59 | mode=paper ──
2026-08-04 12:49:59 | INFO     | TradingBot.StrategyRunner | New entry blocked: Max open positions (3) reached
2026-08-04 12:50:04 | INFO     | TradingBot.StrategyRunner | ── Scan cycle | 12:50:04 | mode=paper ──
2026-08-04 12:50:04 | INFO     | TradingBot.StrategyRunner | New entry blocked: Max open positions (3) reached
2026-08-04 12:50:06 | INFO     | TradingBot.StrategyRunner | ── Scan cycle | 12:50:06 | mode=paper ──
2026-08-04 12:50:06 | INFO     | TradingBot.StrategyRunner | New entry blocked: Max open positions (3) reached
2026-08-04 12:50:23 | INFO     | TradingBot.StrategyRunner | ── Scan cycle | 12:50:23 | mode=paper ──
2026-08-04 12:50:23 | INFO     | TradingBot.StrategyRunner | New entry blocked: Max open positions (3) reached
2026-08-04 12:50:29 | INFO     | TradingBot.StrategyRunner | ── Scan cycle | 12:50:29 | mode=paper ──
2026-08-04 12:50:29 | INFO     | TradingBot.StrategyRunner | New entry blocked: Max open positions (3) reached
2026-08-04 12:50:34 | INFO     | TradingBot.StrategyRunner | ── Scan cycle | 12:50:34 | mode=paper ──
2026-08-04 12:50:34 | INFO     | TradingBot.StrategyRunner | New entry blocked: Max open positions (3) reached
2026-08-04 12:50:36 | INFO     | TradingBot.StrategyRunner | ── Scan cycle | 12:50:36 | mode=paper ──
2026-08-04 12:50:36 | INFO     | TradingBot.StrategyRunner | New entry blocked: Max open positions (3) reached
2026-08-04 12:50:53 | INFO     | TradingBot.StrategyRunner | ── Scan cycle | 12:50:53 | mode=paper ──
2026-08-04 12:50:53 | INFO     | TradingBot.StrategyRunner | New entry blocked: Max open positions (3) reached
2026-08-04 12:50:59 | INFO     | TradingBot.StrategyRunner | ── Scan cycle | 12:50:59 | mode=paper ──
2026-08-04 12:50:59 | INFO     | TradingBot.StrategyRunner | New entry blocked: Max open positions (3) reached
2026-08-04 12:51:04 | INFO     | TradingBot.StrategyRunner | ── Scan cycle | 12:51:04 | mode=paper ──
2026-08-04 12:51:04 | INFO     | TradingBot.StrategyRunner | New entry blocked: Max open positions (3) reached
2026-08-04 12:51:06 | INFO     | TradingBot.StrategyRunner | ── Scan cycle | 12:51:06 | mode=paper ──
2026-08-04 12:51:06 | INFO     | TradingBot.StrategyRunner | New entry blocked: Max open positions (3) reached
2026-08-04 12:51:23 | INFO     | TradingBot.StrategyRunner | ── Scan cycle | 12:51:23 | mode=paper ──
2026-08-04 12:51:23 | INFO     | TradingBot.StrategyRunner | New entry blocked: Max open positions (3) reached
2026-08-04 12:51:29 | INFO     | TradingBot.StrategyRunner | ── Scan cycle | 12:51:29 | mode=paper ──
2026-08-04 12:51:29 | INFO     | TradingBot.StrategyRunner | New entry blocked: Max open positions (3) reached
2026-08-04 12:51:34 | INFO     | TradingBot.StrategyRunner | ── Scan cycle | 12:51:34 | mode=paper ──
2026-08-04 12:51:34 | INFO     | TradingBot.StrategyRunner | New entry blocked: Max open positions (3) reached
2026-08-04 12:51:36 | INFO     | TradingBot.StrategyRunner | ── Scan cycle | 12:51:36 | mode=paper ──
2026-08-04 12:51:36 | INFO     | TradingBot.StrategyRunner | New entry blocked: Max open positions (3) reached
2026-08-04 12:51:53 | INFO     | TradingBot.StrategyRunner | ── Scan cycle | 12:51:53 | mode=paper ──
2026-08-04 12:51:53 | INFO     | TradingBot.StrategyRunner | New entry blocked: Max open positions (3) reached
2026-08-04 12:51:59 | INFO     | TradingBot.StrategyRunner | ── Scan cycle | 12:51:59 | mode=paper ──
2026-08-04 12:51:59 | INFO     | TradingBot.StrategyRunner | New entry blocked: Max open positions (3) reached
2026-08-04 12:52:04 | INFO     | TradingBot.StrategyRunner | ── Scan cycle | 12:52:04 | mode=paper ──
2026-08-04 12:52:04 | INFO     | TradingBot.StrategyRunner | New entry blocked: Max open positions (3) reached
2026-08-04 12:52:06 | INFO     | TradingBot.StrategyRunner | ── Scan cycle | 12:52:06 | mode=paper ──
2026-08-04 12:52:06 | INFO     | TradingBot.StrategyRunner | New entry blocked: Max open positions (3) reached
2026-08-04 12:52:23 | INFO     | TradingBot.StrategyRunner | ── Scan cycle | 12:52:23 | mode=paper ──
2026-08-04 12:52:23 | INFO     | TradingBot.StrategyRunner | New entry blocked: Max open positions (3) reached
2026-08-04 12:52:29 | INFO     | TradingBot.StrategyRunner | ── Scan cycle | 12:52:29 | mode=paper ──
2026-08-04 12:52:29 | INFO     | TradingBot.StrategyRunner | New entry blocked: Max open positions (3) reached
2026-08-04 12:52:34 | INFO     | TradingBot.StrategyRunner | ── Scan cycle | 12:52:34 | mode=paper ──
2026-08-04 12:52:34 | INFO     | TradingBot.StrategyRunner | New entry blocked: Max open positions (3) reached
2026-08-04 12:52:36 | INFO     | TradingBot.StrategyRunner | ── Scan cycle | 12:52:36 | mode=paper ──
2026-08-04 12:52:36 | INFO     | TradingBot.StrategyRunner | New entry blocked: Max open positions (3) reached
2026-08-04 12:52:52 | INFO     | TradingBot.StrategyRunner | ── Scan cycle | 12:52:52 | mode=paper ──
2026-08-04 12:52:52 | INFO     | TradingBot.StrategyRunner | New entry blocked: Max open positions (3) reached
2026-08-04 12:52:53 | INFO     | TradingBot.StrategyRunner | ── Scan cycle | 12:52:53 | mode=paper ──
2026-08-04 12:52:53 | INFO     | TradingBot.StrategyRunner | New entry blocked: Max open positions (3) reached
2026-08-04 12:52:59 | INFO     | TradingBot.StrategyRunner | ── Scan cycle | 12:52:59 | mode=paper ──
2026-08-04 12:52:59 | INFO     | TradingBot.StrategyRunner | New entry blocked: Max open positions (3) reached
2026-08-04 12:53:04 | INFO     | TradingBot.StrategyRunner | ── Scan cycle | 12:53:04 | mode=paper ──
2026-08-04 12:53:04 | INFO     | TradingBot.StrategyRunner | New entry blocked: Max open positions (3) reached
2026-08-04 12:53:06 | INFO     | TradingBot.StrategyRunner | ── Scan cycle | 12:53:06 | mode=paper ──
2026-08-04 12:53:06 | INFO     | TradingBot.StrategyRunner | New entry blocked: Max open positions (3) reached
2026-08-04 12:53:23 | INFO     | TradingBot.StrategyRunner | ── Scan cycle | 12:53:23 | mode=paper ──
2026-08-04 12:53:23 | INFO     | TradingBot.StrategyRunner | New entry blocked: Max open positions (3) reached
2026-08-04 12:53:29 | INFO     | TradingBot.StrategyRunner | ── Scan cycle | 12:53:29 | mode=paper ──
2026-08-04 12:53:29 | INFO     | TradingBot.StrategyRunner | New entry blocked: Max open positions (3) reached
2026-08-04 12:53:34 | INFO     | TradingBot.StrategyRunner | ── Scan cycle | 12:53:34 | mode=paper ──
2026-08-04 12:53:34 | INFO     | TradingBot.StrategyRunner | New entry blocked: Max open positions (3) reached
2026-08-04 12:53:36 | INFO     | TradingBot.StrategyRunner | ── Scan cycle | 12:53:36 | mode=paper ──
2026-08-04 12:53:36 | INFO     | TradingBot.StrategyRunner | New entry blocked: Max open positions (3) reached
2026-08-04 12:53:53 | INFO     | TradingBot.StrategyRunner | ── Scan cycle | 12:53:53 | mode=paper ──
2026-08-04 12:53:53 | INFO     | TradingBot.StrategyRunner | New entry blocked: Max open positions (3) reached
2026-08-04 12:53:59 | INFO     | TradingBot.StrategyRunner | ── Scan cycle | 12:53:59 | mode=paper ──
2026-08-04 12:53:59 | INFO     | TradingBot.StrategyRunner | New entry blocked: Max open positions (3) reached
2026-08-04 12:54:04 | INFO     | TradingBot.StrategyRunner | ── Scan cycle | 12:54:04 | mode=paper ──
2026-08-04 12:54:04 | INFO     | TradingBot.StrategyRunner | New entry blocked: Max open positions (3) reached
2026-08-04 12:54:06 | INFO     | TradingBot.StrategyRunner | ── Scan cycle | 12:54:06 | mode=paper ──
2026-08-04 12:54:06 | INFO     | TradingBot.StrategyRunner | New entry blocked: Max open positions (3) reached
2026-08-04 12:54:23 | INFO     | TradingBot.StrategyRunner | ── Scan cycle | 12:54:23 | mode=paper ──
2026-08-04 12:54:23 | INFO     | TradingBot.StrategyRunner | New entry blocked: Max open positions (3) reached
2026-08-04 12:54:29 | INFO     | TradingBot.StrategyRunner | ── Scan cycle | 12:54:29 | mode=paper ──
2026-08-04 12:54:29 | INFO     | TradingBot.StrategyRunner | New entry blocked: Max open positions (3) reached
2026-08-04 12:54:34 | INFO     | TradingBot.StrategyRunner | ── Scan cycle | 12:54:34 | mode=paper ──
2026-08-04 12:54:34 | INFO     | TradingBot.StrategyRunner | New entry blocked: Max open positions (3) reached
2026-08-04 12:54:36 | INFO     | TradingBot.StrategyRunner | ── Scan cycle | 12:54:36 | mode=paper ──
2026-08-04 12:54:36 | INFO     | TradingBot.StrategyRunner | New entry blocked: Max open positions (3) reached
2026-08-04 12:54:52 | INFO     | TradingBot.StrategyRunner | ── Scan cycle | 12:54:52 | mode=paper ──
2026-08-04 12:54:52 | INFO     | TradingBot.StrategyRunner | New entry blocked: Max open positions (3) reached
2026-08-04 12:54:53 | INFO     | TradingBot.StrategyRunner | ── Scan cycle | 12:54:53 | mode=paper ──
2026-08-04 12:54:53 | INFO     | TradingBot.StrategyRunner | New entry blocked: Max open positions (3) reached
2026-08-04 12:54:59 | INFO     | TradingBot.StrategyRunner | ── Scan cycle | 12:54:59 | mode=paper ──
2026-08-04 12:54:59 | INFO     | TradingBot.StrategyRunner | New entry blocked: Max open positions (3) reached
2026-08-04 12:55:04 | INFO     | TradingBot.StrategyRunner | ── Scan cycle | 12:55:04 | mode=paper ──
2026-08-04 12:55:04 | INFO     | TradingBot.StrategyRunner | New entry blocked: Max open positions (3) reached
2026-08-04 12:55:06 | INFO     | TradingBot.StrategyRunner | ── Scan cycle | 12:55:06 | mode=paper ──
2026-08-04 12:55:06 | INFO     | TradingBot.StrategyRunner | New entry blocked: Max open positions (3) reached
2026-08-04 12:55:23 | INFO     | TradingBot.StrategyRunner | ── Scan cycle | 12:55:23 | mode=paper ──
2026-08-04 12:55:23 | INFO     | TradingBot.StrategyRunner | New entry blocked: Max open positions (3) reached
2026-08-04 12:55:29 | INFO     | TradingBot.StrategyRunner | ── Scan cycle | 12:55:29 | mode=paper ──
2026-08-04 12:55:29 | INFO     | TradingBot.StrategyRunner | New entry blocked: Max open positions (3) reached
2026-08-04 12:55:34 | INFO     | TradingBot.StrategyRunner | ── Scan cycle | 12:55:34 | mode=paper ──
2026-08-04 12:55:34 | INFO     | TradingBot.StrategyRunner | New entry blocked: Max open positions (3) reached
2026-08-04 12:55:36 | INFO     | TradingBot.StrategyRunner | ── Scan cycle | 12:55:36 | mode=paper ──
2026-08-04 12:55:36 | INFO     | TradingBot.StrategyRunner | New entry blocked: Max open positions (3) reached
2026-08-04 12:55:53 | INFO     | TradingBot.StrategyRunner | ── Scan cycle | 12:55:53 | mode=paper ──
2026-08-04 12:55:53 | INFO     | TradingBot.StrategyRunner | New entry blocked: Max open positions (3) reached
2026-08-04 12:55:59 | INFO     | TradingBot.StrategyRunner | ── Scan cycle | 12:55:59 | mode=paper ──
2026-08-04 12:55:59 | INFO     | TradingBot.StrategyRunner | New entry blocked: Max open positions (3) reached
2026-08-04 12:56:04 | INFO     | TradingBot.StrategyRunner | ── Scan cycle | 12:56:04 | mode=paper ──
2026-08-04 12:56:04 | INFO     | TradingBot.StrategyRunner | New entry blocked: Max open positions (3) reached
2026-08-04 12:56:06 | INFO     | TradingBot.StrategyRunner | ── Scan cycle | 12:56:06 | mode=paper ──
2026-08-04 12:56:06 | INFO     | TradingBot.StrategyRunner | New entry blocked: Max open positions (3) reached
2026-08-04 12:56:23 | INFO     | TradingBot.StrategyRunner | ── Scan cycle | 12:56:23 | mode=paper ──
2026-08-04 12:56:23 | INFO     | TradingBot.StrategyRunner | New entry blocked: Max open positions (3) reached
2026-08-04 12:56:29 | INFO     | TradingBot.StrategyRunner | ── Scan cycle | 12:56:29 | mode=paper ──
2026-08-04 12:56:29 | INFO     | TradingBot.StrategyRunner | New entry blocked: Max open positions (3) reached
2026-08-04 12:56:34 | INFO     | TradingBot.StrategyRunner | ── Scan cycle | 12:56:34 | mode=paper ──
2026-08-04 12:56:34 | INFO     | TradingBot.StrategyRunner | New entry blocked: Max open positions (3) reached
2026-08-04 12:56:36 | INFO     | TradingBot.StrategyRunner | ── Scan cycle | 12:56:36 | mode=paper ──
2026-08-04 12:56:36 | INFO     | TradingBot.StrategyRunner | New entry blocked: Max open positions (3) reached
2026-08-04 12:56:53 | INFO     | TradingBot.StrategyRunner | ── Scan cycle | 12:56:53 | mode=paper ──
2026-08-04 12:56:53 | INFO     | TradingBot.StrategyRunner | New entry blocked: Max open positions (3) reached
2026-08-04 12:56:59 | INFO     | TradingBot.StrategyRunner | ── Scan cycle | 12:56:59 | mode=paper ──
2026-08-04 12:56:59 | INFO     | TradingBot.StrategyRunner | New entry blocked: Max open positions (3) reached
2026-08-04 12:57:04 | INFO     | TradingBot.StrategyRunner | ── Scan cycle | 12:57:04 | mode=paper ──
2026-08-04 12:57:04 | INFO     | TradingBot.StrategyRunner | New entry blocked: Max open positions (3) reached
2026-08-04 12:57:06 | INFO     | TradingBot.StrategyRunner | ── Scan cycle | 12:57:06 | mode=paper ──
2026-08-04 12:57:06 | INFO     | TradingBot.StrategyRunner | New entry blocked: Max open positions (3) reached
2026-08-04 12:57:23 | INFO     | TradingBot.StrategyRunner | ── Scan cycle | 12:57:23 | mode=paper ──
2026-08-04 12:57:23 | INFO     | TradingBot.StrategyRunner | New entry blocked: Max open positions (3) reached
2026-08-04 12:57:29 | INFO     | TradingBot.StrategyRunner | ── Scan cycle | 12:57:29 | mode=paper ──
2026-08-04 12:57:29 | INFO     | TradingBot.StrategyRunner | New entry blocked: Max open positions (3) reached
2026-08-04 12:57:34 | INFO     | TradingBot.StrategyRunner | ── Scan cycle | 12:57:34 | mode=paper ──
2026-08-04 12:57:34 | INFO     | TradingBot.StrategyRunner | New entry blocked: Max open positions (3) reached
2026-08-04 12:57:36 | INFO     | TradingBot.StrategyRunner | ── Scan cycle | 12:57:36 | mode=paper ──
2026-08-04 12:57:36 | INFO     | TradingBot.StrategyRunner | New entry blocked: Max open positions (3) reached
2026-08-04 12:57:52 | INFO     | TradingBot.StrategyRunner | ── Scan cycle | 12:57:52 | mode=paper ──
2026-08-04 12:57:52 | INFO     | TradingBot.StrategyRunner | New entry blocked: Max open positions (3) reached
2026-08-04 12:57:53 | INFO     | TradingBot.StrategyRunner | ── Scan cycle | 12:57:53 | mode=paper ──
2026-08-04 12:57:53 | INFO     | TradingBot.StrategyRunner | New entry blocked: Max open positions (3) reached
2026-08-04 12:57:59 | INFO     | TradingBot.StrategyRunner | ── Scan cycle | 12:57:59 | mode=paper ──
2026-08-04 12:57:59 | INFO     | TradingBot.StrategyRunner | New entry blocked: Max open positions (3) reached
2026-08-04 12:58:04 | INFO     | TradingBot.StrategyRunner | ── Scan cycle | 12:58:04 | mode=paper ──
2026-08-04 12:58:04 | INFO     | TradingBot.StrategyRunner | New entry blocked: Max open positions (3) reached
2026-08-04 12:58:06 | INFO     | TradingBot.StrategyRunner | ── Scan cycle | 12:58:06 | mode=paper ──
2026-08-04 12:58:06 | INFO     | TradingBot.StrategyRunner | New entry blocked: Max open positions (3) reached
2026-08-04 12:58:23 | INFO     | TradingBot.StrategyRunner | ── Scan cycle | 12:58:23 | mode=paper ──
2026-08-04 12:58:23 | INFO     | TradingBot.StrategyRunner | New entry blocked: Max open positions (3) reached
2026-08-04 12:58:29 | INFO     | TradingBot.StrategyRunner | ── Scan cycle | 12:58:29 | mode=paper ──
2026-08-04 12:58:29 | INFO     | TradingBot.StrategyRunner | New entry blocked: Max open positions (3) reached
2026-08-04 12:58:34 | INFO     | TradingBot.StrategyRunner | ── Scan cycle | 12:58:34 | mode=paper ──
2026-08-04 12:58:34 | INFO     | TradingBot.StrategyRunner | New entry blocked: Max open positions (3) reached
2026-08-04 12:58:36 | INFO     | TradingBot.StrategyRunner | ── Scan cycle | 12:58:36 | mode=paper ──
2026-08-04 12:58:36 | INFO     | TradingBot.StrategyRunner | New entry blocked: Max open positions (3) reached
2026-08-04 12:58:53 | INFO     | TradingBot.StrategyRunner | ── Scan cycle | 12:58:53 | mode=paper ──
2026-08-04 12:58:53 | INFO     | TradingBot.StrategyRunner | New entry blocked: Max open positions (3) reached
2026-08-04 12:58:59 | INFO     | TradingBot.StrategyRunner | ── Scan cycle | 12:58:59 | mode=paper ──
2026-08-04 12:58:59 | INFO     | TradingBot.StrategyRunner | New entry blocked: Max open positions (3) reached
2026-08-04 12:59:04 | INFO     | TradingBot.StrategyRunner | ── Scan cycle | 12:59:04 | mode=paper ──
2026-08-04 12:59:04 | INFO     | TradingBot.StrategyRunner | New entry blocked: Max open positions (3) reached
2026-08-04 12:59:06 | INFO     | TradingBot.StrategyRunner | ── Scan cycle | 12:59:06 | mode=paper ──
2026-08-04 12:59:06 | INFO     | TradingBot.StrategyRunner | New entry blocked: Max open positions (3) reached
2026-08-04 12:59:23 | INFO     | TradingBot.StrategyRunner | ── Scan cycle | 12:59:23 | mode=paper ──
2026-08-04 12:59:23 | INFO     | TradingBot.StrategyRunner | New entry blocked: Max open positions (3) reached
2026-08-04 12:59:29 | INFO     | TradingBot.StrategyRunner | ── Scan cycle | 12:59:29 | mode=paper ──
2026-08-04 12:59:29 | INFO     | TradingBot.StrategyRunner | New entry blocked: Max open positions (3) reached
2026-08-04 12:59:34 | INFO     | TradingBot.StrategyRunner | ── Scan cycle | 12:59:34 | mode=paper ──
2026-08-04 12:59:34 | INFO     | TradingBot.StrategyRunner | New entry blocked: Max open positions (3) reached
2026-08-04 12:59:36 | INFO     | TradingBot.StrategyRunner | ── Scan cycle | 12:59:36 | mode=paper ──
2026-08-04 12:59:36 | INFO     | TradingBot.StrategyRunner | New entry blocked: Max open positions (3) reached
2026-08-04 12:59:52 | INFO     | TradingBot.StrategyRunner | ── Scan cycle | 12:59:52 | mode=paper ──
2026-08-04 12:59:52 | INFO     | TradingBot.StrategyRunner | New entry blocked: Max open positions (3) reached
2026-08-04 12:59:53 | INFO     | TradingBot.StrategyRunner | ── Scan cycle | 12:59:53 | mode=paper ──
2026-08-04 12:59:53 | INFO     | TradingBot.StrategyRunner | New entry blocked: Max open positions (3) reached
2026-08-04 12:59:59 | INFO     | TradingBot.StrategyRunner | ── Scan cycle | 12:59:59 | mode=paper ──
2026-08-04 12:59:59 | INFO     | TradingBot.StrategyRunner | New entry blocked: Max open positions (3) reached
2026-08-04 13:00:04 | INFO     | TradingBot.StrategyRunner | ── Scan cycle | 13:00:04 | mode=paper ──
2026-08-04 13:00:04 | INFO     | TradingBot.StrategyRunner | New entry blocked: Max open positions (3) reached
2026-08-04 13:00:06 | INFO     | TradingBot.StrategyRunner | ── Scan cycle | 13:00:06 | mode=paper ──
2026-08-04 13:00:06 | INFO     | TradingBot.StrategyRunner | New entry blocked: Max open positions (3) reached
2026-08-04 13:00:23 | INFO     | TradingBot.StrategyRunner | ── Scan cycle | 13:00:23 | mode=paper ──
2026-08-04 13:00:23 | INFO     | TradingBot.StrategyRunner | New entry blocked: Max open positions (3) reached
2026-08-04 13:00:29 | INFO     | TradingBot.StrategyRunner | ── Scan cycle | 13:00:29 | mode=paper ──
2026-08-04 13:00:29 | INFO     | TradingBot.StrategyRunner | New entry blocked: Max open positions (3) reached
2026-08-04 13:00:34 | INFO     | TradingBot.StrategyRunner | ── Scan cycle | 13:00:34 | mode=paper ──
2026-08-04 13:00:34 | INFO     | TradingBot.StrategyRunner | New entry blocked: Max open positions (3) reached
2026-08-04 13:00:36 | INFO     | TradingBot.StrategyRunner | ── Scan cycle | 13:00:36 | mode=paper ──
2026-08-04 13:00:36 | INFO     | TradingBot.StrategyRunner | New entry blocked: Max open positions (3) reached
2026-08-04 13:00:53 | INFO     | TradingBot.StrategyRunner | ── Scan cycle | 13:00:53 | mode=paper ──
2026-08-04 13:00:53 | INFO     | TradingBot.StrategyRunner | New entry blocked: Max open positions (3) reached
2026-08-04 13:00:59 | INFO     | TradingBot.StrategyRunner | ── Scan cycle | 13:00:59 | mode=paper ──
2026-08-04 13:00:59 | INFO     | TradingBot.StrategyRunner | New entry blocked: Max open positions (3) reached
2026-08-04 13:01:04 | INFO     | TradingBot.StrategyRunner | ── Scan cycle | 13:01:04 | mode=paper ──
2026-08-04 13:01:04 | INFO     | TradingBot.StrategyRunner | New entry blocked: Max open positions (3) reached
2026-08-04 13:01:06 | INFO     | TradingBot.StrategyRunner | ── Scan cycle | 13:01:06 | mode=paper ──
2026-08-04 13:01:06 | INFO     | TradingBot.StrategyRunner | New entry blocked: Max open positions (3) reached
2026-08-04 13:01:23 | INFO     | TradingBot.StrategyRunner | ── Scan cycle | 13:01:23 | mode=paper ──
2026-08-04 13:01:23 | INFO     | TradingBot.StrategyRunner | New entry blocked: Max open positions (3) reached
2026-08-04 13:01:29 | INFO     | TradingBot.StrategyRunner | ── Scan cycle | 13:01:29 | mode=paper ──
2026-08-04 13:01:29 | INFO     | TradingBot.StrategyRunner | New entry blocked: Max open positions (3) reached
2026-08-04 13:01:34 | INFO     | TradingBot.StrategyRunner | ── Scan cycle | 13:01:34 | mode=paper ──
2026-08-04 13:01:34 | INFO     | TradingBot.StrategyRunner | New entry blocked: Max open positions (3) reached
2026-08-04 13:01:36 | INFO     | TradingBot.StrategyRunner | ── Scan cycle | 13:01:36 | mode=paper ──
2026-08-04 13:01:36 | INFO     | TradingBot.StrategyRunner | New entry blocked: Max open positions (3) reached
2026-08-04 13:01:53 | INFO     | TradingBot.StrategyRunner | ── Scan cycle | 13:01:53 | mode=paper ──
2026-08-04 13:01:53 | INFO     | TradingBot.StrategyRunner | New entry blocked: Max open positions (3) reached
2026-08-04 13:01:59 | INFO     | TradingBot.StrategyRunner | ── Scan cycle | 13:01:59 | mode=paper ──
2026-08-04 13:01:59 | INFO     | TradingBot.StrategyRunner | New entry blocked: Max open positions (3) reached
2026-08-04 13:02:04 | INFO     | TradingBot.StrategyRunner | ── Scan cycle | 13:02:04 | mode=paper ──
2026-08-04 13:02:04 | INFO     | TradingBot.StrategyRunner | New entry blocked: Max open positions (3) reached
2026-08-04 13:02:06 | INFO     | TradingBot.StrategyRunner | ── Scan cycle | 13:02:06 | mode=paper ──
2026-08-04 13:02:06 | INFO     | TradingBot.StrategyRunner | New entry blocked: Max open positions (3) reached
2026-08-04 13:02:23 | INFO     | TradingBot.StrategyRunner | ── Scan cycle | 13:02:23 | mode=paper ──
2026-08-04 13:02:23 | INFO     | TradingBot.StrategyRunner | New entry blocked: Max open positions (3) reached
2026-08-04 13:02:29 | INFO     | TradingBot.StrategyRunner | ── Scan cycle | 13:02:29 | mode=paper ──
2026-08-04 13:02:29 | INFO     | TradingBot.StrategyRunner | New entry blocked: Max open positions (3) reached
2026-08-04 13:02:34 | INFO     | TradingBot.StrategyRunner | ── Scan cycle | 13:02:34 | mode=paper ──
2026-08-04 13:02:34 | INFO     | TradingBot.StrategyRunner | New entry blocked: Max open positions (3) reached
2026-08-04 13:02:36 | INFO     | TradingBot.StrategyRunner | ── Scan cycle | 13:02:36 | mode=paper ──
2026-08-04 13:02:36 | INFO     | TradingBot.StrategyRunner | New entry blocked: Max open positions (3) reached
2026-08-04 13:02:52 | INFO     | TradingBot.StrategyRunner | ── Scan cycle | 13:02:52 | mode=paper ──
2026-08-04 13:02:52 | INFO     | TradingBot.StrategyRunner | New entry blocked: Max open positions (3) reached
2026-08-04 13:02:53 | INFO     | TradingBot.StrategyRunner | ── Scan cycle | 13:02:53 | mode=paper ──
2026-08-04 13:02:53 | INFO     | TradingBot.StrategyRunner | New entry blocked: Max open positions (3) reached
2026-08-04 13:02:59 | INFO     | TradingBot.StrategyRunner | ── Scan cycle | 13:02:59 | mode=paper ──
2026-08-04 13:02:59 | INFO     | TradingBot.StrategyRunner | New entry blocked: Max open positions (3) reached
2026-08-04 13:03:04 | INFO     | TradingBot.StrategyRunner | ── Scan cycle | 13:03:04 | mode=paper ──
2026-08-04 13:03:04 | INFO     | TradingBot.StrategyRunner | New entry blocked: Max open positions (3) reached
2026-08-04 13:03:06 | INFO     | TradingBot.StrategyRunner | ── Scan cycle | 13:03:06 | mode=paper ──
2026-08-04 13:03:06 | INFO     | TradingBot.StrategyRunner | New entry blocked: Max open positions (3) reached
2026-08-04 13:03:23 | INFO     | TradingBot.StrategyRunner | ── Scan cycle | 13:03:23 | mode=paper ──
2026-08-04 13:03:23 | INFO     | TradingBot.StrategyRunner | New entry blocked: Max open positions (3) reached
2026-08-04 13:03:29 | INFO     | TradingBot.StrategyRunner | ── Scan cycle | 13:03:29 | mode=paper ──
2026-08-04 13:03:29 | INFO     | TradingBot.StrategyRunner | New entry blocked: Max open positions (3) reached
2026-08-04 13:03:34 | INFO     | TradingBot.StrategyRunner | ── Scan cycle | 13:03:34 | mode=paper ──
2026-08-04 13:03:34 | INFO     | TradingBot.StrategyRunner | New entry blocked: Max open positions (3) reached
2026-08-04 13:03:36 | INFO     | TradingBot.StrategyRunner | ── Scan cycle | 13:03:36 | mode=paper ──
2026-08-04 13:03:36 | INFO     | TradingBot.StrategyRunner | New entry blocked: Max open positions (3) reached
2026-08-04 13:03:53 | INFO     | TradingBot.StrategyRunner | ── Scan cycle | 13:03:53 | mode=paper ──
2026-08-04 13:03:53 | INFO     | TradingBot.StrategyRunner | New entry blocked: Max open positions (3) reached
2026-08-04 13:03:59 | INFO     | TradingBot.StrategyRunner | ── Scan cycle | 13:03:59 | mode=paper ──
2026-08-04 13:03:59 | INFO     | TradingBot.StrategyRunner | New entry blocked: Max open positions (3) reached
2026-08-04 13:04:04 | INFO     | TradingBot.StrategyRunner | ── Scan cycle | 13:04:04 | mode=paper ──
2026-08-04 13:04:04 | INFO     | TradingBot.StrategyRunner | New entry blocked: Max open positions (3) reached
2026-08-04 13:04:06 | INFO     | TradingBot.StrategyRunner | ── Scan cycle | 13:04:06 | mode=paper ──
2026-08-04 13:04:06 | INFO     | TradingBot.StrategyRunner | New entry blocked: Max open positions (3) reached
2026-08-04 13:04:23 | INFO     | TradingBot.StrategyRunner | ── Scan cycle | 13:04:23 | mode=paper ──
2026-08-04 13:04:23 | INFO     | TradingBot.StrategyRunner | New entry blocked: Max open positions (3) reached
2026-08-04 13:04:29 | INFO     | TradingBot.StrategyRunner | ── Scan cycle | 13:04:29 | mode=paper ──
2026-08-04 13:04:29 | INFO     | TradingBot.StrategyRunner | New entry blocked: Max open positions (3) reached
2026-08-04 13:04:34 | INFO     | TradingBot.StrategyRunner | ── Scan cycle | 13:04:34 | mode=paper ──
2026-08-04 13:04:34 | INFO     | TradingBot.StrategyRunner | New entry blocked: Max open positions (3) reached
2026-08-04 13:04:36 | INFO     | TradingBot.StrategyRunner | ── Scan cycle | 13:04:36 | mode=paper ──
2026-08-04 13:04:36 | INFO     | TradingBot.StrategyRunner | New entry blocked: Max open positions (3) reached
2026-08-04 13:04:52 | INFO     | TradingBot.StrategyRunner | ── Scan cycle | 13:04:52 | mode=paper ──
2026-08-04 13:04:52 | INFO     | TradingBot.StrategyRunner | New entry blocked: Max open positions (3) reached
2026-08-04 13:04:53 | INFO     | TradingBot.StrategyRunner | ── Scan cycle | 13:04:53 | mode=paper ──
2026-08-04 13:04:53 | INFO     | TradingBot.StrategyRunner | New entry blocked: Max open positions (3) reached
2026-08-04 13:04:59 | INFO     | TradingBot.StrategyRunner | ── Scan cycle | 13:04:59 | mode=paper ──
2026-08-04 13:04:59 | INFO     | TradingBot.StrategyRunner | New entry blocked: Max open positions (3) reached
2026-08-04 13:05:04 | INFO     | TradingBot.StrategyRunner | ── Scan cycle | 13:05:04 | mode=paper ──
2026-08-04 13:05:04 | INFO     | TradingBot.StrategyRunner | New entry blocked: Max open positions (3) reached
2026-08-04 13:05:06 | INFO     | TradingBot.StrategyRunner | ── Scan cycle | 13:05:06 | mode=paper ──
2026-08-04 13:05:06 | INFO     | TradingBot.StrategyRunner | New entry blocked: Max open positions (3) reached
2026-08-04 13:05:23 | INFO     | TradingBot.StrategyRunner | ── Scan cycle | 13:05:23 | mode=paper ──
2026-08-04 13:05:23 | INFO     | TradingBot.StrategyRunner | New entry blocked: Max open positions (3) reached
2026-08-04 13:05:29 | INFO     | TradingBot.StrategyRunner | ── Scan cycle | 13:05:29 | mode=paper ──
2026-08-04 13:05:29 | INFO     | TradingBot.StrategyRunner | New entry blocked: Max open positions (3) reached
2026-08-04 13:05:34 | INFO     | TradingBot.StrategyRunner | ── Scan cycle | 13:05:34 | mode=paper ──
2026-08-04 13:05:34 | INFO     | TradingBot.StrategyRunner | New entry blocked: Max open positions (3) reached
2026-08-04 13:05:36 | INFO     | TradingBot.StrategyRunner | ── Scan cycle | 13:05:36 | mode=paper ──
2026-08-04 13:05:36 | INFO     | TradingBot.StrategyRunner | New entry blocked: Max open positions (3) reached
2026-08-04 13:05:53 | INFO     | TradingBot.StrategyRunner | ── Scan cycle | 13:05:53 | mode=paper ──
2026-08-04 13:05:53 | INFO     | TradingBot.StrategyRunner | New entry blocked: Max open positions (3) reached
2026-08-04 13:38:14 | INFO     | TradingBot.StrategyRunner | ── Scan cycle | 13:38:14 | mode=paper ──
2026-08-04 13:38:14 | INFO     | TradingBot.StrategyRunner | New entry blocked: Max open positions (3) reached
2026-08-04 13:38:19 | INFO     | TradingBot.StrategyRunner | ── Scan cycle | 13:38:19 | mode=paper ──
2026-08-04 13:38:19 | INFO     | TradingBot.StrategyRunner | New entry blocked: Max open positions (3) reached
2026-08-04 13:38:21 | INFO     | TradingBot.StrategyRunner | ── Scan cycle | 13:38:21 | mode=paper ──
2026-08-04 13:38:21 | INFO     | TradingBot.StrategyRunner | New entry blocked: Max open positions (3) reached
2026-08-04 13:38:38 | INFO     | TradingBot.StrategyRunner | ── Scan cycle | 13:38:38 | mode=paper ──
2026-08-04 13:38:38 | INFO     | TradingBot.StrategyRunner | New entry blocked: Max open positions (3) reached
2026-08-04 13:38:44 | INFO     | TradingBot.StrategyRunner | ── Scan cycle | 13:38:44 | mode=paper ──
2026-08-04 13:38:44 | INFO     | TradingBot.StrategyRunner | New entry blocked: Max open positions (3) reached
2026-08-04 13:38:49 | INFO     | TradingBot.StrategyRunner | ── Scan cycle | 13:38:49 | mode=paper ──
2026-08-04 13:38:49 | INFO     | TradingBot.StrategyRunner | New entry blocked: Max open positions (3) reached
2026-08-04 13:38:51 | INFO     | TradingBot.StrategyRunner | ── Scan cycle | 13:38:51 | mode=paper ──
2026-08-04 13:38:51 | INFO     | TradingBot.StrategyRunner | New entry blocked: Max open positions (3) reached
2026-08-04 13:39:08 | INFO     | TradingBot.StrategyRunner | ── Scan cycle | 13:39:08 | mode=paper ──
2026-08-04 13:39:08 | INFO     | TradingBot.StrategyRunner | New entry blocked: Max open positions (3) reached
2026-08-04 13:39:14 | INFO     | TradingBot.StrategyRunner | ── Scan cycle | 13:39:14 | mode=paper ──
2026-08-04 13:39:14 | INFO     | TradingBot.StrategyRunner | New entry blocked: Max open positions (3) reached
2026-08-04 13:39:19 | INFO     | TradingBot.StrategyRunner | ── Scan cycle | 13:39:19 | mode=paper ──
2026-08-04 13:39:19 | INFO     | TradingBot.StrategyRunner | New entry blocked: Max open positions (3) reached
2026-08-04 13:39:21 | INFO     | TradingBot.StrategyRunner | ── Scan cycle | 13:39:21 | mode=paper ──
2026-08-04 13:39:21 | INFO     | TradingBot.StrategyRunner | New entry blocked: Max open positions (3) reached
2026-08-04 13:39:38 | INFO     | TradingBot.StrategyRunner | ── Scan cycle | 13:39:38 | mode=paper ──
2026-08-04 13:39:38 | INFO     | TradingBot.StrategyRunner | New entry blocked: Max open positions (3) reached
2026-08-04 13:39:44 | INFO     | TradingBot.StrategyRunner | ── Scan cycle | 13:39:44 | mode=paper ──
2026-08-04 13:39:44 | INFO     | TradingBot.StrategyRunner | New entry blocked: Max open positions (3) reached
2026-08-04 13:39:49 | INFO     | TradingBot.StrategyRunner | ── Scan cycle | 13:39:49 | mode=paper ──
2026-08-04 13:39:49 | INFO     | TradingBot.StrategyRunner | New entry blocked: Max open positions (3) reached
2026-08-04 13:39:51 | INFO     | TradingBot.StrategyRunner | ── Scan cycle | 13:39:51 | mode=paper ──
2026-08-04 13:39:51 | INFO     | TradingBot.StrategyRunner | New entry blocked: Max open positions (3) reached
2026-08-04 13:40:07 | INFO     | TradingBot.StrategyRunner | ── Scan cycle | 13:40:07 | mode=paper ──
2026-08-04 13:40:07 | INFO     | TradingBot.StrategyRunner | New entry blocked: Max open positions (3) reached
2026-08-04 13:40:08 | INFO     | TradingBot.StrategyRunner | ── Scan cycle | 13:40:08 | mode=paper ──
2026-08-04 13:40:08 | INFO     | TradingBot.StrategyRunner | New entry blocked: Max open positions (3) reached
2026-08-04 13:40:14 | INFO     | TradingBot.StrategyRunner | ── Scan cycle | 13:40:14 | mode=paper ──
2026-08-04 13:40:14 | INFO     | TradingBot.StrategyRunner | New entry blocked: Max open positions (3) reached
2026-08-04 13:40:19 | INFO     | TradingBot.StrategyRunner | ── Scan cycle | 13:40:19 | mode=paper ──
2026-08-04 13:40:19 | INFO     | TradingBot.StrategyRunner | New entry blocked: Max open positions (3) reached
2026-08-04 13:40:21 | INFO     | TradingBot.StrategyRunner | ── Scan cycle | 13:40:21 | mode=paper ──
2026-08-04 13:40:21 | INFO     | TradingBot.StrategyRunner | New entry blocked: Max open positions (3) reached
2026-08-04 13:40:38 | INFO     | TradingBot.StrategyRunner | ── Scan cycle | 13:40:38 | mode=paper ──
2026-08-04 13:40:38 | INFO     | TradingBot.StrategyRunner | New entry blocked: Max open positions (3) reached
2026-08-04 13:40:44 | INFO     | TradingBot.StrategyRunner | ── Scan cycle | 13:40:44 | mode=paper ──
2026-08-04 13:40:44 | INFO     | TradingBot.StrategyRunner | New entry blocked: Max open positions (3) reached
2026-08-04 13:40:49 | INFO     | TradingBot.StrategyRunner | ── Scan cycle | 13:40:49 | mode=paper ──
2026-08-04 13:40:49 | INFO     | TradingBot.StrategyRunner | New entry blocked: Max open positions (3) reached
2026-08-04 13:40:51 | INFO     | TradingBot.StrategyRunner | ── Scan cycle | 13:40:51 | mode=paper ──
2026-08-04 13:40:51 | INFO     | TradingBot.StrategyRunner | New entry blocked: Max open positions (3) reached
2026-08-04 13:41:08 | INFO     | TradingBot.StrategyRunner | ── Scan cycle | 13:41:08 | mode=paper ──
2026-08-04 13:41:08 | INFO     | TradingBot.StrategyRunner | New entry blocked: Max open positions (3) reached
2026-08-04 13:41:14 | INFO     | TradingBot.StrategyRunner | ── Scan cycle | 13:41:14 | mode=paper ──
2026-08-04 13:41:14 | INFO     | TradingBot.StrategyRunner | New entry blocked: Max open positions (3) reached
2026-08-04 13:41:19 | INFO     | TradingBot.StrategyRunner | ── Scan cycle | 13:41:19 | mode=paper ──
2026-08-04 13:41:19 | INFO     | TradingBot.StrategyRunner | New entry blocked: Max open positions (3) reached
2026-08-04 13:41:21 | INFO     | TradingBot.StrategyRunner | ── Scan cycle | 13:41:21 | mode=paper ──
2026-08-04 13:41:21 | INFO     | TradingBot.StrategyRunner | New entry blocked: Max open positions (3) reached
2026-08-04 13:41:38 | INFO     | TradingBot.StrategyRunner | ── Scan cycle | 13:41:38 | mode=paper ──
2026-08-04 13:41:38 | INFO     | TradingBot.StrategyRunner | New entry blocked: Max open positions (3) reached
2026-08-04 13:41:44 | INFO     | TradingBot.StrategyRunner | ── Scan cycle | 13:41:44 | mode=paper ──
2026-08-04 13:41:44 | INFO     | TradingBot.StrategyRunner | New entry blocked: Max open positions (3) reached
2026-08-04 13:41:49 | INFO     | TradingBot.StrategyRunner | ── Scan cycle | 13:41:49 | mode=paper ──
2026-08-04 13:41:49 | INFO     | TradingBot.StrategyRunner | New entry blocked: Max open positions (3) reached
2026-08-04 13:41:51 | INFO     | TradingBot.StrategyRunner | ── Scan cycle | 13:41:51 | mode=paper ──
2026-08-04 13:41:51 | INFO     | TradingBot.StrategyRunner | New entry blocked: Max open positions (3) reached
2026-08-04 13:42:07 | INFO     | TradingBot.StrategyRunner | ── Scan cycle | 13:42:07 | mode=paper ──
2026-08-04 13:42:07 | INFO     | TradingBot.StrategyRunner | New entry blocked: Max open positions (3) reached
2026-08-04 13:42:08 | INFO     | TradingBot.StrategyRunner | ── Scan cycle | 13:42:08 | mode=paper ──
2026-08-04 13:42:08 | INFO     | TradingBot.StrategyRunner | New entry blocked: Max open positions (3) reached
2026-08-04 13:42:14 | INFO     | TradingBot.StrategyRunner | ── Scan cycle | 13:42:14 | mode=paper ──
2026-08-04 13:42:14 | INFO     | TradingBot.StrategyRunner | New entry blocked: Max open positions (3) reached
2026-08-04 13:42:19 | INFO     | TradingBot.StrategyRunner | ── Scan cycle | 13:42:19 | mode=paper ──
2026-08-04 13:42:19 | INFO     | TradingBot.StrategyRunner | New entry blocked: Max open positions (3) reached
2026-08-04 13:42:21 | INFO     | TradingBot.StrategyRunner | ── Scan cycle | 13:42:21 | mode=paper ──
2026-08-04 13:42:21 | INFO     | TradingBot.StrategyRunner | New entry blocked: Max open positions (3) reached
2026-08-04 13:42:38 | INFO     | TradingBot.StrategyRunner | ── Scan cycle | 13:42:38 | mode=paper ──
2026-08-04 13:42:38 | INFO     | TradingBot.StrategyRunner | New entry blocked: Max open positions (3) reached
2026-08-04 13:42:44 | INFO     | TradingBot.StrategyRunner | ── Scan cycle | 13:42:44 | mode=paper ──
2026-08-04 13:42:44 | INFO     | TradingBot.StrategyRunner | New entry blocked: Max open positions (3) reached
2026-08-04 13:42:49 | INFO     | TradingBot.StrategyRunner | ── Scan cycle | 13:42:49 | mode=paper ──
2026-08-04 13:42:49 | INFO     | TradingBot.StrategyRunner | New entry blocked: Max open positions (3) reached
2026-08-04 13:42:51 | INFO     | TradingBot.StrategyRunner | ── Scan cycle | 13:42:51 | mode=paper ──
2026-08-04 13:42:51 | INFO     | TradingBot.StrategyRunner | New entry blocked: Max open positions (3) reached
2026-08-04 13:43:08 | INFO     | TradingBot.StrategyRunner | ── Scan cycle | 13:43:08 | mode=paper ──
2026-08-04 13:43:08 | INFO     | TradingBot.StrategyRunner | New entry blocked: Max open positions (3) reached
2026-08-04 13:43:14 | INFO     | TradingBot.StrategyRunner | ── Scan cycle | 13:43:14 | mode=paper ──
2026-08-04 13:43:14 | INFO     | TradingBot.StrategyRunner | New entry blocked: Max open positions (3) reached
2026-08-04 13:43:19 | INFO     | TradingBot.StrategyRunner | ── Scan cycle | 13:43:19 | mode=paper ──
2026-08-04 13:43:19 | INFO     | TradingBot.StrategyRunner | New entry blocked: Max open positions (3) reached
2026-08-04 13:43:21 | INFO     | TradingBot.StrategyRunner | ── Scan cycle | 13:43:21 | mode=paper ──
2026-08-04 13:43:21 | INFO     | TradingBot.StrategyRunner | New entry blocked: Max open positions (3) reached
2026-08-04 13:43:38 | INFO     | TradingBot.StrategyRunner | ── Scan cycle | 13:43:38 | mode=paper ──
2026-08-04 13:43:38 | INFO     | TradingBot.StrategyRunner | New entry blocked: Max open positions (3) reached
2026-08-04 13:43:44 | INFO     | TradingBot.StrategyRunner | ── Scan cycle | 13:43:44 | mode=paper ──
2026-08-04 13:43:44 | INFO     | TradingBot.StrategyRunner | New entry blocked: Max open positions (3) reached
2026-08-04 13:43:49 | INFO     | TradingBot.StrategyRunner | ── Scan cycle | 13:43:49 | mode=paper ──
2026-08-04 13:43:49 | INFO     | TradingBot.StrategyRunner | New entry blocked: Max open positions (3) reached
2026-08-04 13:43:51 | INFO     | TradingBot.StrategyRunner | ── Scan cycle | 13:43:51 | mode=paper ──
2026-08-04 13:43:51 | INFO     | TradingBot.StrategyRunner | New entry blocked: Max open positions (3) reached
2026-08-04 13:44:08 | INFO     | TradingBot.StrategyRunner | ── Scan cycle | 13:44:08 | mode=paper ──
2026-08-04 13:44:08 | INFO     | TradingBot.StrategyRunner | New entry blocked: Max open positions (3) reached
2026-08-04 13:44:14 | INFO     | TradingBot.StrategyRunner | ── Scan cycle | 13:44:14 | mode=paper ──
2026-08-04 13:44:14 | INFO     | TradingBot.StrategyRunner | New entry blocked: Max open positions (3) reached
2026-08-04 13:44:19 | INFO     | TradingBot.StrategyRunner | ── Scan cycle | 13:44:19 | mode=paper ──
2026-08-04 13:44:19 | INFO     | TradingBot.StrategyRunner | New entry blocked: Max open positions (3) reached
2026-08-04 13:44:21 | INFO     | TradingBot.StrategyRunner | ── Scan cycle | 13:44:21 | mode=paper ──
2026-08-04 13:44:21 | INFO     | TradingBot.StrategyRunner | New entry blocked: Max open positions (3) reached
2026-08-04 13:44:38 | INFO     | TradingBot.StrategyRunner | ── Scan cycle | 13:44:38 | mode=paper ──
2026-08-04 13:44:38 | INFO     | TradingBot.StrategyRunner | New entry blocked: Max open positions (3) reached
2026-08-04 13:44:44 | INFO     | TradingBot.StrategyRunner | ── Scan cycle | 13:44:44 | mode=paper ──
2026-08-04 13:44:44 | INFO     | TradingBot.StrategyRunner | New entry blocked: Max open positions (3) reached
2026-08-04 13:44:49 | INFO     | TradingBot.StrategyRunner | ── Scan cycle | 13:44:49 | mode=paper ──
2026-08-04 13:44:49 | INFO     | TradingBot.StrategyRunner | New entry blocked: Max open positions (3) reached
2026-08-04 13:44:51 | INFO     | TradingBot.StrategyRunner | ── Scan cycle | 13:44:51 | mode=paper ──
2026-08-04 13:44:51 | INFO     | TradingBot.StrategyRunner | New entry blocked: Max open positions (3) reached
2026-08-04 13:45:07 | INFO     | TradingBot.StrategyRunner | ── Scan cycle | 13:45:07 | mode=paper ──
2026-08-04 13:45:07 | INFO     | TradingBot.StrategyRunner | New entry blocked: Max open positions (3) reached
2026-08-04 13:45:08 | INFO     | TradingBot.StrategyRunner | ── Scan cycle | 13:45:08 | mode=paper ──
2026-08-04 13:45:08 | INFO     | TradingBot.StrategyRunner | New entry blocked: Max open positions (3) reached
2026-08-04 13:45:14 | INFO     | TradingBot.StrategyRunner | ── Scan cycle | 13:45:14 | mode=paper ──
2026-08-04 13:45:14 | INFO     | TradingBot.StrategyRunner | New entry blocked: Max open positions (3) reached
2026-08-04 13:45:20 | INFO     | TradingBot.StrategyRunner | ── Scan cycle | 13:45:20 | mode=paper ──
2026-08-04 13:45:20 | INFO     | TradingBot.StrategyRunner | New entry blocked: Max open positions (3) reached
2026-08-04 13:45:21 | INFO     | TradingBot.StrategyRunner | ── Scan cycle | 13:45:21 | mode=paper ──
2026-08-04 13:45:21 | INFO     | TradingBot.StrategyRunner | New entry blocked: Max open positions (3) reached
2026-08-04 13:45:38 | INFO     | TradingBot.StrategyRunner | ── Scan cycle | 13:45:38 | mode=paper ──
2026-08-04 13:45:38 | INFO     | TradingBot.StrategyRunner | New entry blocked: Max open positions (3) reached
2026-08-04 13:45:44 | INFO     | TradingBot.StrategyRunner | ── Scan cycle | 13:45:44 | mode=paper ──
2026-08-04 13:45:44 | INFO     | TradingBot.StrategyRunner | New entry blocked: Max open positions (3) reached
2026-08-04 13:45:50 | INFO     | TradingBot.StrategyRunner | ── Scan cycle | 13:45:50 | mode=paper ──
2026-08-04 13:45:50 | INFO     | TradingBot.StrategyRunner | New entry blocked: Max open positions (3) reached
2026-08-04 13:45:51 | INFO     | TradingBot.StrategyRunner | ── Scan cycle | 13:45:51 | mode=paper ──
2026-08-04 13:45:51 | INFO     | TradingBot.StrategyRunner | New entry blocked: Max open positions (3) reached
2026-08-04 13:46:08 | INFO     | TradingBot.StrategyRunner | ── Scan cycle | 13:46:08 | mode=paper ──
2026-08-04 13:46:08 | INFO     | TradingBot.StrategyRunner | New entry blocked: Max open positions (3) reached
2026-08-04 13:46:14 | INFO     | TradingBot.StrategyRunner | ── Scan cycle | 13:46:14 | mode=paper ──
2026-08-04 13:46:14 | INFO     | TradingBot.StrategyRunner | New entry blocked: Max open positions (3) reached
2026-08-04 13:46:20 | INFO     | TradingBot.StrategyRunner | ── Scan cycle | 13:46:20 | mode=paper ──
2026-08-04 13:46:20 | INFO     | TradingBot.StrategyRunner | New entry blocked: Max open positions (3) reached
2026-08-04 13:46:21 | INFO     | TradingBot.StrategyRunner | ── Scan cycle | 13:46:21 | mode=paper ──
2026-08-04 13:46:21 | INFO     | TradingBot.StrategyRunner | New entry blocked: Max open positions (3) reached
2026-08-04 13:46:38 | INFO     | TradingBot.StrategyRunner | ── Scan cycle | 13:46:38 | mode=paper ──
2026-08-04 13:46:38 | INFO     | TradingBot.StrategyRunner | New entry blocked: Max open positions (3) reached
2026-08-04 13:46:44 | INFO     | TradingBot.StrategyRunner | ── Scan cycle | 13:46:44 | mode=paper ──
2026-08-04 13:46:44 | INFO     | TradingBot.StrategyRunner | New entry blocked: Max open positions (3) reached
2026-08-04 13:46:50 | INFO     | TradingBot.StrategyRunner | ── Scan cycle | 13:46:50 | mode=paper ──
2026-08-04 13:46:50 | INFO     | TradingBot.StrategyRunner | New entry blocked: Max open positions (3) reached
2026-08-04 13:46:51 | INFO     | TradingBot.StrategyRunner | ── Scan cycle | 13:46:51 | mode=paper ──
2026-08-04 13:46:51 | INFO     | TradingBot.StrategyRunner | New entry blocked: Max open positions (3) reached
2026-08-04 13:47:07 | INFO     | TradingBot.StrategyRunner | ── Scan cycle | 13:47:07 | mode=paper ──
2026-08-04 13:47:07 | INFO     | TradingBot.StrategyRunner | New entry blocked: Max open positions (3) reached
2026-08-04 13:47:08 | INFO     | TradingBot.StrategyRunner | ── Scan cycle | 13:47:08 | mode=paper ──
2026-08-04 13:47:08 | INFO     | TradingBot.StrategyRunner | New entry blocked: Max open positions (3) reached
2026-08-04 13:47:14 | INFO     | TradingBot.StrategyRunner | ── Scan cycle | 13:47:14 | mode=paper ──
2026-08-04 13:47:14 | INFO     | TradingBot.StrategyRunner | New entry blocked: Max open positions (3) reached
2026-08-04 13:47:20 | INFO     | TradingBot.StrategyRunner | ── Scan cycle | 13:47:20 | mode=paper ──
2026-08-04 13:47:20 | INFO     | TradingBot.StrategyRunner | New entry blocked: Max open positions (3) reached
2026-08-04 13:47:21 | INFO     | TradingBot.StrategyRunner | ── Scan cycle | 13:47:21 | mode=paper ──
2026-08-04 13:47:21 | INFO     | TradingBot.StrategyRunner | New entry blocked: Max open positions (3) reached
2026-08-04 13:47:38 | INFO     | TradingBot.StrategyRunner | ── Scan cycle | 13:47:38 | mode=paper ──
2026-08-04 13:47:38 | INFO     | TradingBot.StrategyRunner | New entry blocked: Max open positions (3) reached
2026-08-04 13:47:44 | INFO     | TradingBot.StrategyRunner | ── Scan cycle | 13:47:44 | mode=paper ──
2026-08-04 13:47:44 | INFO     | TradingBot.StrategyRunner | New entry blocked: Max open positions (3) reached
2026-08-04 13:47:50 | INFO     | TradingBot.StrategyRunner | ── Scan cycle | 13:47:50 | mode=paper ──
2026-08-04 13:47:50 | INFO     | TradingBot.StrategyRunner | New entry blocked: Max open positions (3) reached
2026-08-04 13:47:51 | INFO     | TradingBot.StrategyRunner | ── Scan cycle | 13:47:51 | mode=paper ──
2026-08-04 13:47:51 | INFO     | TradingBot.StrategyRunner | New entry blocked: Max open positions (3) reached
2026-08-04 13:48:08 | INFO     | TradingBot.StrategyRunner | ── Scan cycle | 13:48:08 | mode=paper ──
2026-08-04 13:48:08 | INFO     | TradingBot.StrategyRunner | New entry blocked: Max open positions (3) reached
2026-08-04 13:48:14 | INFO     | TradingBot.StrategyRunner | ── Scan cycle | 13:48:14 | mode=paper ──
2026-08-04 13:48:14 | INFO     | TradingBot.StrategyRunner | New entry blocked: Max open positions (3) reached
2026-08-04 13:48:20 | INFO     | TradingBot.StrategyRunner | ── Scan cycle | 13:48:20 | mode=paper ──
2026-08-04 13:48:20 | INFO     | TradingBot.StrategyRunner | New entry blocked: Max open positions (3) reached
2026-08-04 13:48:21 | INFO     | TradingBot.StrategyRunner | ── Scan cycle | 13:48:21 | mode=paper ──
2026-08-04 13:48:21 | INFO     | TradingBot.StrategyRunner | New entry blocked: Max open positions (3) reached
2026-08-04 13:48:38 | INFO     | TradingBot.StrategyRunner | ── Scan cycle | 13:48:38 | mode=paper ──
2026-08-04 13:48:38 | INFO     | TradingBot.StrategyRunner | New entry blocked: Max open positions (3) reached
2026-08-04 13:48:44 | INFO     | TradingBot.StrategyRunner | ── Scan cycle | 13:48:44 | mode=paper ──
2026-08-04 13:48:44 | INFO     | TradingBot.StrategyRunner | New entry blocked: Max open positions (3) reached
2026-08-04 13:48:50 | INFO     | TradingBot.StrategyRunner | ── Scan cycle | 13:48:50 | mode=paper ──
2026-08-04 13:48:50 | INFO     | TradingBot.StrategyRunner | New entry blocked: Max open positions (3) reached
2026-08-04 13:48:51 | INFO     | TradingBot.StrategyRunner | ── Scan cycle | 13:48:51 | mode=paper ──
2026-08-04 13:48:51 | INFO     | TradingBot.StrategyRunner | New entry blocked: Max open positions (3) reached
2026-08-04 13:49:08 | INFO     | TradingBot.StrategyRunner | ── Scan cycle | 13:49:08 | mode=paper ──
2026-08-04 13:49:08 | INFO     | TradingBot.StrategyRunner | New entry blocked: Max open positions (3) reached
2026-08-04 13:49:14 | INFO     | TradingBot.StrategyRunner | ── Scan cycle | 13:49:14 | mode=paper ──
2026-08-04 13:49:14 | INFO     | TradingBot.StrategyRunner | New entry blocked: Max open positions (3) reached
2026-08-04 13:49:20 | INFO     | TradingBot.StrategyRunner | ── Scan cycle | 13:49:20 | mode=paper ──
2026-08-04 13:49:20 | INFO     | TradingBot.StrategyRunner | New entry blocked: Max open positions (3) reached
2026-08-04 13:49:21 | INFO     | TradingBot.StrategyRunner | ── Scan cycle | 13:49:21 | mode=paper ──
2026-08-04 13:49:21 | INFO     | TradingBot.StrategyRunner | New entry blocked: Max open positions (3) reached
2026-08-04 13:49:38 | INFO     | TradingBot.StrategyRunner | ── Scan cycle | 13:49:38 | mode=paper ──
2026-08-04 13:49:38 | INFO     | TradingBot.StrategyRunner | New entry blocked: Max open positions (3) reached
2026-08-04 13:49:44 | INFO     | TradingBot.StrategyRunner | ── Scan cycle | 13:49:44 | mode=paper ──
2026-08-04 13:49:44 | INFO     | TradingBot.StrategyRunner | New entry blocked: Max open positions (3) reached
2026-08-04 13:49:50 | INFO     | TradingBot.StrategyRunner | ── Scan cycle | 13:49:50 | mode=paper ──
2026-08-04 13:49:50 | INFO     | TradingBot.StrategyRunner | New entry blocked: Max open positions (3) reached
2026-08-04 13:49:51 | INFO     | TradingBot.StrategyRunner | ── Scan cycle | 13:49:51 | mode=paper ──
2026-08-04 13:49:51 | INFO     | TradingBot.StrategyRunner | New entry blocked: Max open positions (3) reached
2026-08-04 13:50:07 | INFO     | TradingBot.StrategyRunner | ── Scan cycle | 13:50:07 | mode=paper ──
2026-08-04 13:50:07 | INFO     | TradingBot.StrategyRunner | New entry blocked: Max open positions (3) reached
2026-08-04 13:50:08 | INFO     | TradingBot.StrategyRunner | ── Scan cycle | 13:50:08 | mode=paper ──
2026-08-04 13:50:08 | INFO     | TradingBot.StrategyRunner | New entry blocked: Max open positions (3) reached
2026-08-04 13:50:14 | INFO     | TradingBot.StrategyRunner | ── Scan cycle | 13:50:14 | mode=paper ──
2026-08-04 13:50:14 | INFO     | TradingBot.StrategyRunner | New entry blocked: Max open positions (3) reached
2026-08-04 13:50:20 | INFO     | TradingBot.StrategyRunner | ── Scan cycle | 13:50:20 | mode=paper ──
2026-08-04 13:50:20 | INFO     | TradingBot.StrategyRunner | New entry blocked: Max open positions (3) reached
2026-08-04 13:50:21 | INFO     | TradingBot.StrategyRunner | ── Scan cycle | 13:50:21 | mode=paper ──
2026-08-04 13:50:21 | INFO     | TradingBot.StrategyRunner | New entry blocked: Max open positions (3) reached
2026-08-04 13:50:38 | INFO     | TradingBot.StrategyRunner | ── Scan cycle | 13:50:38 | mode=paper ──
2026-08-04 13:50:38 | INFO     | TradingBot.StrategyRunner | New entry blocked: Max open positions (3) reached
2026-08-04 13:50:44 | INFO     | TradingBot.StrategyRunner | ── Scan cycle | 13:50:44 | mode=paper ──
2026-08-04 13:50:44 | INFO     | TradingBot.StrategyRunner | New entry blocked: Max open positions (3) reached
2026-08-04 13:50:50 | INFO     | TradingBot.StrategyRunner | ── Scan cycle | 13:50:50 | mode=paper ──
2026-08-04 13:50:50 | INFO     | TradingBot.StrategyRunner | New entry blocked: Max open positions (3) reached
2026-08-04 13:50:51 | INFO     | TradingBot.StrategyRunner | ── Scan cycle | 13:50:51 | mode=paper ──
2026-08-04 13:50:51 | INFO     | TradingBot.StrategyRunner | New entry blocked: Max open positions (3) reached
2026-08-04 13:51:08 | INFO     | TradingBot.StrategyRunner | ── Scan cycle | 13:51:08 | mode=paper ──
2026-08-04 13:51:08 | INFO     | TradingBot.StrategyRunner | New entry blocked: Max open positions (3) reached
2026-08-04 13:51:14 | INFO     | TradingBot.StrategyRunner | ── Scan cycle | 13:51:14 | mode=paper ──
2026-08-04 13:51:14 | INFO     | TradingBot.StrategyRunner | New entry blocked: Max open positions (3) reached
2026-08-04 13:51:20 | INFO     | TradingBot.StrategyRunner | ── Scan cycle | 13:51:20 | mode=paper ──
2026-08-04 13:51:20 | INFO     | TradingBot.StrategyRunner | New entry blocked: Max open positions (3) reached
2026-08-04 13:51:21 | INFO     | TradingBot.StrategyRunner | ── Scan cycle | 13:51:21 | mode=paper ──
2026-08-04 13:51:21 | INFO     | TradingBot.StrategyRunner | New entry blocked: Max open positions (3) reached
2026-08-04 13:51:38 | INFO     | TradingBot.StrategyRunner | ── Scan cycle | 13:51:38 | mode=paper ──
2026-08-04 13:51:38 | INFO     | TradingBot.StrategyRunner | New entry blocked: Max open positions (3) reached
2026-08-04 13:51:44 | INFO     | TradingBot.StrategyRunner | ── Scan cycle | 13:51:44 | mode=paper ──
2026-08-04 13:51:44 | INFO     | TradingBot.StrategyRunner | New entry blocked: Max open positions (3) reached
2026-08-04 13:51:50 | INFO     | TradingBot.StrategyRunner | ── Scan cycle | 13:51:50 | mode=paper ──
2026-08-04 13:51:50 | INFO     | TradingBot.StrategyRunner | New entry blocked: Max open positions (3) reached
2026-08-04 13:51:51 | INFO     | TradingBot.StrategyRunner | ── Scan cycle | 13:51:51 | mode=paper ──
2026-08-04 13:51:51 | INFO     | TradingBot.StrategyRunner | New entry blocked: Max open positions (3) reached
2026-08-04 13:52:07 | INFO     | TradingBot.StrategyRunner | ── Scan cycle | 13:52:07 | mode=paper ──
2026-08-04 13:52:07 | INFO     | TradingBot.StrategyRunner | New entry blocked: Max open positions (3) reached
2026-08-04 13:52:08 | INFO     | TradingBot.StrategyRunner | ── Scan cycle | 13:52:08 | mode=paper ──
2026-08-04 13:52:08 | INFO     | TradingBot.StrategyRunner | New entry blocked: Max open positions (3) reached
2026-08-04 13:52:14 | INFO     | TradingBot.StrategyRunner | ── Scan cycle | 13:52:14 | mode=paper ──
2026-08-04 13:52:14 | INFO     | TradingBot.StrategyRunner | New entry blocked: Max open positions (3) reached
2026-08-04 13:52:20 | INFO     | TradingBot.StrategyRunner | ── Scan cycle | 13:52:20 | mode=paper ──
2026-08-04 13:52:20 | INFO     | TradingBot.StrategyRunner | New entry blocked: Max open positions (3) reached
2026-08-04 13:52:21 | INFO     | TradingBot.StrategyRunner | ── Scan cycle | 13:52:21 | mode=paper ──
2026-08-04 13:52:21 | INFO     | TradingBot.StrategyRunner | New entry blocked: Max open positions (3) reached
2026-08-04 13:52:38 | INFO     | TradingBot.StrategyRunner | ── Scan cycle | 13:52:38 | mode=paper ──
2026-08-04 13:52:38 | INFO     | TradingBot.StrategyRunner | New entry blocked: Max open positions (3) reached
2026-08-04 13:52:44 | INFO     | TradingBot.StrategyRunner | ── Scan cycle | 13:52:44 | mode=paper ──
2026-08-04 13:52:44 | INFO     | TradingBot.StrategyRunner | New entry blocked: Max open positions (3) reached
2026-08-04 13:52:50 | INFO     | TradingBot.StrategyRunner | ── Scan cycle | 13:52:50 | mode=paper ──
2026-08-04 13:52:50 | INFO     | TradingBot.StrategyRunner | New entry blocked: Max open positions (3) reached
2026-08-04 13:52:51 | INFO     | TradingBot.StrategyRunner | ── Scan cycle | 13:52:51 | mode=paper ──
2026-08-04 13:52:51 | INFO     | TradingBot.StrategyRunner | New entry blocked: Max open positions (3) reached
2026-08-04 13:53:08 | INFO     | TradingBot.StrategyRunner | ── Scan cycle | 13:53:08 | mode=paper ──
2026-08-04 13:53:08 | INFO     | TradingBot.StrategyRunner | New entry blocked: Max open positions (3) reached
2026-08-04 13:53:14 | INFO     | TradingBot.StrategyRunner | ── Scan cycle | 13:53:14 | mode=paper ──
2026-08-04 13:53:14 | INFO     | TradingBot.StrategyRunner | New entry blocked: Max open positions (3) reached
2026-08-04 13:53:20 | INFO     | TradingBot.StrategyRunner | ── Scan cycle | 13:53:20 | mode=paper ──
2026-08-04 13:53:20 | INFO     | TradingBot.StrategyRunner | New entry blocked: Max open positions (3) reached
2026-08-04 13:53:21 | INFO     | TradingBot.StrategyRunner | ── Scan cycle | 13:53:21 | mode=paper ──
2026-08-04 13:53:21 | INFO     | TradingBot.StrategyRunner | New entry blocked: Max open positions (3) reached
2026-08-04 13:53:38 | INFO     | TradingBot.StrategyRunner | ── Scan cycle | 13:53:38 | mode=paper ──
2026-08-04 13:53:38 | INFO     | TradingBot.StrategyRunner | New entry blocked: Max open positions (3) reached
2026-08-04 13:53:44 | INFO     | TradingBot.StrategyRunner | ── Scan cycle | 13:53:44 | mode=paper ──
2026-08-04 13:53:44 | INFO     | TradingBot.StrategyRunner | New entry blocked: Max open positions (3) reached
2026-08-04 13:53:50 | INFO     | TradingBot.StrategyRunner | ── Scan cycle | 13:53:50 | mode=paper ──
2026-08-04 13:53:50 | INFO     | TradingBot.StrategyRunner | New entry blocked: Max open positions (3) reached
2026-08-04 13:53:51 | INFO     | TradingBot.StrategyRunner | ── Scan cycle | 13:53:51 | mode=paper ──
2026-08-04 13:53:51 | INFO     | TradingBot.StrategyRunner | New entry blocked: Max open positions (3) reached
2026-08-04 13:54:08 | INFO     | TradingBot.StrategyRunner | ── Scan cycle | 13:54:08 | mode=paper ──
2026-08-04 13:54:08 | INFO     | TradingBot.StrategyRunner | New entry blocked: Max open positions (3) reached
2026-08-04 13:54:14 | INFO     | TradingBot.StrategyRunner | ── Scan cycle | 13:54:14 | mode=paper ──
2026-08-04 13:54:14 | INFO     | TradingBot.StrategyRunner | New entry blocked: Max open positions (3) reached
2026-08-04 13:54:20 | INFO     | TradingBot.StrategyRunner | ── Scan cycle | 13:54:20 | mode=paper ──
2026-08-04 13:54:20 | INFO     | TradingBot.StrategyRunner | New entry blocked: Max open positions (3) reached
2026-08-04 13:54:21 | INFO     | TradingBot.StrategyRunner | ── Scan cycle | 13:54:21 | mode=paper ──
2026-08-04 13:54:21 | INFO     | TradingBot.StrategyRunner | New entry blocked: Max open positions (3) reached
2026-08-04 13:54:38 | INFO     | TradingBot.StrategyRunner | ── Scan cycle | 13:54:38 | mode=paper ──
2026-08-04 13:54:38 | INFO     | TradingBot.StrategyRunner | New entry blocked: Max open positions (3) reached
2026-08-04 13:54:44 | INFO     | TradingBot.StrategyRunner | ── Scan cycle | 13:54:44 | mode=paper ──
2026-08-04 13:54:44 | INFO     | TradingBot.StrategyRunner | New entry blocked: Max open positions (3) reached
2026-08-04 13:54:50 | INFO     | TradingBot.StrategyRunner | ── Scan cycle | 13:54:50 | mode=paper ──
2026-08-04 13:54:50 | INFO     | TradingBot.StrategyRunner | New entry blocked: Max open positions (3) reached
2026-08-04 13:54:51 | INFO     | TradingBot.StrategyRunner | ── Scan cycle | 13:54:51 | mode=paper ──
2026-08-04 13:54:51 | INFO     | TradingBot.StrategyRunner | New entry blocked: Max open positions (3) reached
2026-08-04 13:55:07 | INFO     | TradingBot.StrategyRunner | ── Scan cycle | 13:55:07 | mode=paper ──
2026-08-04 13:55:07 | INFO     | TradingBot.StrategyRunner | New entry blocked: Max open positions (3) reached
2026-08-04 13:55:08 | INFO     | TradingBot.StrategyRunner | ── Scan cycle | 13:55:08 | mode=paper ──
2026-08-04 13:55:08 | INFO     | TradingBot.StrategyRunner | New entry blocked: Max open positions (3) reached
2026-08-04 13:55:14 | INFO     | TradingBot.StrategyRunner | ── Scan cycle | 13:55:14 | mode=paper ──
2026-08-04 13:55:14 | INFO     | TradingBot.StrategyRunner | New entry blocked: Max open positions (3) reached
2026-08-04 13:55:20 | INFO     | TradingBot.StrategyRunner | ── Scan cycle | 13:55:20 | mode=paper ──
2026-08-04 13:55:20 | INFO     | TradingBot.StrategyRunner | New entry blocked: Max open positions (3) reached
2026-08-04 13:55:21 | INFO     | TradingBot.StrategyRunner | ── Scan cycle | 13:55:21 | mode=paper ──
2026-08-04 13:55:21 | INFO     | TradingBot.StrategyRunner | New entry blocked: Max open positions (3) reached
2026-08-04 13:55:38 | INFO     | TradingBot.StrategyRunner | ── Scan cycle | 13:55:38 | mode=paper ──
2026-08-04 13:55:38 | INFO     | TradingBot.StrategyRunner | New entry blocked: Max open positions (3) reached
2026-08-04 13:55:44 | INFO     | TradingBot.StrategyRunner | ── Scan cycle | 13:55:44 | mode=paper ──
2026-08-04 13:55:44 | INFO     | TradingBot.StrategyRunner | New entry blocked: Max open positions (3) reached
2026-08-04 13:55:50 | INFO     | TradingBot.StrategyRunner | ── Scan cycle | 13:55:50 | mode=paper ──
2026-08-04 13:55:50 | INFO     | TradingBot.StrategyRunner | New entry blocked: Max open positions (3) reached
2026-08-04 13:55:51 | INFO     | TradingBot.StrategyRunner | ── Scan cycle | 13:55:51 | mode=paper ──
2026-08-04 13:55:51 | INFO     | TradingBot.StrategyRunner | New entry blocked: Max open positions (3) reached
2026-08-04 13:56:08 | INFO     | TradingBot.StrategyRunner | ── Scan cycle | 13:56:08 | mode=paper ──
2026-08-04 13:56:09 | INFO     | TradingBot.StrategyRunner | New entry blocked: Max open positions (3) reached
2026-08-04 13:56:14 | INFO     | TradingBot.StrategyRunner | ── Scan cycle | 13:56:14 | mode=paper ──
2026-08-04 13:56:14 | INFO     | TradingBot.StrategyRunner | New entry blocked: Max open positions (3) reached
2026-08-04 13:56:20 | INFO     | TradingBot.StrategyRunner | ── Scan cycle | 13:56:20 | mode=paper ──
2026-08-04 13:56:20 | INFO     | TradingBot.StrategyRunner | New entry blocked: Max open positions (3) reached
2026-08-04 13:56:21 | INFO     | TradingBot.StrategyRunner | ── Scan cycle | 13:56:21 | mode=paper ──
2026-08-04 13:56:21 | INFO     | TradingBot.StrategyRunner | New entry blocked: Max open positions (3) reached
2026-08-04 13:56:39 | INFO     | TradingBot.StrategyRunner | ── Scan cycle | 13:56:39 | mode=paper ──
2026-08-04 13:56:39 | INFO     | TradingBot.StrategyRunner | New entry blocked: Max open positions (3) reached
2026-08-04 13:56:44 | INFO     | TradingBot.StrategyRunner | ── Scan cycle | 13:56:44 | mode=paper ──
2026-08-04 13:56:44 | INFO     | TradingBot.StrategyRunner | New entry blocked: Max open positions (3) reached
2026-08-04 13:56:50 | INFO     | TradingBot.StrategyRunner | ── Scan cycle | 13:56:50 | mode=paper ──
2026-08-04 13:56:50 | INFO     | TradingBot.StrategyRunner | New entry blocked: Max open positions (3) reached
2026-08-04 13:56:51 | INFO     | TradingBot.StrategyRunner | ── Scan cycle | 13:56:51 | mode=paper ──
2026-08-04 13:56:51 | INFO     | TradingBot.StrategyRunner | New entry blocked: Max open positions (3) reached
2026-08-04 13:57:07 | INFO     | TradingBot.StrategyRunner | ── Scan cycle | 13:57:07 | mode=paper ──
2026-08-04 13:57:07 | INFO     | TradingBot.StrategyRunner | New entry blocked: Max open positions (3) reached
2026-08-04 13:57:09 | INFO     | TradingBot.StrategyRunner | ── Scan cycle | 13:57:09 | mode=paper ──
2026-08-04 13:57:09 | INFO     | TradingBot.StrategyRunner | New entry blocked: Max open positions (3) reached
2026-08-04 13:57:14 | INFO     | TradingBot.StrategyRunner | ── Scan cycle | 13:57:14 | mode=paper ──
2026-08-04 13:57:14 | INFO     | TradingBot.StrategyRunner | New entry blocked: Max open positions (3) reached
2026-08-04 13:57:20 | INFO     | TradingBot.StrategyRunner | ── Scan cycle | 13:57:20 | mode=paper ──
2026-08-04 13:57:20 | INFO     | TradingBot.StrategyRunner | New entry blocked: Max open positions (3) reached
2026-08-04 13:57:21 | INFO     | TradingBot.StrategyRunner | ── Scan cycle | 13:57:21 | mode=paper ──
2026-08-04 13:57:21 | INFO     | TradingBot.StrategyRunner | New entry blocked: Max open positions (3) reached
2026-08-04 13:57:39 | INFO     | TradingBot.StrategyRunner | ── Scan cycle | 13:57:39 | mode=paper ──
2026-08-04 13:57:39 | INFO     | TradingBot.StrategyRunner | New entry blocked: Max open positions (3) reached
2026-08-04 13:57:44 | INFO     | TradingBot.StrategyRunner | ── Scan cycle | 13:57:44 | mode=paper ──
2026-08-04 13:57:44 | INFO     | TradingBot.StrategyRunner | New entry blocked: Max open positions (3) reached
2026-08-04 13:57:50 | INFO     | TradingBot.StrategyRunner | ── Scan cycle | 13:57:50 | mode=paper ──
2026-08-04 13:57:50 | INFO     | TradingBot.StrategyRunner | New entry blocked: Max open positions (3) reached
2026-08-04 13:57:51 | INFO     | TradingBot.StrategyRunner | ── Scan cycle | 13:57:51 | mode=paper ──
2026-08-04 13:57:51 | INFO     | TradingBot.StrategyRunner | New entry blocked: Max open positions (3) reached
2026-08-04 13:58:09 | INFO     | TradingBot.StrategyRunner | ── Scan cycle | 13:58:09 | mode=paper ──
2026-08-04 13:58:09 | INFO     | TradingBot.StrategyRunner | New entry blocked: Max open positions (3) reached
2026-08-04 13:58:14 | INFO     | TradingBot.StrategyRunner | ── Scan cycle | 13:58:14 | mode=paper ──
2026-08-04 13:58:14 | INFO     | TradingBot.StrategyRunner | New entry blocked: Max open positions (3) reached
2026-08-04 13:58:20 | INFO     | TradingBot.StrategyRunner | ── Scan cycle | 13:58:20 | mode=paper ──
2026-08-04 13:58:20 | INFO     | TradingBot.StrategyRunner | New entry blocked: Max open positions (3) reached
2026-08-04 13:58:21 | INFO     | TradingBot.StrategyRunner | ── Scan cycle | 13:58:21 | mode=paper ──
2026-08-04 13:58:21 | INFO     | TradingBot.StrategyRunner | New entry blocked: Max open positions (3) reached
2026-08-04 13:58:39 | INFO     | TradingBot.StrategyRunner | ── Scan cycle | 13:58:39 | mode=paper ──
2026-08-04 13:58:39 | INFO     | TradingBot.StrategyRunner | New entry blocked: Max open positions (3) reached
2026-08-04 13:58:44 | INFO     | TradingBot.StrategyRunner | ── Scan cycle | 13:58:44 | mode=paper ──
2026-08-04 13:58:44 | INFO     | TradingBot.StrategyRunner | New entry blocked: Max open positions (3) reached
2026-08-04 13:58:50 | INFO     | TradingBot.StrategyRunner | ── Scan cycle | 13:58:50 | mode=paper ──
2026-08-04 13:58:50 | INFO     | TradingBot.StrategyRunner | New entry blocked: Max open positions (3) reached
2026-08-04 13:58:51 | INFO     | TradingBot.StrategyRunner | ── Scan cycle | 13:58:51 | mode=paper ──
2026-08-04 13:58:51 | INFO     | TradingBot.StrategyRunner | New entry blocked: Max open positions (3) reached
2026-08-04 13:59:09 | INFO     | TradingBot.StrategyRunner | ── Scan cycle | 13:59:09 | mode=paper ──
2026-08-04 13:59:09 | INFO     | TradingBot.StrategyRunner | New entry blocked: Max open positions (3) reached
2026-08-04 13:59:14 | INFO     | TradingBot.StrategyRunner | ── Scan cycle | 13:59:14 | mode=paper ──
2026-08-04 13:59:15 | INFO     | TradingBot.StrategyRunner | New entry blocked: Max open positions (3) reached
2026-08-04 13:59:20 | INFO     | TradingBot.StrategyRunner | ── Scan cycle | 13:59:20 | mode=paper ──
2026-08-04 13:59:20 | INFO     | TradingBot.StrategyRunner | New entry blocked: Max open positions (3) reached
2026-08-04 13:59:21 | INFO     | TradingBot.StrategyRunner | ── Scan cycle | 13:59:21 | mode=paper ──
2026-08-04 13:59:21 | INFO     | TradingBot.StrategyRunner | New entry blocked: Max open positions (3) reached
2026-08-04 13:59:39 | INFO     | TradingBot.StrategyRunner | ── Scan cycle | 13:59:39 | mode=paper ──
2026-08-04 13:59:39 | INFO     | TradingBot.StrategyRunner | New entry blocked: Max open positions (3) reached
2026-08-04 13:59:45 | INFO     | TradingBot.StrategyRunner | ── Scan cycle | 13:59:45 | mode=paper ──
2026-08-04 13:59:45 | INFO     | TradingBot.StrategyRunner | New entry blocked: Max open positions (3) reached
2026-08-04 13:59:50 | INFO     | TradingBot.StrategyRunner | ── Scan cycle | 13:59:50 | mode=paper ──
2026-08-04 13:59:50 | INFO     | TradingBot.StrategyRunner | New entry blocked: Max open positions (3) reached
2026-08-04 13:59:51 | INFO     | TradingBot.StrategyRunner | ── Scan cycle | 13:59:51 | mode=paper ──
2026-08-04 13:59:51 | INFO     | TradingBot.StrategyRunner | New entry blocked: Max open positions (3) reached
2026-08-04 14:00:07 | INFO     | TradingBot.StrategyRunner | ── Scan cycle | 14:00:07 | mode=paper ──
2026-08-04 14:00:07 | INFO     | TradingBot.StrategyRunner | New entry blocked: Max open positions (3) reached
2026-08-04 14:00:09 | INFO     | TradingBot.StrategyRunner | ── Scan cycle | 14:00:09 | mode=paper ──
2026-08-04 14:00:09 | INFO     | TradingBot.StrategyRunner | New entry blocked: Max open positions (3) reached
2026-08-04 14:00:15 | INFO     | TradingBot.StrategyRunner | ── Scan cycle | 14:00:15 | mode=paper ──
2026-08-04 14:00:15 | INFO     | TradingBot.StrategyRunner | New entry blocked: Max open positions (3) reached
2026-08-04 14:00:20 | INFO     | TradingBot.StrategyRunner | ── Scan cycle | 14:00:20 | mode=paper ──
2026-08-04 14:00:20 | INFO     | TradingBot.StrategyRunner | New entry blocked: Max open positions (3) reached
2026-08-04 14:00:21 | INFO     | TradingBot.StrategyRunner | ── Scan cycle | 14:00:21 | mode=paper ──
2026-08-04 14:00:21 | INFO     | TradingBot.StrategyRunner | New entry blocked: Max open positions (3) reached
2026-08-04 14:00:39 | INFO     | TradingBot.StrategyRunner | ── Scan cycle | 14:00:39 | mode=paper ──
2026-08-04 14:00:39 | INFO     | TradingBot.StrategyRunner | New entry blocked: Max open positions (3) reached
2026-08-04 14:00:45 | INFO     | TradingBot.StrategyRunner | ── Scan cycle | 14:00:45 | mode=paper ──
2026-08-04 14:00:45 | INFO     | TradingBot.StrategyRunner | New entry blocked: Max open positions (3) reached
2026-08-04 14:00:50 | INFO     | TradingBot.StrategyRunner | ── Scan cycle | 14:00:50 | mode=paper ──
2026-08-04 14:00:50 | INFO     | TradingBot.StrategyRunner | New entry blocked: Max open positions (3) reached
2026-08-04 14:00:51 | INFO     | TradingBot.StrategyRunner | ── Scan cycle | 14:00:51 | mode=paper ──
2026-08-04 14:00:51 | INFO     | TradingBot.StrategyRunner | New entry blocked: Max open positions (3) reached
2026-08-04 14:01:09 | INFO     | TradingBot.StrategyRunner | ── Scan cycle | 14:01:09 | mode=paper ──
2026-08-04 14:01:09 | INFO     | TradingBot.StrategyRunner | New entry blocked: Max open positions (3) reached
2026-08-04 14:01:15 | INFO     | TradingBot.StrategyRunner | ── Scan cycle | 14:01:15 | mode=paper ──
2026-08-04 14:01:15 | INFO     | TradingBot.StrategyRunner | New entry blocked: Max open positions (3) reached
2026-08-04 14:01:20 | INFO     | TradingBot.StrategyRunner | ── Scan cycle | 14:01:20 | mode=paper ──
2026-08-04 14:01:20 | INFO     | TradingBot.StrategyRunner | New entry blocked: Max open positions (3) reached
2026-08-04 14:01:21 | INFO     | TradingBot.StrategyRunner | ── Scan cycle | 14:01:21 | mode=paper ──
2026-08-04 14:01:21 | INFO     | TradingBot.StrategyRunner | New entry blocked: Max open positions (3) reached
2026-08-04 14:01:39 | INFO     | TradingBot.StrategyRunner | ── Scan cycle | 14:01:39 | mode=paper ──
2026-08-04 14:01:39 | INFO     | TradingBot.StrategyRunner | New entry blocked: Max open positions (3) reached
2026-08-04 14:01:45 | INFO     | TradingBot.StrategyRunner | ── Scan cycle | 14:01:45 | mode=paper ──
2026-08-04 14:01:45 | INFO     | TradingBot.StrategyRunner | New entry blocked: Max open positions (3) reached
2026-08-04 14:01:50 | INFO     | TradingBot.StrategyRunner | ── Scan cycle | 14:01:50 | mode=paper ──
2026-08-04 14:01:50 | INFO     | TradingBot.StrategyRunner | New entry blocked: Max open positions (3) reached
2026-08-04 14:01:51 | INFO     | TradingBot.StrategyRunner | ── Scan cycle | 14:01:51 | mode=paper ──
2026-08-04 14:01:51 | INFO     | TradingBot.StrategyRunner | New entry blocked: Max open positions (3) reached
2026-08-04 14:02:07 | INFO     | TradingBot.StrategyRunner | ── Scan cycle | 14:02:07 | mode=paper ──
2026-08-04 14:02:07 | INFO     | TradingBot.StrategyRunner | New entry blocked: Max open positions (3) reached
2026-08-04 14:02:09 | INFO     | TradingBot.StrategyRunner | ── Scan cycle | 14:02:09 | mode=paper ──
2026-08-04 14:02:09 | INFO     | TradingBot.StrategyRunner | New entry blocked: Max open positions (3) reached
2026-08-04 14:02:15 | INFO     | TradingBot.StrategyRunner | ── Scan cycle | 14:02:15 | mode=paper ──
2026-08-04 14:02:15 | INFO     | TradingBot.StrategyRunner | New entry blocked: Max open positions (3) reached
2026-08-04 14:02:20 | INFO     | TradingBot.StrategyRunner | ── Scan cycle | 14:02:20 | mode=paper ──
2026-08-04 14:02:20 | INFO     | TradingBot.StrategyRunner | New entry blocked: Max open positions (3) reached
2026-08-04 14:02:21 | INFO     | TradingBot.StrategyRunner | ── Scan cycle | 14:02:21 | mode=paper ──
2026-08-04 14:02:21 | INFO     | TradingBot.StrategyRunner | New entry blocked: Max open positions (3) reached
2026-08-04 14:02:39 | INFO     | TradingBot.StrategyRunner | ── Scan cycle | 14:02:39 | mode=paper ──
2026-08-04 14:02:39 | INFO     | TradingBot.StrategyRunner | New entry blocked: Max open positions (3) reached
2026-08-04 14:02:45 | INFO     | TradingBot.StrategyRunner | ── Scan cycle | 14:02:45 | mode=paper ──
2026-08-04 14:02:45 | INFO     | TradingBot.StrategyRunner | New entry blocked: Max open positions (3) reached
2026-08-04 14:02:50 | INFO     | TradingBot.StrategyRunner | ── Scan cycle | 14:02:50 | mode=paper ──
2026-08-04 14:02:50 | INFO     | TradingBot.StrategyRunner | New entry blocked: Max open positions (3) reached
2026-08-04 14:02:51 | INFO     | TradingBot.StrategyRunner | ── Scan cycle | 14:02:51 | mode=paper ──
2026-08-04 14:02:51 | INFO     | TradingBot.StrategyRunner | New entry blocked: Max open positions (3) reached
2026-08-04 14:03:09 | INFO     | TradingBot.StrategyRunner | ── Scan cycle | 14:03:09 | mode=paper ──
2026-08-04 14:03:09 | INFO     | TradingBot.StrategyRunner | New entry blocked: Max open positions (3) reached
2026-08-04 14:03:15 | INFO     | TradingBot.StrategyRunner | ── Scan cycle | 14:03:15 | mode=paper ──
2026-08-04 14:03:15 | INFO     | TradingBot.StrategyRunner | New entry blocked: Max open positions (3) reached
2026-08-04 14:03:20 | INFO     | TradingBot.StrategyRunner | ── Scan cycle | 14:03:20 | mode=paper ──
2026-08-04 14:03:20 | INFO     | TradingBot.StrategyRunner | New entry blocked: Max open positions (3) reached
2026-08-04 14:03:21 | INFO     | TradingBot.StrategyRunner | ── Scan cycle | 14:03:21 | mode=paper ──
2026-08-04 14:03:21 | INFO     | TradingBot.StrategyRunner | New entry blocked: Max open positions (3) reached
2026-08-04 14:03:39 | INFO     | TradingBot.StrategyRunner | ── Scan cycle | 14:03:39 | mode=paper ──
2026-08-04 14:03:39 | INFO     | TradingBot.StrategyRunner | New entry blocked: Max open positions (3) reached
2026-08-04 14:03:45 | INFO     | TradingBot.StrategyRunner | ── Scan cycle | 14:03:45 | mode=paper ──
2026-08-04 14:03:45 | INFO     | TradingBot.StrategyRunner | New entry blocked: Max open positions (3) reached
2026-08-04 14:03:50 | INFO     | TradingBot.StrategyRunner | ── Scan cycle | 14:03:50 | mode=paper ──
2026-08-04 14:03:50 | INFO     | TradingBot.StrategyRunner | New entry blocked: Max open positions (3) reached
2026-08-04 14:03:51 | INFO     | TradingBot.StrategyRunner | ── Scan cycle | 14:03:51 | mode=paper ──
2026-08-04 14:03:51 | INFO     | TradingBot.StrategyRunner | New entry blocked: Max open positions (3) reached
2026-08-04 14:04:09 | INFO     | TradingBot.StrategyRunner | ── Scan cycle | 14:04:09 | mode=paper ──
2026-08-04 14:04:09 | INFO     | TradingBot.StrategyRunner | New entry blocked: Max open positions (3) reached
2026-08-04 14:04:15 | INFO     | TradingBot.StrategyRunner | ── Scan cycle | 14:04:15 | mode=paper ──
2026-08-04 14:04:15 | INFO     | TradingBot.StrategyRunner | New entry blocked: Max open positions (3) reached
2026-08-04 14:04:20 | INFO     | TradingBot.StrategyRunner | ── Scan cycle | 14:04:20 | mode=paper ──
2026-08-04 14:04:20 | INFO     | TradingBot.StrategyRunner | New entry blocked: Max open positions (3) reached
2026-08-04 14:04:21 | INFO     | TradingBot.StrategyRunner | ── Scan cycle | 14:04:21 | mode=paper ──
2026-08-04 14:04:21 | INFO     | TradingBot.StrategyRunner | New entry blocked: Max open positions (3) reached
2026-08-04 14:04:39 | INFO     | TradingBot.StrategyRunner | ── Scan cycle | 14:04:39 | mode=paper ──
2026-08-04 14:04:39 | INFO     | TradingBot.StrategyRunner | New entry blocked: Max open positions (3) reached
2026-08-04 14:04:45 | INFO     | TradingBot.StrategyRunner | ── Scan cycle | 14:04:45 | mode=paper ──
2026-08-04 14:04:45 | INFO     | TradingBot.StrategyRunner | New entry blocked: Max open positions (3) reached
2026-08-04 14:04:50 | INFO     | TradingBot.StrategyRunner | ── Scan cycle | 14:04:50 | mode=paper ──
2026-08-04 14:04:50 | INFO     | TradingBot.StrategyRunner | New entry blocked: Max open positions (3) reached
2026-08-04 14:04:52 | INFO     | TradingBot.StrategyRunner | ── Scan cycle | 14:04:52 | mode=paper ──
2026-08-04 14:04:52 | INFO     | TradingBot.StrategyRunner | New entry blocked: Max open positions (3) reached
2026-08-04 14:05:07 | INFO     | TradingBot.StrategyRunner | ── Scan cycle | 14:05:07 | mode=paper ──
2026-08-04 14:05:07 | INFO     | TradingBot.StrategyRunner | New entry blocked: Max open positions (3) reached
2026-08-04 14:05:09 | INFO     | TradingBot.StrategyRunner | ── Scan cycle | 14:05:09 | mode=paper ──
2026-08-04 14:05:09 | INFO     | TradingBot.StrategyRunner | New entry blocked: Max open positions (3) reached
2026-08-04 14:05:15 | INFO     | TradingBot.StrategyRunner | ── Scan cycle | 14:05:15 | mode=paper ──
2026-08-04 14:05:15 | INFO     | TradingBot.StrategyRunner | New entry blocked: Max open positions (3) reached
2026-08-04 14:05:20 | INFO     | TradingBot.StrategyRunner | ── Scan cycle | 14:05:20 | mode=paper ──
2026-08-04 14:05:20 | INFO     | TradingBot.StrategyRunner | New entry blocked: Max open positions (3) reached
2026-08-04 14:05:22 | INFO     | TradingBot.StrategyRunner | ── Scan cycle | 14:05:22 | mode=paper ──
2026-08-04 14:05:22 | INFO     | TradingBot.StrategyRunner | New entry blocked: Max open positions (3) reached
2026-08-04 14:05:39 | INFO     | TradingBot.StrategyRunner | ── Scan cycle | 14:05:39 | mode=paper ──
2026-08-04 14:05:39 | INFO     | TradingBot.StrategyRunner | New entry blocked: Max open positions (3) reached
2026-08-04 14:05:45 | INFO     | TradingBot.StrategyRunner | ── Scan cycle | 14:05:45 | mode=paper ──
2026-08-04 14:05:45 | INFO     | TradingBot.StrategyRunner | New entry blocked: Max open positions (3) reached
2026-08-04 14:05:50 | INFO     | TradingBot.StrategyRunner | ── Scan cycle | 14:05:50 | mode=paper ──
2026-08-04 14:05:50 | INFO     | TradingBot.StrategyRunner | New entry blocked: Max open positions (3) reached
2026-08-04 14:05:52 | INFO     | TradingBot.StrategyRunner | ── Scan cycle | 14:05:52 | mode=paper ──
2026-08-04 14:05:52 | INFO     | TradingBot.StrategyRunner | New entry blocked: Max open positions (3) reached
2026-08-04 14:06:09 | INFO     | TradingBot.StrategyRunner | ── Scan cycle | 14:06:09 | mode=paper ──
2026-08-04 14:06:09 | INFO     | TradingBot.StrategyRunner | New entry blocked: Max open positions (3) reached
2026-08-04 14:06:15 | INFO     | TradingBot.StrategyRunner | ── Scan cycle | 14:06:15 | mode=paper ──
2026-08-04 14:06:15 | INFO     | TradingBot.StrategyRunner | New entry blocked: Max open positions (3) reached
2026-08-04 14:06:20 | INFO     | TradingBot.StrategyRunner | ── Scan cycle | 14:06:20 | mode=paper ──
2026-08-04 14:06:20 | INFO     | TradingBot.StrategyRunner | New entry blocked: Max open positions (3) reached
2026-08-04 14:06:22 | INFO     | TradingBot.StrategyRunner | ── Scan cycle | 14:06:22 | mode=paper ──
2026-08-04 14:06:22 | INFO     | TradingBot.StrategyRunner | New entry blocked: Max open positions (3) reached
2026-08-04 14:06:39 | INFO     | TradingBot.StrategyRunner | ── Scan cycle | 14:06:39 | mode=paper ──
2026-08-04 14:06:39 | INFO     | TradingBot.StrategyRunner | New entry blocked: Max open positions (3) reached
2026-08-04 14:06:45 | INFO     | TradingBot.StrategyRunner | ── Scan cycle | 14:06:45 | mode=paper ──
2026-08-04 14:06:45 | INFO     | TradingBot.StrategyRunner | New entry blocked: Max open positions (3) reached
2026-08-04 14:06:50 | INFO     | TradingBot.StrategyRunner | ── Scan cycle | 14:06:50 | mode=paper ──
2026-08-04 14:06:50 | INFO     | TradingBot.StrategyRunner | New entry blocked: Max open positions (3) reached
2026-08-04 14:06:52 | INFO     | TradingBot.StrategyRunner | ── Scan cycle | 14:06:52 | mode=paper ──
2026-08-04 14:06:52 | INFO     | TradingBot.StrategyRunner | New entry blocked: Max open positions (3) reached
2026-08-04 14:07:07 | INFO     | TradingBot.StrategyRunner | ── Scan cycle | 14:07:07 | mode=paper ──
2026-08-04 14:07:07 | INFO     | TradingBot.StrategyRunner | New entry blocked: Max open positions (3) reached
2026-08-04 14:07:09 | INFO     | TradingBot.StrategyRunner | ── Scan cycle | 14:07:09 | mode=paper ──
2026-08-04 14:07:09 | INFO     | TradingBot.StrategyRunner | New entry blocked: Max open positions (3) reached
2026-08-04 14:07:15 | INFO     | TradingBot.StrategyRunner | ── Scan cycle | 14:07:15 | mode=paper ──
2026-08-04 14:07:15 | INFO     | TradingBot.StrategyRunner | New entry blocked: Max open positions (3) reached
2026-08-04 14:07:20 | INFO     | TradingBot.StrategyRunner | ── Scan cycle | 14:07:20 | mode=paper ──
2026-08-04 14:07:20 | INFO     | TradingBot.StrategyRunner | New entry blocked: Max open positions (3) reached
2026-08-04 14:07:22 | INFO     | TradingBot.StrategyRunner | ── Scan cycle | 14:07:22 | mode=paper ──
2026-08-04 14:07:22 | INFO     | TradingBot.StrategyRunner | New entry blocked: Max open positions (3) reached
2026-08-04 14:07:39 | INFO     | TradingBot.StrategyRunner | ── Scan cycle | 14:07:39 | mode=paper ──
2026-08-04 14:07:39 | INFO     | TradingBot.StrategyRunner | New entry blocked: Max open positions (3) reached
2026-08-04 14:07:45 | INFO     | TradingBot.StrategyRunner | ── Scan cycle | 14:07:45 | mode=paper ──
2026-08-04 14:07:45 | INFO     | TradingBot.StrategyRunner | New entry blocked: Max open positions (3) reached
2026-08-04 14:07:50 | INFO     | TradingBot.StrategyRunner | ── Scan cycle | 14:07:50 | mode=paper ──
2026-08-04 14:07:50 | INFO     | TradingBot.StrategyRunner | New entry blocked: Max open positions (3) reached
2026-08-04 14:07:52 | INFO     | TradingBot.StrategyRunner | ── Scan cycle | 14:07:52 | mode=paper ──
2026-08-04 14:07:52 | INFO     | TradingBot.StrategyRunner | New entry blocked: Max open positions (3) reached
2026-08-04 14:08:09 | INFO     | TradingBot.StrategyRunner | ── Scan cycle | 14:08:09 | mode=paper ──
2026-08-04 14:08:09 | INFO     | TradingBot.StrategyRunner | New entry blocked: Max open positions (3) reached
2026-08-04 14:08:15 | INFO     | TradingBot.StrategyRunner | ── Scan cycle | 14:08:15 | mode=paper ──
2026-08-04 14:08:15 | INFO     | TradingBot.StrategyRunner | New entry blocked: Max open positions (3) reached
2026-08-04 14:08:20 | INFO     | TradingBot.StrategyRunner | ── Scan cycle | 14:08:20 | mode=paper ──
2026-08-04 14:08:20 | INFO     | TradingBot.StrategyRunner | New entry blocked: Max open positions (3) reached
2026-08-04 14:08:22 | INFO     | TradingBot.StrategyRunner | ── Scan cycle | 14:08:22 | mode=paper ──
2026-08-04 14:08:22 | INFO     | TradingBot.StrategyRunner | New entry blocked: Max open positions (3) reached
2026-08-04 14:08:39 | INFO     | TradingBot.StrategyRunner | ── Scan cycle | 14:08:39 | mode=paper ──
2026-08-04 14:08:39 | INFO     | TradingBot.StrategyRunner | New entry blocked: Max open positions (3) reached
2026-08-04 14:08:45 | INFO     | TradingBot.StrategyRunner | ── Scan cycle | 14:08:45 | mode=paper ──
2026-08-04 14:08:45 | INFO     | TradingBot.StrategyRunner | New entry blocked: Max open positions (3) reached
2026-08-04 14:08:50 | INFO     | TradingBot.StrategyRunner | ── Scan cycle | 14:08:50 | mode=paper ──
2026-08-04 14:08:50 | INFO     | TradingBot.StrategyRunner | New entry blocked: Max open positions (3) reached
2026-08-04 14:08:52 | INFO     | TradingBot.StrategyRunner | ── Scan cycle | 14:08:52 | mode=paper ──
2026-08-04 14:08:52 | INFO     | TradingBot.StrategyRunner | New entry blocked: Max open positions (3) reached
2026-08-04 14:09:09 | INFO     | TradingBot.StrategyRunner | ── Scan cycle | 14:09:09 | mode=paper ──
2026-08-04 14:09:09 | INFO     | TradingBot.StrategyRunner | New entry blocked: Max open positions (3) reached
2026-08-04 14:09:15 | INFO     | TradingBot.StrategyRunner | ── Scan cycle | 14:09:15 | mode=paper ──
2026-08-04 14:09:15 | INFO     | TradingBot.StrategyRunner | New entry blocked: Max open positions (3) reached
2026-08-04 14:09:20 | INFO     | TradingBot.StrategyRunner | ── Scan cycle | 14:09:20 | mode=paper ──
2026-08-04 14:09:20 | INFO     | TradingBot.StrategyRunner | New entry blocked: Max open positions (3) reached
2026-08-04 14:09:22 | INFO     | TradingBot.StrategyRunner | ── Scan cycle | 14:09:22 | mode=paper ──
2026-08-04 14:09:22 | INFO     | TradingBot.StrategyRunner | New entry blocked: Max open positions (3) reached
2026-08-04 14:09:39 | INFO     | TradingBot.StrategyRunner | ── Scan cycle | 14:09:39 | mode=paper ──
2026-08-04 14:09:39 | INFO     | TradingBot.StrategyRunner | New entry blocked: Max open positions (3) reached
2026-08-04 14:09:45 | INFO     | TradingBot.StrategyRunner | ── Scan cycle | 14:09:45 | mode=paper ──
2026-08-04 14:09:45 | INFO     | TradingBot.StrategyRunner | New entry blocked: Max open positions (3) reached
2026-08-04 14:09:50 | INFO     | TradingBot.StrategyRunner | ── Scan cycle | 14:09:50 | mode=paper ──
2026-08-04 14:09:50 | INFO     | TradingBot.StrategyRunner | New entry blocked: Max open positions (3) reached
2026-08-04 14:09:52 | INFO     | TradingBot.StrategyRunner | ── Scan cycle | 14:09:52 | mode=paper ──
2026-08-04 14:09:52 | INFO     | TradingBot.StrategyRunner | New entry blocked: Max open positions (3) reached
2026-08-04 14:10:07 | INFO     | TradingBot.StrategyRunner | ── Scan cycle | 14:10:07 | mode=paper ──
2026-08-04 14:10:07 | INFO     | TradingBot.StrategyRunner | New entry blocked: Max open positions (3) reached
2026-08-04 14:10:09 | INFO     | TradingBot.StrategyRunner | ── Scan cycle | 14:10:09 | mode=paper ──
2026-08-04 14:10:09 | INFO     | TradingBot.StrategyRunner | New entry blocked: Max open positions (3) reached
2026-08-04 14:10:15 | INFO     | TradingBot.StrategyRunner | ── Scan cycle | 14:10:15 | mode=paper ──
2026-08-04 14:10:15 | INFO     | TradingBot.StrategyRunner | New entry blocked: Max open positions (3) reached
2026-08-04 14:10:20 | INFO     | TradingBot.StrategyRunner | ── Scan cycle | 14:10:20 | mode=paper ──
2026-08-04 14:10:20 | INFO     | TradingBot.StrategyRunner | New entry blocked: Max open positions (3) reached
2026-08-04 14:10:22 | INFO     | TradingBot.StrategyRunner | ── Scan cycle | 14:10:22 | mode=paper ──
2026-08-04 14:10:22 | INFO     | TradingBot.StrategyRunner | New entry blocked: Max open positions (3) reached
2026-08-04 14:10:39 | INFO     | TradingBot.StrategyRunner | ── Scan cycle | 14:10:39 | mode=paper ──
2026-08-04 14:10:39 | INFO     | TradingBot.StrategyRunner | New entry blocked: Max open positions (3) reached
2026-08-04 14:10:45 | INFO     | TradingBot.StrategyRunner | ── Scan cycle | 14:10:45 | mode=paper ──
2026-08-04 14:10:45 | INFO     | TradingBot.StrategyRunner | New entry blocked: Max open positions (3) reached
2026-08-04 14:10:50 | INFO     | TradingBot.StrategyRunner | ── Scan cycle | 14:10:50 | mode=paper ──
2026-08-04 14:10:50 | INFO     | TradingBot.StrategyRunner | New entry blocked: Max open positions (3) reached
2026-08-04 14:10:52 | INFO     | TradingBot.StrategyRunner | ── Scan cycle | 14:10:52 | mode=paper ──
2026-08-04 14:10:52 | INFO     | TradingBot.StrategyRunner | New entry blocked: Max open positions (3) reached
2026-08-04 14:11:09 | INFO     | TradingBot.StrategyRunner | ── Scan cycle | 14:11:09 | mode=paper ──
2026-08-04 14:11:09 | INFO     | TradingBot.StrategyRunner | New entry blocked: Max open positions (3) reached
2026-08-04 14:11:15 | INFO     | TradingBot.StrategyRunner | ── Scan cycle | 14:11:15 | mode=paper ──
2026-08-04 14:11:15 | INFO     | TradingBot.StrategyRunner | New entry blocked: Max open positions (3) reached
2026-08-04 14:11:20 | INFO     | TradingBot.StrategyRunner | ── Scan cycle | 14:11:20 | mode=paper ──
2026-08-04 14:11:20 | INFO     | TradingBot.StrategyRunner | New entry blocked: Max open positions (3) reached
2026-08-04 14:11:22 | INFO     | TradingBot.StrategyRunner | ── Scan cycle | 14:11:22 | mode=paper ──
2026-08-04 14:11:22 | INFO     | TradingBot.StrategyRunner | New entry blocked: Max open positions (3) reached
2026-08-04 14:11:39 | INFO     | TradingBot.StrategyRunner | ── Scan cycle | 14:11:39 | mode=paper ──
2026-08-04 14:11:39 | INFO     | TradingBot.StrategyRunner | New entry blocked: Max open positions (3) reached
2026-08-04 14:11:45 | INFO     | TradingBot.StrategyRunner | ── Scan cycle | 14:11:45 | mode=paper ──
2026-08-04 14:11:45 | INFO     | TradingBot.StrategyRunner | New entry blocked: Max open positions (3) reached
2026-08-04 14:11:50 | INFO     | TradingBot.StrategyRunner | ── Scan cycle | 14:11:50 | mode=paper ──
2026-08-04 14:11:50 | INFO     | TradingBot.StrategyRunner | New entry blocked: Max open positions (3) reached
2026-08-04 14:11:52 | INFO     | TradingBot.StrategyRunner | ── Scan cycle | 14:11:52 | mode=paper ──
2026-08-04 14:11:52 | INFO     | TradingBot.StrategyRunner | New entry blocked: Max open positions (3) reached
2026-08-04 14:12:07 | INFO     | TradingBot.StrategyRunner | ── Scan cycle | 14:12:07 | mode=paper ──
2026-08-04 14:12:07 | INFO     | TradingBot.StrategyRunner | New entry blocked: Max open positions (3) reached
2026-08-04 14:12:09 | INFO     | TradingBot.StrategyRunner | ── Scan cycle | 14:12:09 | mode=paper ──
2026-08-04 14:12:09 | INFO     | TradingBot.StrategyRunner | New entry blocked: Max open positions (3) reached
2026-08-04 14:12:15 | INFO     | TradingBot.StrategyRunner | ── Scan cycle | 14:12:15 | mode=paper ──
2026-08-04 14:12:15 | INFO     | TradingBot.StrategyRunner | New entry blocked: Max open positions (3) reached
2026-08-04 14:12:20 | INFO     | TradingBot.StrategyRunner | ── Scan cycle | 14:12:20 | mode=paper ──
2026-08-04 14:12:20 | INFO     | TradingBot.StrategyRunner | New entry blocked: Max open positions (3) reached
2026-08-04 14:12:22 | INFO     | TradingBot.StrategyRunner | ── Scan cycle | 14:12:22 | mode=paper ──
2026-08-04 14:12:22 | INFO     | TradingBot.StrategyRunner | New entry blocked: Max open positions (3) reached
2026-08-04 14:12:39 | INFO     | TradingBot.StrategyRunner | ── Scan cycle | 14:12:39 | mode=paper ──
2026-08-04 14:12:39 | INFO     | TradingBot.StrategyRunner | New entry blocked: Max open positions (3) reached
2026-08-04 14:12:45 | INFO     | TradingBot.StrategyRunner | ── Scan cycle | 14:12:45 | mode=paper ──
2026-08-04 14:12:45 | INFO     | TradingBot.StrategyRunner | New entry blocked: Max open positions (3) reached
2026-08-04 14:12:50 | INFO     | TradingBot.StrategyRunner | ── Scan cycle | 14:12:50 | mode=paper ──
2026-08-04 14:12:50 | INFO     | TradingBot.StrategyRunner | New entry blocked: Max open positions (3) reached
2026-08-04 14:12:52 | INFO     | TradingBot.StrategyRunner | ── Scan cycle | 14:12:52 | mode=paper ──
2026-08-04 14:12:52 | INFO     | TradingBot.StrategyRunner | New entry blocked: Max open positions (3) reached
2026-08-04 14:13:09 | INFO     | TradingBot.StrategyRunner | ── Scan cycle | 14:13:09 | mode=paper ──
2026-08-04 14:13:09 | INFO     | TradingBot.StrategyRunner | New entry blocked: Max open positions (3) reached
2026-08-04 14:13:15 | INFO     | TradingBot.StrategyRunner | ── Scan cycle | 14:13:15 | mode=paper ──
2026-08-04 14:13:15 | INFO     | TradingBot.StrategyRunner | New entry blocked: Max open positions (3) reached
2026-08-04 14:13:20 | INFO     | TradingBot.StrategyRunner | ── Scan cycle | 14:13:20 | mode=paper ──
2026-08-04 14:13:20 | INFO     | TradingBot.StrategyRunner | New entry blocked: Max open positions (3) reached
2026-08-04 14:13:22 | INFO     | TradingBot.StrategyRunner | ── Scan cycle | 14:13:22 | mode=paper ──
2026-08-04 14:13:22 | INFO     | TradingBot.StrategyRunner | New entry blocked: Max open positions (3) reached
2026-08-04 14:13:39 | INFO     | TradingBot.StrategyRunner | ── Scan cycle | 14:13:39 | mode=paper ──
2026-08-04 14:13:39 | INFO     | TradingBot.StrategyRunner | New entry blocked: Max open positions (3) reached
2026-08-04 14:13:45 | INFO     | TradingBot.StrategyRunner | ── Scan cycle | 14:13:45 | mode=paper ──
2026-08-04 14:13:45 | INFO     | TradingBot.StrategyRunner | New entry blocked: Max open positions (3) reached
2026-08-04 14:13:50 | INFO     | TradingBot.StrategyRunner | ── Scan cycle | 14:13:50 | mode=paper ──
2026-08-04 14:13:50 | INFO     | TradingBot.StrategyRunner | New entry blocked: Max open positions (3) reached
2026-08-04 14:13:52 | INFO     | TradingBot.StrategyRunner | ── Scan cycle | 14:13:52 | mode=paper ──
2026-08-04 14:13:52 | INFO     | TradingBot.StrategyRunner | New entry blocked: Max open positions (3) reached
2026-08-04 14:14:09 | INFO     | TradingBot.StrategyRunner | ── Scan cycle | 14:14:09 | mode=paper ──
2026-08-04 14:14:09 | INFO     | TradingBot.StrategyRunner | New entry blocked: Max open positions (3) reached
2026-08-04 14:14:15 | INFO     | TradingBot.StrategyRunner | ── Scan cycle | 14:14:15 | mode=paper ──
2026-08-04 14:14:15 | INFO     | TradingBot.StrategyRunner | New entry blocked: Max open positions (3) reached
2026-08-04 14:14:20 | INFO     | TradingBot.StrategyRunner | ── Scan cycle | 14:14:20 | mode=paper ──
2026-08-04 14:14:20 | INFO     | TradingBot.StrategyRunner | New entry blocked: Max open positions (3) reached
2026-08-04 14:14:22 | INFO     | TradingBot.StrategyRunner | ── Scan cycle | 14:14:22 | mode=paper ──
2026-08-04 14:14:22 | INFO     | TradingBot.StrategyRunner | New entry blocked: Max open positions (3) reached
2026-08-04 14:14:39 | INFO     | TradingBot.StrategyRunner | ── Scan cycle | 14:14:39 | mode=paper ──
2026-08-04 14:14:39 | INFO     | TradingBot.StrategyRunner | New entry blocked: Max open positions (3) reached
2026-08-04 14:14:45 | INFO     | TradingBot.StrategyRunner | ── Scan cycle | 14:14:45 | mode=paper ──
2026-08-04 14:14:45 | INFO     | TradingBot.StrategyRunner | New entry blocked: Max open positions (3) reached
2026-08-04 14:14:50 | INFO     | TradingBot.StrategyRunner | ── Scan cycle | 14:14:50 | mode=paper ──
2026-08-04 14:14:50 | INFO     | TradingBot.StrategyRunner | New entry blocked: Max open positions (3) reached
2026-08-04 14:14:52 | INFO     | TradingBot.StrategyRunner | ── Scan cycle | 14:14:52 | mode=paper ──
2026-08-04 14:14:52 | INFO     | TradingBot.StrategyRunner | New entry blocked: Max open positions (3) reached
2026-08-04 14:15:07 | INFO     | TradingBot.StrategyRunner | ── Scan cycle | 14:15:07 | mode=paper ──
2026-08-04 14:15:07 | INFO     | TradingBot.StrategyRunner | New entry blocked: Max open positions (3) reached
2026-08-04 14:15:09 | INFO     | TradingBot.StrategyRunner | ── Scan cycle | 14:15:09 | mode=paper ──
2026-08-04 14:15:09 | INFO     | TradingBot.StrategyRunner | New entry blocked: Max open positions (3) reached
2026-08-04 14:15:15 | INFO     | TradingBot.StrategyRunner | ── Scan cycle | 14:15:15 | mode=paper ──
2026-08-04 14:15:15 | INFO     | TradingBot.StrategyRunner | New entry blocked: Max open positions (3) reached
2026-08-04 14:15:20 | INFO     | TradingBot.StrategyRunner | ── Scan cycle | 14:15:20 | mode=paper ──
2026-08-04 14:15:20 | INFO     | TradingBot.StrategyRunner | New entry blocked: Max open positions (3) reached
2026-08-04 14:15:22 | INFO     | TradingBot.StrategyRunner | ── Scan cycle | 14:15:22 | mode=paper ──
2026-08-04 14:15:22 | INFO     | TradingBot.StrategyRunner | New entry blocked: Max open positions (3) reached
2026-08-04 14:15:39 | INFO     | TradingBot.StrategyRunner | ── Scan cycle | 14:15:39 | mode=paper ──
2026-08-04 14:15:39 | INFO     | TradingBot.StrategyRunner | New entry blocked: Max open positions (3) reached
2026-08-04 14:15:45 | INFO     | TradingBot.StrategyRunner | ── Scan cycle | 14:15:45 | mode=paper ──
2026-08-04 14:15:45 | INFO     | TradingBot.StrategyRunner | New entry blocked: Max open positions (3) reached
2026-08-04 14:15:50 | INFO     | TradingBot.StrategyRunner | ── Scan cycle | 14:15:50 | mode=paper ──
2026-08-04 14:15:50 | INFO     | TradingBot.StrategyRunner | New entry blocked: Max open positions (3) reached
2026-08-04 14:15:52 | INFO     | TradingBot.StrategyRunner | ── Scan cycle | 14:15:52 | mode=paper ──
2026-08-04 14:15:52 | INFO     | TradingBot.StrategyRunner | New entry blocked: Max open positions (3) reached
2026-08-04 14:16:09 | INFO     | TradingBot.StrategyRunner | ── Scan cycle | 14:16:09 | mode=paper ──
2026-08-04 14:16:09 | INFO     | TradingBot.StrategyRunner | New entry blocked: Max open positions (3) reached
2026-08-04 14:16:15 | INFO     | TradingBot.StrategyRunner | ── Scan cycle | 14:16:15 | mode=paper ──
2026-08-04 14:16:15 | INFO     | TradingBot.StrategyRunner | New entry blocked: Max open positions (3) reached
2026-08-04 14:16:20 | INFO     | TradingBot.StrategyRunner | ── Scan cycle | 14:16:20 | mode=paper ──
2026-08-04 14:16:20 | INFO     | TradingBot.StrategyRunner | New entry blocked: Max open positions (3) reached
2026-08-04 14:16:22 | INFO     | TradingBot.StrategyRunner | ── Scan cycle | 14:16:22 | mode=paper ──
2026-08-04 14:16:22 | INFO     | TradingBot.StrategyRunner | New entry blocked: Max open positions (3) reached
2026-08-04 14:16:39 | INFO     | TradingBot.StrategyRunner | ── Scan cycle | 14:16:39 | mode=paper ──
2026-08-04 14:16:39 | INFO     | TradingBot.StrategyRunner | New entry blocked: Max open positions (3) reached
2026-08-04 14:16:45 | INFO     | TradingBot.StrategyRunner | ── Scan cycle | 14:16:45 | mode=paper ──
2026-08-04 14:16:45 | INFO     | TradingBot.StrategyRunner | New entry blocked: Max open positions (3) reached
2026-08-04 14:16:50 | INFO     | TradingBot.StrategyRunner | ── Scan cycle | 14:16:50 | mode=paper ──
2026-08-04 14:16:50 | INFO     | TradingBot.StrategyRunner | New entry blocked: Max open positions (3) reached
2026-08-04 14:16:52 | INFO     | TradingBot.StrategyRunner | ── Scan cycle | 14:16:52 | mode=paper ──
2026-08-04 14:16:52 | INFO     | TradingBot.StrategyRunner | New entry blocked: Max open positions (3) reached
2026-08-04 14:17:07 | INFO     | TradingBot.StrategyRunner | ── Scan cycle | 14:17:07 | mode=paper ──
2026-08-04 14:17:07 | INFO     | TradingBot.StrategyRunner | New entry blocked: Max open positions (3) reached
2026-08-04 14:17:09 | INFO     | TradingBot.StrategyRunner | ── Scan cycle | 14:17:09 | mode=paper ──
2026-08-04 14:17:09 | INFO     | TradingBot.StrategyRunner | New entry blocked: Max open positions (3) reached
2026-08-04 14:17:15 | INFO     | TradingBot.StrategyRunner | ── Scan cycle | 14:17:15 | mode=paper ──
2026-08-04 14:17:15 | INFO     | TradingBot.StrategyRunner | New entry blocked: Max open positions (3) reached
2026-08-04 14:17:20 | INFO     | TradingBot.StrategyRunner | ── Scan cycle | 14:17:20 | mode=paper ──
2026-08-04 14:17:20 | INFO     | TradingBot.StrategyRunner | New entry blocked: Max open positions (3) reached
2026-08-04 14:17:22 | INFO     | TradingBot.StrategyRunner | ── Scan cycle | 14:17:22 | mode=paper ──
2026-08-04 14:17:22 | INFO     | TradingBot.StrategyRunner | New entry blocked: Max open positions (3) reached
2026-08-04 14:17:39 | INFO     | TradingBot.StrategyRunner | ── Scan cycle | 14:17:39 | mode=paper ──
2026-08-04 14:17:39 | INFO     | TradingBot.StrategyRunner | New entry blocked: Max open positions (3) reached
2026-08-04 14:17:45 | INFO     | TradingBot.StrategyRunner | ── Scan cycle | 14:17:45 | mode=paper ──
2026-08-04 14:17:45 | INFO     | TradingBot.StrategyRunner | New entry blocked: Max open positions (3) reached
2026-08-04 14:17:50 | INFO     | TradingBot.StrategyRunner | ── Scan cycle | 14:17:50 | mode=paper ──
2026-08-04 14:17:50 | INFO     | TradingBot.StrategyRunner | New entry blocked: Max open positions (3) reached
2026-08-04 14:17:52 | INFO     | TradingBot.StrategyRunner | ── Scan cycle | 14:17:52 | mode=paper ──
2026-08-04 14:17:52 | INFO     | TradingBot.StrategyRunner | New entry blocked: Max open positions (3) reached
2026-08-04 14:18:09 | INFO     | TradingBot.StrategyRunner | ── Scan cycle | 14:18:09 | mode=paper ──
2026-08-04 14:18:09 | INFO     | TradingBot.StrategyRunner | New entry blocked: Max open positions (3) reached
2026-08-04 14:58:06 | INFO     | TradingBot.StrategyRunner | ── Scan cycle | 14:58:06 | mode=paper ──
2026-08-04 14:58:06 | INFO     | TradingBot.StrategyRunner | New entry blocked: Max open positions (3) reached
2026-08-04 14:58:11 | INFO     | TradingBot.StrategyRunner | ── Scan cycle | 14:58:11 | mode=paper ──
2026-08-04 14:58:11 | INFO     | TradingBot.StrategyRunner | New entry blocked: Max open positions (3) reached
2026-08-04 14:58:13 | INFO     | TradingBot.StrategyRunner | ── Scan cycle | 14:58:13 | mode=paper ──
2026-08-04 14:58:13 | INFO     | TradingBot.StrategyRunner | New entry blocked: Max open positions (3) reached
2026-08-04 14:58:30 | INFO     | TradingBot.StrategyRunner | ── Scan cycle | 14:58:30 | mode=paper ──
2026-08-04 14:58:30 | INFO     | TradingBot.StrategyRunner | New entry blocked: Max open positions (3) reached
2026-08-04 14:58:36 | INFO     | TradingBot.StrategyRunner | ── Scan cycle | 14:58:36 | mode=paper ──
2026-08-04 14:58:36 | INFO     | TradingBot.StrategyRunner | New entry blocked: Max open positions (3) reached
2026-08-04 14:58:41 | INFO     | TradingBot.StrategyRunner | ── Scan cycle | 14:58:41 | mode=paper ──
2026-08-04 14:58:41 | INFO     | TradingBot.StrategyRunner | New entry blocked: Max open positions (3) reached
2026-08-04 14:58:43 | INFO     | TradingBot.StrategyRunner | ── Scan cycle | 14:58:43 | mode=paper ──
2026-08-04 14:58:43 | INFO     | TradingBot.StrategyRunner | New entry blocked: Max open positions (3) reached
2026-08-04 14:59:00 | INFO     | TradingBot.StrategyRunner | ── Scan cycle | 14:59:00 | mode=paper ──
2026-08-04 14:59:00 | INFO     | TradingBot.StrategyRunner | New entry blocked: Max open positions (3) reached
2026-08-04 14:59:06 | INFO     | TradingBot.StrategyRunner | ── Scan cycle | 14:59:06 | mode=paper ──
2026-08-04 14:59:06 | INFO     | TradingBot.StrategyRunner | New entry blocked: Max open positions (3) reached
2026-08-04 14:59:11 | INFO     | TradingBot.StrategyRunner | ── Scan cycle | 14:59:11 | mode=paper ──
2026-08-04 14:59:11 | INFO     | TradingBot.StrategyRunner | New entry blocked: Max open positions (3) reached
2026-08-04 14:59:13 | INFO     | TradingBot.StrategyRunner | ── Scan cycle | 14:59:13 | mode=paper ──
2026-08-04 14:59:13 | INFO     | TradingBot.StrategyRunner | New entry blocked: Max open positions (3) reached
2026-08-04 14:59:30 | INFO     | TradingBot.StrategyRunner | ── Scan cycle | 14:59:30 | mode=paper ──
2026-08-04 14:59:30 | INFO     | TradingBot.StrategyRunner | New entry blocked: Max open positions (3) reached
2026-08-04 14:59:36 | INFO     | TradingBot.StrategyRunner | ── Scan cycle | 14:59:36 | mode=paper ──
2026-08-04 14:59:36 | INFO     | TradingBot.StrategyRunner | New entry blocked: Max open positions (3) reached
2026-08-04 14:59:41 | INFO     | TradingBot.StrategyRunner | ── Scan cycle | 14:59:41 | mode=paper ──
2026-08-04 14:59:41 | INFO     | TradingBot.StrategyRunner | New entry blocked: Max open positions (3) reached
2026-08-04 14:59:43 | INFO     | TradingBot.StrategyRunner | ── Scan cycle | 14:59:43 | mode=paper ──
2026-08-04 14:59:43 | INFO     | TradingBot.StrategyRunner | New entry blocked: Max open positions (3) reached
2026-08-04 14:59:58 | INFO     | TradingBot.StrategyRunner | ── Scan cycle | 14:59:58 | mode=paper ──
2026-08-04 14:59:58 | INFO     | TradingBot.StrategyRunner | New entry blocked: Max open positions (3) reached
2026-08-04 15:00:00 | INFO     | TradingBot.StrategyRunner | ── Scan cycle | 15:00:00 | mode=paper ──
2026-08-04 15:00:00 | INFO     | TradingBot.StrategyRunner | New entry blocked: Max open positions (3) reached
2026-08-04 15:00:06 | INFO     | TradingBot.StrategyRunner | ── Scan cycle | 15:00:06 | mode=paper ──
2026-08-04 15:00:06 | INFO     | TradingBot.StrategyRunner | New entry blocked: Max open positions (3) reached
2026-08-04 15:00:11 | INFO     | TradingBot.StrategyRunner | ── Scan cycle | 15:00:11 | mode=paper ──
2026-08-04 15:00:11 | INFO     | TradingBot.StrategyRunner | New entry blocked: Max open positions (3) reached
2026-08-04 15:00:13 | INFO     | TradingBot.StrategyRunner | ── Scan cycle | 15:00:13 | mode=paper ──
2026-08-04 15:00:13 | INFO     | TradingBot.StrategyRunner | New entry blocked: Max open positions (3) reached
2026-08-04 15:00:30 | INFO     | TradingBot.StrategyRunner | ── Scan cycle | 15:00:30 | mode=paper ──
2026-08-04 15:00:30 | INFO     | TradingBot.StrategyRunner | New entry blocked: Max open positions (3) reached
2026-08-04 15:00:36 | INFO     | TradingBot.StrategyRunner | ── Scan cycle | 15:00:36 | mode=paper ──
2026-08-04 15:00:36 | INFO     | TradingBot.StrategyRunner | New entry blocked: Max open positions (3) reached
2026-08-04 15:00:41 | INFO     | TradingBot.StrategyRunner | ── Scan cycle | 15:00:41 | mode=paper ──
2026-08-04 15:00:41 | INFO     | TradingBot.StrategyRunner | New entry blocked: Max open positions (3) reached
2026-08-04 15:00:43 | INFO     | TradingBot.StrategyRunner | ── Scan cycle | 15:00:43 | mode=paper ──
2026-08-04 15:00:43 | INFO     | TradingBot.StrategyRunner | New entry blocked: Max open positions (3) reached
2026-08-04 15:01:00 | INFO     | TradingBot.StrategyRunner | ── Scan cycle | 15:01:00 | mode=paper ──
2026-08-04 15:01:00 | INFO     | TradingBot.StrategyRunner | New entry blocked: Max open positions (3) reached
2026-08-04 15:01:06 | INFO     | TradingBot.StrategyRunner | ── Scan cycle | 15:01:06 | mode=paper ──
2026-08-04 15:01:06 | INFO     | TradingBot.StrategyRunner | New entry blocked: Max open positions (3) reached
2026-08-04 15:01:11 | INFO     | TradingBot.StrategyRunner | ── Scan cycle | 15:01:11 | mode=paper ──
2026-08-04 15:01:11 | INFO     | TradingBot.StrategyRunner | New entry blocked: Max open positions (3) reached
2026-08-04 15:01:13 | INFO     | TradingBot.StrategyRunner | ── Scan cycle | 15:01:13 | mode=paper ──
2026-08-04 15:01:13 | INFO     | TradingBot.StrategyRunner | New entry blocked: Max open positions (3) reached
2026-08-04 15:01:30 | INFO     | TradingBot.StrategyRunner | ── Scan cycle | 15:01:30 | mode=paper ──
2026-08-04 15:01:30 | INFO     | TradingBot.StrategyRunner | New entry blocked: Max open positions (3) reached
2026-08-04 15:01:36 | INFO     | TradingBot.StrategyRunner | ── Scan cycle | 15:01:36 | mode=paper ──
2026-08-04 15:01:36 | INFO     | TradingBot.StrategyRunner | New entry blocked: Max open positions (3) reached
2026-08-04 15:01:41 | INFO     | TradingBot.StrategyRunner | ── Scan cycle | 15:01:41 | mode=paper ──
2026-08-04 15:01:41 | INFO     | TradingBot.StrategyRunner | New entry blocked: Max open positions (3) reached
2026-08-04 15:01:43 | INFO     | TradingBot.StrategyRunner | ── Scan cycle | 15:01:43 | mode=paper ──
2026-08-04 15:01:43 | INFO     | TradingBot.StrategyRunner | New entry blocked: Max open positions (3) reached
2026-08-04 15:01:59 | INFO     | TradingBot.StrategyRunner | ── Scan cycle | 15:01:59 | mode=paper ──
2026-08-04 15:01:59 | INFO     | TradingBot.StrategyRunner | New entry blocked: Max open positions (3) reached
2026-08-04 15:02:00 | INFO     | TradingBot.StrategyRunner | ── Scan cycle | 15:02:00 | mode=paper ──
2026-08-04 15:02:00 | INFO     | TradingBot.StrategyRunner | New entry blocked: Max open positions (3) reached
2026-08-04 15:02:06 | INFO     | TradingBot.StrategyRunner | ── Scan cycle | 15:02:06 | mode=paper ──
2026-08-04 15:02:06 | INFO     | TradingBot.StrategyRunner | New entry blocked: Max open positions (3) reached
2026-08-04 15:02:11 | INFO     | TradingBot.StrategyRunner | ── Scan cycle | 15:02:11 | mode=paper ──
2026-08-04 15:02:11 | INFO     | TradingBot.StrategyRunner | New entry blocked: Max open positions (3) reached
2026-08-04 15:02:13 | INFO     | TradingBot.StrategyRunner | ── Scan cycle | 15:02:13 | mode=paper ──
2026-08-04 15:02:13 | INFO     | TradingBot.StrategyRunner | New entry blocked: Max open positions (3) reached
2026-08-04 15:02:30 | INFO     | TradingBot.StrategyRunner | ── Scan cycle | 15:02:30 | mode=paper ──
2026-08-04 15:02:30 | INFO     | TradingBot.StrategyRunner | New entry blocked: Max open positions (3) reached
2026-08-04 15:02:36 | INFO     | TradingBot.StrategyRunner | ── Scan cycle | 15:02:36 | mode=paper ──
2026-08-04 15:02:36 | INFO     | TradingBot.StrategyRunner | New entry blocked: Max open positions (3) reached
2026-08-04 15:02:41 | INFO     | TradingBot.StrategyRunner | ── Scan cycle | 15:02:41 | mode=paper ──
2026-08-04 15:02:41 | INFO     | TradingBot.StrategyRunner | New entry blocked: Max open positions (3) reached
2026-08-04 15:02:43 | INFO     | TradingBot.StrategyRunner | ── Scan cycle | 15:02:43 | mode=paper ──
2026-08-04 15:02:43 | INFO     | TradingBot.StrategyRunner | New entry blocked: Max open positions (3) reached
2026-08-04 15:03:00 | INFO     | TradingBot.StrategyRunner | ── Scan cycle | 15:03:00 | mode=paper ──
2026-08-04 15:03:00 | INFO     | TradingBot.StrategyRunner | New entry blocked: Max open positions (3) reached
2026-08-04 15:03:06 | INFO     | TradingBot.StrategyRunner | ── Scan cycle | 15:03:06 | mode=paper ──
2026-08-04 15:03:06 | INFO     | TradingBot.StrategyRunner | New entry blocked: Max open positions (3) reached
2026-08-04 15:03:11 | INFO     | TradingBot.StrategyRunner | ── Scan cycle | 15:03:11 | mode=paper ──
2026-08-04 15:03:11 | INFO     | TradingBot.StrategyRunner | New entry blocked: Max open positions (3) reached
2026-08-04 15:03:13 | INFO     | TradingBot.StrategyRunner | ── Scan cycle | 15:03:13 | mode=paper ──
2026-08-04 15:03:13 | INFO     | TradingBot.StrategyRunner | New entry blocked: Max open positions (3) reached
2026-08-04 15:03:30 | INFO     | TradingBot.StrategyRunner | ── Scan cycle | 15:03:30 | mode=paper ──
2026-08-04 15:03:30 | INFO     | TradingBot.StrategyRunner | New entry blocked: Max open positions (3) reached
2026-08-04 15:03:36 | INFO     | TradingBot.StrategyRunner | ── Scan cycle | 15:03:36 | mode=paper ──
2026-08-04 15:03:36 | INFO     | TradingBot.StrategyRunner | New entry blocked: Max open positions (3) reached
2026-08-04 15:03:41 | INFO     | TradingBot.StrategyRunner | ── Scan cycle | 15:03:41 | mode=paper ──
2026-08-04 15:03:41 | INFO     | TradingBot.StrategyRunner | New entry blocked: Max open positions (3) reached
2026-08-04 15:03:43 | INFO     | TradingBot.StrategyRunner | ── Scan cycle | 15:03:43 | mode=paper ──
2026-08-04 15:03:43 | INFO     | TradingBot.StrategyRunner | New entry blocked: Max open positions (3) reached
2026-08-04 15:04:00 | INFO     | TradingBot.StrategyRunner | ── Scan cycle | 15:04:00 | mode=paper ──
2026-08-04 15:04:00 | INFO     | TradingBot.StrategyRunner | New entry blocked: Max open positions (3) reached
2026-08-04 15:04:06 | INFO     | TradingBot.StrategyRunner | ── Scan cycle | 15:04:06 | mode=paper ──
2026-08-04 15:04:06 | INFO     | TradingBot.StrategyRunner | New entry blocked: Max open positions (3) reached
2026-08-04 15:04:12 | INFO     | TradingBot.StrategyRunner | ── Scan cycle | 15:04:12 | mode=paper ──
2026-08-04 15:04:12 | INFO     | TradingBot.StrategyRunner | New entry blocked: Max open positions (3) reached
2026-08-04 15:04:13 | INFO     | TradingBot.StrategyRunner | ── Scan cycle | 15:04:13 | mode=paper ──
2026-08-04 15:04:13 | INFO     | TradingBot.StrategyRunner | New entry blocked: Max open positions (3) reached
2026-08-04 15:04:31 | INFO     | TradingBot.StrategyRunner | ── Scan cycle | 15:04:31 | mode=paper ──
2026-08-04 15:04:31 | INFO     | TradingBot.StrategyRunner | New entry blocked: Max open positions (3) reached
2026-08-04 15:04:36 | INFO     | TradingBot.StrategyRunner | ── Scan cycle | 15:04:36 | mode=paper ──
2026-08-04 15:04:36 | INFO     | TradingBot.StrategyRunner | New entry blocked: Max open positions (3) reached
2026-08-04 15:04:42 | INFO     | TradingBot.StrategyRunner | ── Scan cycle | 15:04:42 | mode=paper ──
2026-08-04 15:04:42 | INFO     | TradingBot.StrategyRunner | New entry blocked: Max open positions (3) reached
2026-08-04 15:04:43 | INFO     | TradingBot.StrategyRunner | ── Scan cycle | 15:04:43 | mode=paper ──
2026-08-04 15:04:43 | INFO     | TradingBot.StrategyRunner | New entry blocked: Max open positions (3) reached
2026-08-04 15:04:58 | INFO     | TradingBot.StrategyRunner | ── Scan cycle | 15:04:58 | mode=paper ──
2026-08-04 15:04:58 | INFO     | TradingBot.StrategyRunner | New entry blocked: Max open positions (3) reached
2026-08-04 15:05:01 | INFO     | TradingBot.StrategyRunner | ── Scan cycle | 15:05:01 | mode=paper ──
2026-08-04 15:05:01 | INFO     | TradingBot.StrategyRunner | New entry blocked: Max open positions (3) reached
2026-08-04 15:05:06 | INFO     | TradingBot.StrategyRunner | ── Scan cycle | 15:05:06 | mode=paper ──
2026-08-04 15:05:06 | INFO     | TradingBot.StrategyRunner | New entry blocked: Max open positions (3) reached
2026-08-04 15:05:12 | INFO     | TradingBot.StrategyRunner | ── Scan cycle | 15:05:12 | mode=paper ──
2026-08-04 15:05:12 | INFO     | TradingBot.StrategyRunner | New entry blocked: Max open positions (3) reached
2026-08-04 15:05:13 | INFO     | TradingBot.StrategyRunner | ── Scan cycle | 15:05:13 | mode=paper ──
2026-08-04 15:05:13 | INFO     | TradingBot.StrategyRunner | New entry blocked: Max open positions (3) reached
2026-08-04 15:05:31 | INFO     | TradingBot.StrategyRunner | ── Scan cycle | 15:05:31 | mode=paper ──
2026-08-04 15:05:31 | INFO     | TradingBot.StrategyRunner | New entry blocked: Max open positions (3) reached
2026-08-04 15:05:36 | INFO     | TradingBot.StrategyRunner | ── Scan cycle | 15:05:36 | mode=paper ──
2026-08-04 15:05:36 | INFO     | TradingBot.StrategyRunner | New entry blocked: Max open positions (3) reached
2026-08-04 15:05:42 | INFO     | TradingBot.StrategyRunner | ── Scan cycle | 15:05:42 | mode=paper ──
2026-08-04 15:05:42 | INFO     | TradingBot.StrategyRunner | New entry blocked: Max open positions (3) reached
2026-08-04 15:05:43 | INFO     | TradingBot.StrategyRunner | ── Scan cycle | 15:05:43 | mode=paper ──
2026-08-04 15:05:43 | INFO     | TradingBot.StrategyRunner | New entry blocked: Max open positions (3) reached
2026-08-04 15:06:01 | INFO     | TradingBot.StrategyRunner | ── Scan cycle | 15:06:01 | mode=paper ──
2026-08-04 15:06:01 | INFO     | TradingBot.StrategyRunner | New entry blocked: Max open positions (3) reached
2026-08-04 15:06:06 | INFO     | TradingBot.StrategyRunner | ── Scan cycle | 15:06:06 | mode=paper ──
2026-08-04 15:06:06 | INFO     | TradingBot.StrategyRunner | New entry blocked: Max open positions (3) reached
2026-08-04 15:06:12 | INFO     | TradingBot.StrategyRunner | ── Scan cycle | 15:06:12 | mode=paper ──
2026-08-04 15:06:12 | INFO     | TradingBot.StrategyRunner | New entry blocked: Max open positions (3) reached
2026-08-04 15:06:13 | INFO     | TradingBot.StrategyRunner | ── Scan cycle | 15:06:13 | mode=paper ──
2026-08-04 15:06:13 | INFO     | TradingBot.StrategyRunner | New entry blocked: Max open positions (3) reached
2026-08-04 15:06:31 | INFO     | TradingBot.StrategyRunner | ── Scan cycle | 15:06:31 | mode=paper ──
2026-08-04 15:06:31 | INFO     | TradingBot.StrategyRunner | New entry blocked: Max open positions (3) reached
2026-08-04 15:06:36 | INFO     | TradingBot.StrategyRunner | ── Scan cycle | 15:06:36 | mode=paper ──
2026-08-04 15:06:36 | INFO     | TradingBot.StrategyRunner | New entry blocked: Max open positions (3) reached
2026-08-04 15:06:42 | INFO     | TradingBot.StrategyRunner | ── Scan cycle | 15:06:42 | mode=paper ──
2026-08-04 15:06:42 | INFO     | TradingBot.StrategyRunner | New entry blocked: Max open positions (3) reached
2026-08-04 15:06:43 | INFO     | TradingBot.StrategyRunner | ── Scan cycle | 15:06:43 | mode=paper ──
2026-08-04 15:06:43 | INFO     | TradingBot.StrategyRunner | New entry blocked: Max open positions (3) reached
2026-08-04 15:06:59 | INFO     | TradingBot.StrategyRunner | ── Scan cycle | 15:06:59 | mode=paper ──
2026-08-04 15:06:59 | INFO     | TradingBot.StrategyRunner | New entry blocked: Max open positions (3) reached
2026-08-04 15:07:01 | INFO     | TradingBot.StrategyRunner | ── Scan cycle | 15:07:01 | mode=paper ──
2026-08-04 15:07:01 | INFO     | TradingBot.StrategyRunner | New entry blocked: Max open positions (3) reached
2026-08-04 15:07:06 | INFO     | TradingBot.StrategyRunner | ── Scan cycle | 15:07:06 | mode=paper ──
2026-08-04 15:07:06 | INFO     | TradingBot.StrategyRunner | New entry blocked: Max open positions (3) reached
2026-08-04 15:07:12 | INFO     | TradingBot.StrategyRunner | ── Scan cycle | 15:07:12 | mode=paper ──
2026-08-04 15:07:12 | INFO     | TradingBot.StrategyRunner | New entry blocked: Max open positions (3) reached
2026-08-04 15:07:13 | INFO     | TradingBot.StrategyRunner | ── Scan cycle | 15:07:13 | mode=paper ──
2026-08-04 15:07:13 | INFO     | TradingBot.StrategyRunner | New entry blocked: Max open positions (3) reached
2026-08-04 15:07:31 | INFO     | TradingBot.StrategyRunner | ── Scan cycle | 15:07:31 | mode=paper ──
2026-08-04 15:07:31 | INFO     | TradingBot.StrategyRunner | New entry blocked: Max open positions (3) reached
2026-08-04 15:07:36 | INFO     | TradingBot.StrategyRunner | ── Scan cycle | 15:07:36 | mode=paper ──
2026-08-04 15:07:36 | INFO     | TradingBot.StrategyRunner | New entry blocked: Max open positions (3) reached
2026-08-04 15:07:42 | INFO     | TradingBot.StrategyRunner | ── Scan cycle | 15:07:42 | mode=paper ──
2026-08-04 15:07:42 | INFO     | TradingBot.StrategyRunner | New entry blocked: Max open positions (3) reached
2026-08-04 15:07:43 | INFO     | TradingBot.StrategyRunner | ── Scan cycle | 15:07:43 | mode=paper ──
2026-08-04 15:07:43 | INFO     | TradingBot.StrategyRunner | New entry blocked: Max open positions (3) reached
2026-08-04 15:08:01 | INFO     | TradingBot.StrategyRunner | ── Scan cycle | 15:08:01 | mode=paper ──
2026-08-04 15:08:01 | INFO     | TradingBot.StrategyRunner | New entry blocked: Max open positions (3) reached
2026-08-04 15:08:06 | INFO     | TradingBot.StrategyRunner | ── Scan cycle | 15:08:06 | mode=paper ──
2026-08-04 15:08:06 | INFO     | TradingBot.StrategyRunner | New entry blocked: Max open positions (3) reached
2026-08-04 15:08:12 | INFO     | TradingBot.StrategyRunner | ── Scan cycle | 15:08:12 | mode=paper ──
2026-08-04 15:08:12 | INFO     | TradingBot.StrategyRunner | New entry blocked: Max open positions (3) reached
2026-08-04 15:08:13 | INFO     | TradingBot.StrategyRunner | ── Scan cycle | 15:08:13 | mode=paper ──
2026-08-04 15:08:13 | INFO     | TradingBot.StrategyRunner | New entry blocked: Max open positions (3) reached
2026-08-04 15:08:31 | INFO     | TradingBot.StrategyRunner | ── Scan cycle | 15:08:31 | mode=paper ──
2026-08-04 15:08:31 | INFO     | TradingBot.StrategyRunner | New entry blocked: Max open positions (3) reached
2026-08-04 15:08:36 | INFO     | TradingBot.StrategyRunner | ── Scan cycle | 15:08:36 | mode=paper ──
2026-08-04 15:08:36 | INFO     | TradingBot.StrategyRunner | New entry blocked: Max open positions (3) reached
2026-08-04 15:08:42 | INFO     | TradingBot.StrategyRunner | ── Scan cycle | 15:08:42 | mode=paper ──
2026-08-04 15:08:42 | INFO     | TradingBot.StrategyRunner | New entry blocked: Max open positions (3) reached
2026-08-04 15:08:43 | INFO     | TradingBot.StrategyRunner | ── Scan cycle | 15:08:43 | mode=paper ──
2026-08-04 15:08:43 | INFO     | TradingBot.StrategyRunner | New entry blocked: Max open positions (3) reached
2026-08-04 15:09:01 | INFO     | TradingBot.StrategyRunner | ── Scan cycle | 15:09:01 | mode=paper ──
2026-08-04 15:09:01 | INFO     | TradingBot.StrategyRunner | New entry blocked: Max open positions (3) reached
2026-08-04 15:09:06 | INFO     | TradingBot.StrategyRunner | ── Scan cycle | 15:09:06 | mode=paper ──
2026-08-04 15:09:06 | INFO     | TradingBot.StrategyRunner | New entry blocked: Max open positions (3) reached
2026-08-04 15:09:12 | INFO     | TradingBot.StrategyRunner | ── Scan cycle | 15:09:12 | mode=paper ──
2026-08-04 15:09:12 | INFO     | TradingBot.StrategyRunner | New entry blocked: Max open positions (3) reached
2026-08-04 15:09:13 | INFO     | TradingBot.StrategyRunner | ── Scan cycle | 15:09:13 | mode=paper ──
2026-08-04 15:09:13 | INFO     | TradingBot.StrategyRunner | New entry blocked: Max open positions (3) reached
2026-08-04 15:09:31 | INFO     | TradingBot.StrategyRunner | ── Scan cycle | 15:09:31 | mode=paper ──
2026-08-04 15:09:31 | INFO     | TradingBot.StrategyRunner | New entry blocked: Max open positions (3) reached
2026-08-04 15:09:36 | INFO     | TradingBot.StrategyRunner | ── Scan cycle | 15:09:36 | mode=paper ──
2026-08-04 15:09:36 | INFO     | TradingBot.StrategyRunner | New entry blocked: Max open positions (3) reached
2026-08-04 15:09:42 | INFO     | TradingBot.StrategyRunner | ── Scan cycle | 15:09:42 | mode=paper ──
2026-08-04 15:09:42 | INFO     | TradingBot.StrategyRunner | New entry blocked: Max open positions (3) reached
2026-08-04 15:09:43 | INFO     | TradingBot.StrategyRunner | ── Scan cycle | 15:09:43 | mode=paper ──
2026-08-04 15:09:43 | INFO     | TradingBot.StrategyRunner | New entry blocked: Max open positions (3) reached
2026-08-04 15:09:58 | INFO     | TradingBot.StrategyRunner | ── Scan cycle | 15:09:58 | mode=paper ──
2026-08-04 15:09:58 | INFO     | TradingBot.StrategyRunner | New entry blocked: Max open positions (3) reached
2026-08-04 15:10:01 | INFO     | TradingBot.StrategyRunner | ── Scan cycle | 15:10:01 | mode=paper ──
2026-08-04 15:10:01 | INFO     | TradingBot.StrategyRunner | New entry blocked: Max open positions (3) reached
2026-08-04 15:10:06 | INFO     | TradingBot.StrategyRunner | ── Scan cycle | 15:10:06 | mode=paper ──
2026-08-04 15:10:06 | INFO     | TradingBot.StrategyRunner | New entry blocked: Max open positions (3) reached
2026-08-04 15:10:12 | INFO     | TradingBot.StrategyRunner | ── Scan cycle | 15:10:12 | mode=paper ──
2026-08-04 15:10:12 | INFO     | TradingBot.StrategyRunner | New entry blocked: Max open positions (3) reached
2026-08-04 15:10:13 | INFO     | TradingBot.StrategyRunner | ── Scan cycle | 15:10:13 | mode=paper ──
2026-08-04 15:10:13 | INFO     | TradingBot.StrategyRunner | New entry blocked: Max open positions (3) reached
2026-08-04 15:10:31 | INFO     | TradingBot.StrategyRunner | ── Scan cycle | 15:10:31 | mode=paper ──
2026-08-04 15:10:31 | INFO     | TradingBot.StrategyRunner | New entry blocked: Max open positions (3) reached
2026-08-04 15:10:36 | INFO     | TradingBot.StrategyRunner | ── Scan cycle | 15:10:36 | mode=paper ──
2026-08-04 15:10:36 | INFO     | TradingBot.StrategyRunner | New entry blocked: Max open positions (3) reached
2026-08-04 15:10:42 | INFO     | TradingBot.StrategyRunner | ── Scan cycle | 15:10:42 | mode=paper ──
2026-08-04 15:10:42 | INFO     | TradingBot.StrategyRunner | New entry blocked: Max open positions (3) reached
2026-08-04 15:10:43 | INFO     | TradingBot.StrategyRunner | ── Scan cycle | 15:10:43 | mode=paper ──
2026-08-04 15:10:43 | INFO     | TradingBot.StrategyRunner | New entry blocked: Max open positions (3) reached
2026-08-04 15:11:01 | INFO     | TradingBot.StrategyRunner | ── Scan cycle | 15:11:01 | mode=paper ──
2026-08-04 15:11:01 | INFO     | TradingBot.StrategyRunner | New entry blocked: Max open positions (3) reached
2026-08-04 15:11:06 | INFO     | TradingBot.StrategyRunner | ── Scan cycle | 15:11:06 | mode=paper ──
2026-08-04 15:11:06 | INFO     | TradingBot.StrategyRunner | New entry blocked: Max open positions (3) reached
2026-08-04 15:11:12 | INFO     | TradingBot.StrategyRunner | ── Scan cycle | 15:11:12 | mode=paper ──
2026-08-04 15:11:12 | INFO     | TradingBot.StrategyRunner | New entry blocked: Max open positions (3) reached
2026-08-04 15:11:13 | INFO     | TradingBot.StrategyRunner | ── Scan cycle | 15:11:13 | mode=paper ──
2026-08-04 15:11:13 | INFO     | TradingBot.StrategyRunner | New entry blocked: Max open positions (3) reached
2026-08-04 15:11:31 | INFO     | TradingBot.StrategyRunner | ── Scan cycle | 15:11:31 | mode=paper ──
2026-08-04 15:11:31 | INFO     | TradingBot.StrategyRunner | New entry blocked: Max open positions (3) reached
2026-08-04 15:11:36 | INFO     | TradingBot.StrategyRunner | ── Scan cycle | 15:11:36 | mode=paper ──
2026-08-04 15:11:36 | INFO     | TradingBot.StrategyRunner | New entry blocked: Max open positions (3) reached
2026-08-04 15:11:42 | INFO     | TradingBot.StrategyRunner | ── Scan cycle | 15:11:42 | mode=paper ──
2026-08-04 15:11:42 | INFO     | TradingBot.StrategyRunner | New entry blocked: Max open positions (3) reached
2026-08-04 15:11:43 | INFO     | TradingBot.StrategyRunner | ── Scan cycle | 15:11:43 | mode=paper ──
2026-08-04 15:11:43 | INFO     | TradingBot.StrategyRunner | New entry blocked: Max open positions (3) reached
2026-08-04 15:11:59 | INFO     | TradingBot.StrategyRunner | ── Scan cycle | 15:11:59 | mode=paper ──
2026-08-04 15:11:59 | INFO     | TradingBot.StrategyRunner | New entry blocked: Max open positions (3) reached
2026-08-04 15:12:01 | INFO     | TradingBot.StrategyRunner | ── Scan cycle | 15:12:01 | mode=paper ──
2026-08-04 15:12:01 | INFO     | TradingBot.StrategyRunner | New entry blocked: Max open positions (3) reached
2026-08-04 15:12:06 | INFO     | TradingBot.StrategyRunner | ── Scan cycle | 15:12:06 | mode=paper ──
2026-08-04 15:12:06 | INFO     | TradingBot.StrategyRunner | New entry blocked: Max open positions (3) reached
2026-08-04 15:12:12 | INFO     | TradingBot.StrategyRunner | ── Scan cycle | 15:12:12 | mode=paper ──
2026-08-04 15:12:12 | INFO     | TradingBot.StrategyRunner | New entry blocked: Max open positions (3) reached
2026-08-04 15:12:13 | INFO     | TradingBot.StrategyRunner | ── Scan cycle | 15:12:13 | mode=paper ──
2026-08-04 15:12:13 | INFO     | TradingBot.StrategyRunner | New entry blocked: Max open positions (3) reached
2026-08-04 15:12:31 | INFO     | TradingBot.StrategyRunner | ── Scan cycle | 15:12:31 | mode=paper ──
2026-08-04 15:12:31 | INFO     | TradingBot.StrategyRunner | New entry blocked: Max open positions (3) reached
2026-08-04 15:12:36 | INFO     | TradingBot.StrategyRunner | ── Scan cycle | 15:12:36 | mode=paper ──
2026-08-04 15:12:36 | INFO     | TradingBot.StrategyRunner | New entry blocked: Max open positions (3) reached
2026-08-04 15:12:42 | INFO     | TradingBot.StrategyRunner | ── Scan cycle | 15:12:42 | mode=paper ──
2026-08-04 15:12:42 | INFO     | TradingBot.StrategyRunner | New entry blocked: Max open positions (3) reached
2026-08-04 15:12:43 | INFO     | TradingBot.StrategyRunner | ── Scan cycle | 15:12:43 | mode=paper ──
2026-08-04 15:12:43 | INFO     | TradingBot.StrategyRunner | New entry blocked: Max open positions (3) reached
2026-08-04 15:13:01 | INFO     | TradingBot.StrategyRunner | ── Scan cycle | 15:13:01 | mode=paper ──
2026-08-04 15:13:01 | INFO     | TradingBot.StrategyRunner | New entry blocked: Max open positions (3) reached
2026-08-04 15:13:06 | INFO     | TradingBot.StrategyRunner | ── Scan cycle | 15:13:06 | mode=paper ──
2026-08-04 15:13:06 | INFO     | TradingBot.StrategyRunner | New entry blocked: Max open positions (3) reached
2026-08-04 15:13:12 | INFO     | TradingBot.StrategyRunner | ── Scan cycle | 15:13:12 | mode=paper ──
2026-08-04 15:13:12 | INFO     | TradingBot.StrategyRunner | New entry blocked: Max open positions (3) reached
2026-08-04 15:13:13 | INFO     | TradingBot.StrategyRunner | ── Scan cycle | 15:13:13 | mode=paper ──
2026-08-04 15:13:13 | INFO     | TradingBot.StrategyRunner | New entry blocked: Max open positions (3) reached
2026-08-04 15:13:31 | INFO     | TradingBot.StrategyRunner | ── Scan cycle | 15:13:31 | mode=paper ──
2026-08-04 15:13:31 | INFO     | TradingBot.StrategyRunner | New entry blocked: Max open positions (3) reached
2026-08-04 15:13:36 | INFO     | TradingBot.StrategyRunner | ── Scan cycle | 15:13:36 | mode=paper ──
2026-08-04 15:13:36 | INFO     | TradingBot.StrategyRunner | New entry blocked: Max open positions (3) reached
2026-08-04 15:13:42 | INFO     | TradingBot.StrategyRunner | ── Scan cycle | 15:13:42 | mode=paper ──
2026-08-04 15:13:42 | INFO     | TradingBot.StrategyRunner | New entry blocked: Max open positions (3) reached
2026-08-04 15:13:43 | INFO     | TradingBot.StrategyRunner | ── Scan cycle | 15:13:43 | mode=paper ──
2026-08-04 15:13:43 | INFO     | TradingBot.StrategyRunner | New entry blocked: Max open positions (3) reached
2026-08-04 15:14:01 | INFO     | TradingBot.StrategyRunner | ── Scan cycle | 15:14:01 | mode=paper ──
2026-08-04 15:14:01 | INFO     | TradingBot.StrategyRunner | New entry blocked: Max open positions (3) reached
2026-08-04 15:14:06 | INFO     | TradingBot.StrategyRunner | ── Scan cycle | 15:14:06 | mode=paper ──
2026-08-04 15:14:06 | INFO     | TradingBot.StrategyRunner | New entry blocked: Max open positions (3) reached
2026-08-04 15:14:12 | INFO     | TradingBot.StrategyRunner | ── Scan cycle | 15:14:12 | mode=paper ──
2026-08-04 15:14:12 | INFO     | TradingBot.StrategyRunner | New entry blocked: Max open positions (3) reached
2026-08-04 15:14:13 | INFO     | TradingBot.StrategyRunner | ── Scan cycle | 15:14:13 | mode=paper ──
2026-08-04 15:14:13 | INFO     | TradingBot.StrategyRunner | New entry blocked: Max open positions (3) reached
2026-08-04 15:14:31 | INFO     | TradingBot.StrategyRunner | ── Scan cycle | 15:14:31 | mode=paper ──
2026-08-04 15:14:31 | INFO     | TradingBot.StrategyRunner | New entry blocked: Max open positions (3) reached
2026-08-04 15:14:36 | INFO     | TradingBot.StrategyRunner | ── Scan cycle | 15:14:36 | mode=paper ──
2026-08-04 15:14:36 | INFO     | TradingBot.StrategyRunner | New entry blocked: Max open positions (3) reached
2026-08-04 15:14:42 | INFO     | TradingBot.StrategyRunner | ── Scan cycle | 15:14:42 | mode=paper ──
2026-08-04 15:14:42 | INFO     | TradingBot.StrategyRunner | New entry blocked: Max open positions (3) reached
2026-08-04 15:14:43 | INFO     | TradingBot.StrategyRunner | ── Scan cycle | 15:14:43 | mode=paper ──
2026-08-04 15:14:43 | INFO     | TradingBot.StrategyRunner | New entry blocked: Max open positions (3) reached
2026-08-04 15:14:58 | INFO     | TradingBot.StrategyRunner | ── Scan cycle | 15:14:58 | mode=paper ──
2026-08-04 15:14:58 | INFO     | TradingBot.StrategyRunner | New entry blocked: Max open positions (3) reached
2026-08-04 15:15:01 | INFO     | TradingBot.StrategyRunner | ── Scan cycle | 15:15:01 | mode=paper ──
2026-08-04 15:15:01 | INFO     | TradingBot.StrategyRunner | ⏰ Square-off time reached. Closing all positions.
2026-08-04 15:15:01 | INFO     | TradingBot.OrderManager | 🔔 Square-off initiated for 3 positions
2026-08-04 15:15:01 | INFO     | TradingBot.KiteClient | [PAPER] MARKET ORDER → SELL AXISBANK x17 on NSE
2026-08-04 15:15:01 | INFO     | TradingBot.KiteClient | Paper order placed. id=PAPER_AXISBANK_1785836701
2026-08-04 15:15:01 | INFO     | TradingBot.TradeJournal | EXIT logged | id=1 | exit=1145.09 | P&L=0.00 | SQUARED_OFF
2026-08-04 15:15:01 | INFO     | TradingBot.OrderManager | ✓ Position closed | AXISBANK | status=SQUARED_OFF | P&L=₹0.00
2026-08-04 15:15:01 | INFO     | TradingBot.KiteClient | [PAPER] MARKET ORDER → SELL TCS x5 on NSE
2026-08-04 15:15:01 | INFO     | TradingBot.KiteClient | Paper order placed. id=PAPER_TCS_1785836701
2026-08-04 15:15:01 | INFO     | TradingBot.TradeJournal | EXIT logged | id=2 | exit=3964.47 | P&L=0.00 | SQUARED_OFF
2026-08-04 15:15:01 | INFO     | TradingBot.OrderManager | ✓ Position closed | TCS | status=SQUARED_OFF | P&L=₹0.00
2026-08-04 15:15:01 | INFO     | TradingBot.KiteClient | [PAPER] MARKET ORDER → BUY TATAMOTORS x19 on NSE
2026-08-04 15:15:01 | INFO     | TradingBot.KiteClient | Paper order placed. id=PAPER_TATAMOTORS_1785836701
2026-08-04 15:15:01 | INFO     | TradingBot.TradeJournal | EXIT logged | id=3 | exit=1030.73 | P&L=0.00 | SQUARED_OFF
2026-08-04 15:15:01 | INFO     | TradingBot.OrderManager | ✓ Position closed | TATAMOTORS | status=SQUARED_OFF | P&L=₹0.00
2026-08-04 15:15:01 | INFO     | TradingBot.StrategyRunner | ⏹ Strategy runner stopped.
2026-08-04 15:15:01 | INFO     | TradingBot.StrategyRunner | Trading loop exited.
2026-08-04 15:15:06 | INFO     | TradingBot.StrategyRunner | ── Scan cycle | 15:15:06 | mode=paper ──
2026-08-04 15:15:06 | INFO     | TradingBot.StrategyRunner | ⏰ Square-off time reached. Closing all positions.
2026-08-04 15:15:06 | INFO     | TradingBot.OrderManager | No open positions to square off.
2026-08-04 15:15:06 | INFO     | TradingBot.StrategyRunner | ⏹ Strategy runner stopped.
2026-08-04 15:15:06 | INFO     | TradingBot.StrategyRunner | Trading loop exited.
2026-08-04 15:15:12 | INFO     | TradingBot.StrategyRunner | ── Scan cycle | 15:15:12 | mode=paper ──
2026-08-04 15:15:12 | INFO     | TradingBot.StrategyRunner | ⏰ Square-off time reached. Closing all positions.
2026-08-04 15:15:12 | INFO     | TradingBot.OrderManager | No open positions to square off.
2026-08-04 15:15:12 | INFO     | TradingBot.StrategyRunner | ⏹ Strategy runner stopped.
2026-08-04 15:15:12 | INFO     | TradingBot.StrategyRunner | Trading loop exited.
2026-08-04 15:15:13 | INFO     | TradingBot.StrategyRunner | ── Scan cycle | 15:15:13 | mode=paper ──
2026-08-04 15:15:13 | INFO     | TradingBot.StrategyRunner | ⏰ Square-off time reached. Closing all positions.
2026-08-04 15:15:13 | INFO     | TradingBot.OrderManager | No open positions to square off.
2026-08-04 15:15:13 | INFO     | TradingBot.StrategyRunner | ⏹ Strategy runner stopped.
2026-08-04 15:15:13 | INFO     | TradingBot.StrategyRunner | Trading loop exited.
2026-08-04 15:16:59 | INFO     | TradingBot.StrategyRunner | ── Scan cycle | 15:16:59 | mode=paper ──
2026-08-04 15:16:59 | INFO     | TradingBot.StrategyRunner | ⏰ Square-off time reached. Closing all positions.
2026-08-04 15:16:59 | INFO     | TradingBot.OrderManager | No open positions to square off.
2026-08-04 15:16:59 | INFO     | TradingBot.StrategyRunner | ⏹ Strategy runner stopped.
2026-08-04 15:16:59 | INFO     | TradingBot.StrategyRunner | Trading loop exited.
2026-08-04 15:17:03 | INFO     | TradingBot.StrategyRunner | Trading loop exited.
2026-08-04 15:26:36 | INFO     | TradingBot.AnalyticsLogger | Analytics telemetry initialised in database at data/trades.db
2026-08-05 09:07:22 | INFO     | TradingBot.AngelClient | AngelClient initialised in PAPER mode
2026-08-05 09:21:40 | INFO     | TradingBot.AngelClient | Logging into Angel One SmartAPI...
2026-08-05 09:21:40 | INFO     | TradingBot.AngelClient | ✓ Angel One authentication successful!
2026-08-05 09:21:41 | ERROR    | TradingBot.AngelClient | Failed to fetch historical data for RELIANCE: Couldn't parse the JSON response received from the server: b'Access denied because of exceeding access rate'
2026-08-05 09:21:58 | INFO     | TradingBot.AngelClient | Logging into Angel One SmartAPI...
2026-08-05 09:21:58 | INFO     | TradingBot.AngelClient | ✓ Angel One authentication successful!
2026-08-05 09:22:00 | ERROR    | TradingBot.AngelClient | Failed to fetch historical data for HDFCBANK: Couldn't parse the JSON response received from the server: b'Access denied because of exceeding access rate'
2026-08-05 09:22:01 | ERROR    | TradingBot.AngelClient | Failed to fetch historical data for INFY: Couldn't parse the JSON response received from the server: b'Access denied because of exceeding access rate'
2026-08-05 09:22:07 | INFO     | TradingBot.AngelClient | Logging into Angel One SmartAPI...
2026-08-05 09:22:07 | INFO     | TradingBot.AngelClient | ✓ Angel One authentication successful!
2026-08-05 09:22:12 | ERROR    | TradingBot.AngelClient | Angel candle fetch failed for SBIN: Too many requests
2026-08-05 09:22:12 | ERROR    | TradingBot.AngelClient | Angel candle fetch failed for TCS: Too many requests
2026-08-05 09:22:14 | ERROR    | TradingBot.AngelClient | Failed to fetch historical data for INFY: Couldn't parse the JSON response received from the server: b'Access denied because of exceeding access rate'
2026-08-05 09:22:14 | ERROR    | TradingBot.AngelClient | Failed to fetch historical data for ICICIBANK: Couldn't parse the JSON response received from the server: b'Access denied because of exceeding access rate'
2026-08-05 09:22:16 | ERROR    | TradingBot.AngelClient | Failed to fetch historical data for TATAMOTORS: Couldn't parse the JSON response received from the server: b'Access denied because of exceeding access rate'
2026-08-05 09:22:27 | INFO     | TradingBot.AngelClient | Logging into Angel One SmartAPI...
2026-08-05 09:22:27 | INFO     | TradingBot.AngelClient | ✓ Angel One authentication successful!
2026-08-05 09:34:59 | INFO     | TradingBot.AngelClient | Logging into Angel One SmartAPI...
2026-08-05 09:34:59 | INFO     | TradingBot.AngelClient | ✓ Angel One authentication successful!
2026-08-05 09:35:08 | INFO     | TradingBot.Candlestick | Candlestick SELL: Hanging Man on ICICIBANK (conf=68%)
2026-08-05 09:35:08 | ERROR    | TradingBot.candlestick | Error computing signal for ICICIBANK: name 'best_conf' is not defined
2026-08-05 09:35:18 | INFO     | TradingBot.Candlestick | Candlestick BUY: Hammer on TATAMOTORS (conf=70%)
2026-08-05 09:35:24 | INFO     | TradingBot.Candlestick | Candlestick SELL: Shooting Star on LT (conf=70%)
2026-08-05 09:35:24 | ERROR    | TradingBot.candlestick | Error computing signal for LT: name 'best_conf' is not defined
2026-08-05 09:35:27 | INFO     | TradingBot.Candlestick | Candlestick SELL: Shooting Star on HINDUNILVR (conf=70%)
2026-08-05 09:35:27 | ERROR    | TradingBot.candlestick | Error computing signal for HINDUNILVR: name 'best_conf' is not defined
2026-08-05 09:35:44 | INFO     | TradingBot.AngelClient | Logging into Angel One SmartAPI...
2026-08-05 09:35:45 | INFO     | TradingBot.AngelClient | ✓ Angel One authentication successful!
2026-08-05 09:35:52 | INFO     | TradingBot.Candlestick | Candlestick BUY: Bullish Harami on LT (conf=70%)
2026-08-05 09:35:54 | INFO     | TradingBot.Candlestick | Candlestick BUY: Bullish Harami on HINDUNILVR (conf=70%)
2026-08-05 10:48:33 | INFO     | TradingBot.AngelClient | Logging into Angel One SmartAPI...
2026-08-05 10:48:33 | INFO     | TradingBot.AngelClient | ✓ Angel One authentication successful!
2026-08-05 10:48:33 | INFO     | TradingBot.TradeJournal | Trade journal database initialised at data/trades.db
2026-08-05 10:48:33 | INFO     | TradingBot.RiskManager | RiskManager | capital=INR 100,000 | risk/trade=1.5% | max_daily_loss=4.0%
2026-08-05 10:48:33 | INFO     | TradingBot.AnalyticsLogger | Analytics telemetry initialised in database at data/trades.db
2026-08-05 10:48:33 | INFO     | TradingBot.StrategyRunner | Loaded strategies: ['ema_crossover', 'rsi', 'vwap', 'supertrend', 'candlestick', 'orb']
2026-08-05 10:48:33 | INFO     | TradingBot.StrategyRunner | StrategyRunner ready | 6 strategies | 25 symbols | interval=5minute
2026-08-05 10:48:33 | INFO     | TradingBot.RiskManager | Daily risk counters reset for new trading day.
2026-08-05 10:48:36 | INFO     | TradingBot.Candlestick | Candlestick SELL: Shooting Star on RELIANCE (conf=70%)
2026-08-05 10:49:02 | ERROR    | TradingBot.AngelClient | Failed to fetch historical data for TATAMOTORS: HTTPSConnectionPool(host='apiconnect.angelone.in', port=443): Read timed out. (read timeout=7)
2026-08-05 10:49:58 | INFO     | TradingBot.AngelClient | Logging into Angel One SmartAPI...
2026-08-05 10:49:59 | INFO     | TradingBot.AngelClient | ✓ Angel One authentication successful!
2026-08-05 10:49:59 | INFO     | TradingBot.TradeJournal | Trade journal database initialised at data/trades.db
2026-08-05 10:49:59 | INFO     | TradingBot.RiskManager | RiskManager | capital=INR 100,000 | risk/trade=1.5% | max_daily_loss=4.0%
2026-08-05 10:49:59 | INFO     | TradingBot.AnalyticsLogger | Analytics telemetry initialised in database at data/trades.db
2026-08-05 10:49:59 | INFO     | TradingBot.StrategyRunner | Loaded strategies: ['ema_crossover', 'rsi', 'vwap', 'supertrend', 'candlestick', 'orb']
2026-08-05 10:49:59 | INFO     | TradingBot.StrategyRunner | StrategyRunner ready | 6 strategies | 25 symbols | interval=5minute
2026-08-05 10:49:59 | INFO     | TradingBot.RiskManager | Daily risk counters reset for new trading day.
2026-08-05 10:50:03 | INFO     | TradingBot.Candlestick | Candlestick BUY: Bullish Harami on TCS (conf=70%)
2026-08-05 10:50:04 | INFO     | TradingBot.Candlestick | Candlestick BUY: Bullish Harami on INFY (conf=70%)
2026-08-05 10:50:09 | INFO     | TradingBot.Candlestick | Candlestick BUY: Dragonfly Doji on ICICIBANK (conf=72%)
2026-08-05 10:50:15 | INFO     | TradingBot.Candlestick | Candlestick SELL: Hanging Man on TATAMOTORS (conf=68%)
2026-08-05 10:50:34 | INFO     | TradingBot.Candlestick | Candlestick SELL: Bearish Harami on TITAN (conf=70%)
2026-08-05 10:50:40 | INFO     | TradingBot.Candlestick | Candlestick SELL: Shooting Star on HCLTECH (conf=70%)
2026-08-05 10:50:48 | INFO     | TradingBot.Candlestick | Candlestick BUY: Three White Soldiers on ULTRACEMCO (conf=90%)
2026-08-05 19:18:52 | INFO     | TradingBot.Main | DEMO MODE active — using simulated market data
2026-08-05 19:18:52 | INFO     | TradingBot.Main | Starting Trading Bot | mode=PAPER | date=2026-08-05
2026-08-05 19:18:53 | INFO     | TradingBot.DemoFeed | DemoMarket initialised | 25 symbols | candle every 30s
2026-08-05 19:18:53 | INFO     | TradingBot.Main | Demo feed ready — candles every 30 seconds
2026-08-05 19:18:55 | INFO     | TradingBot.AngelClient | AngelClient init | ANGEL_AVAILABLE=True | api_key=8NVX... | client_code=AABB879420
2026-08-05 19:18:55 | INFO     | TradingBot.AngelClient | Logging into Angel One SmartAPI...
2026-08-05 19:18:55 | INFO     | TradingBot.AngelClient | ✓ Angel One authentication successful!
2026-08-05 19:18:55 | INFO     | TradingBot.Main | Broker active: Angel One (SmartAPI - FREE)
2026-08-05 19:18:56 | WARNING  | TradingBot.TradeJournal | Firebase not configured. Falling back to local SQLite at data/trades.db
2026-08-05 19:18:56 | INFO     | TradingBot.RiskManager | RiskManager | capital=INR 100,000 | risk/trade=1.5% | max_daily_loss=4.0%
2026-08-05 19:18:56 | INFO     | TradingBot.AnalyticsLogger | Analytics telemetry initialised in database at data/trades.db
2026-08-05 19:18:56 | INFO     | TradingBot.StrategyRunner | Loaded strategies: ['ema_crossover', 'rsi', 'vwap', 'supertrend', 'candlestick', 'orb']
2026-08-05 19:18:56 | INFO     | TradingBot.StrategyRunner | StrategyRunner ready | 6 strategies | 25 symbols | interval=demo
2026-08-05 19:18:56 | INFO     | TradingBot.Main | Demo: scan interval set to 30 seconds
2026-08-05 19:18:56 | INFO     | TradingBot.Dashboard | Dashboard initialised and connected to engine.
2026-08-05 19:18:56 | INFO     | TradingBot.Dashboard | Dashboard starting at http://localhost:5000
2026-08-05 19:18:56 | INFO     | TradingBot.Main | ✓ Dashboard running at http://localhost:5000
2026-08-05 19:18:56 | INFO     | TradingBot.Main | Demo mode: bypassing market hours check
2026-08-05 19:18:56 | INFO     | TradingBot.StrategyRunner | Main trading loop started. Tick every 30s.
2026-08-05 19:18:56 | INFO     | TradingBot.StrategyRunner | ── Scan cycle | 19:18:56 | mode=paper ──
2026-08-05 19:18:56 | INFO     | TradingBot.StrategyRunner | Strategy runner started (mode=paper)
2026-08-05 19:18:56 | INFO     | TradingBot.Main | Bot running. Press Ctrl+C to stop.
2026-08-05 19:18:56 | INFO     | TradingBot.StrategyRunner | Square-off time reached. Closing all positions.
2026-08-05 19:18:56 | INFO     | TradingBot.OrderManager | No open positions to square off.
2026-08-05 19:18:56 | INFO     | TradingBot.StrategyRunner | Strategy runner stopped.
2026-08-05 19:18:56 | INFO     | TradingBot.StrategyRunner | Trading loop exited.
2026-08-07 09:34:03 | INFO     | TradingBot.AngelClient | AngelClient init | ANGEL_AVAILABLE=True | api_key=8NVX... | client_code=AABB879420
2026-08-07 09:34:03 | INFO     | TradingBot.AngelClient | Logging into Angel One SmartAPI...
2026-08-07 09:34:03 | INFO     | TradingBot.AngelClient | ✓ Angel One authentication successful!
2026-08-07 09:34:21 | INFO     | TradingBot.AngelClient | AngelClient init | ANGEL_AVAILABLE=True | api_key=8NVX... | client_code=AABB879420
2026-08-07 09:34:21 | INFO     | TradingBot.AngelClient | Logging into Angel One SmartAPI...
2026-08-07 09:34:22 | INFO     | TradingBot.AngelClient | ✓ Angel One authentication successful!
2026-08-07 09:35:21 | INFO     | TradingBot.AngelClient | AngelClient init | ANGEL_AVAILABLE=True | api_key=8NVX... | client_code=AABB879420
2026-08-07 09:35:21 | INFO     | TradingBot.AngelClient | Logging into Angel One SmartAPI...
2026-08-07 09:35:21 | INFO     | TradingBot.AngelClient | ✓ Angel One authentication successful!
2026-08-07 09:47:35 | INFO     | TradingBot.AngelClient | AngelClient init | ANGEL_AVAILABLE=True | api_key=8NVX... | client_code=AABB879420
2026-08-07 09:47:35 | INFO     | TradingBot.AngelClient | Logging into Angel One SmartAPI...
2026-08-07 09:47:35 | INFO     | TradingBot.AngelClient | ✓ Angel One authentication successful!
2026-08-07 09:47:36 | INFO     | TradingBot.AngelClient | Fetching dynamic token map from Angel One...
2026-08-07 09:47:45 | INFO     | TradingBot.AngelClient | Loaded 9733 NSE tokens.
2026-08-07 09:48:11 | INFO     | TradingBot.AngelClient | AngelClient init | ANGEL_AVAILABLE=True | api_key=8NVX... | client_code=AABB879420
2026-08-07 09:48:11 | INFO     | TradingBot.AngelClient | Logging into Angel One SmartAPI...
2026-08-07 09:48:12 | INFO     | TradingBot.AngelClient | ✓ Angel One authentication successful!
2026-08-07 09:48:12 | INFO     | TradingBot.AngelClient | Fetching dynamic token map from Angel One...
2026-08-07 09:48:23 | INFO     | TradingBot.AngelClient | Loaded 9733 NSE tokens.
2026-08-07 09:50:32 | INFO     | TradingBot.AngelClient | AngelClient init | ANGEL_AVAILABLE=True | api_key=8NVX... | client_code=AABB879420
2026-08-07 09:50:32 | INFO     | TradingBot.AngelClient | Logging into Angel One SmartAPI...
2026-08-07 09:50:32 | INFO     | TradingBot.AngelClient | ✓ Angel One authentication successful!
2026-08-07 09:50:33 | INFO     | TradingBot.AngelClient | Fetching dynamic token map from Angel One...
2026-08-07 09:50:44 | INFO     | TradingBot.AngelClient | Loaded 2439 NSE -EQ tokens.
2026-08-07 09:51:42 | INFO     | TradingBot.AngelClient | AngelClient init | ANGEL_AVAILABLE=True | api_key=8NVX... | client_code=AABB879420
2026-08-07 09:51:42 | INFO     | TradingBot.AngelClient | Logging into Angel One SmartAPI...
2026-08-07 09:51:42 | INFO     | TradingBot.AngelClient | ✓ Angel One authentication successful!
2026-08-07 09:51:42 | INFO     | TradingBot.AngelClient | Fetching dynamic token map from Angel One...
2026-08-07 09:51:51 | INFO     | TradingBot.AngelClient | Loaded 2439 NSE -EQ tokens.
2026-08-07 09:57:04 | INFO     | TradingBot.AngelClient | AngelClient init | ANGEL_AVAILABLE=True | api_key=8NVX... | client_code=AABB879420
2026-08-07 09:57:04 | INFO     | TradingBot.AngelClient | Logging into Angel One SmartAPI...
2026-08-07 09:57:04 | INFO     | TradingBot.AngelClient | ✓ Angel One authentication successful!
2026-08-07 09:57:04 | INFO     | TradingBot.AngelClient | Fetching dynamic token map from Angel One...
2026-08-07 09:57:13 | INFO     | TradingBot.AngelClient | Loaded 2439 NSE -EQ tokens.
2026-08-07 10:45:27 | INFO     | TradingBot.AngelClient | AngelClient init | ANGEL_AVAILABLE=True | api_key=8NVX... | client_code=AABB879420
2026-08-07 10:45:27 | INFO     | TradingBot.AngelClient | Logging into Angel One SmartAPI...
2026-08-07 10:45:28 | INFO     | TradingBot.AngelClient | ✓ Angel One authentication successful!
2026-08-07 10:45:28 | INFO     | TradingBot.AngelClient | Fetching dynamic token map from Angel One...
2026-08-07 10:45:37 | INFO     | TradingBot.AngelClient | Loaded 2439 NSE -EQ tokens.
2026-08-07 10:46:54 | INFO     | TradingBot.AngelClient | AngelClient init | ANGEL_AVAILABLE=True | api_key=8NVX... | client_code=AABB879420
2026-08-07 10:46:54 | INFO     | TradingBot.AngelClient | Logging into Angel One SmartAPI...
2026-08-07 10:46:55 | INFO     | TradingBot.AngelClient | ✓ Angel One authentication successful!
2026-08-07 10:46:55 | INFO     | TradingBot.AngelClient | Fetching dynamic token map from Angel One...
2026-08-07 10:47:06 | INFO     | TradingBot.AngelClient | Loaded 2439 NSE -EQ tokens.
2026-08-07 10:47:41 | INFO     | TradingBot.AngelClient | AngelClient init | ANGEL_AVAILABLE=True | api_key=8NVX... | client_code=AABB879420
2026-08-07 10:47:41 | INFO     | TradingBot.AngelClient | Logging into Angel One SmartAPI...
2026-08-07 10:47:41 | INFO     | TradingBot.AngelClient | ✓ Angel One authentication successful!
2026-08-07 10:47:41 | INFO     | TradingBot.AngelClient | Fetching dynamic token map from Angel One...
2026-08-07 10:47:50 | INFO     | TradingBot.AngelClient | Loaded 2439 NSE -EQ tokens.
2026-08-07 13:56:29 | WARNING  | TradingBot.AnalyticsLogger | AnalyticsLogger: Firebase not configured! Analytics will NOT be saved.
2026-08-07 17:35:25 | WARNING  | TradingBot.TradeJournal | Firebase not configured. Falling back to local SQLite at data/trades.db
2026-08-08 10:09:22 | WARNING  | TradingBot.AnalyticsLogger | AnalyticsLogger: Firebase not configured! Analytics will NOT be saved.
2026-08-09 09:39:13 | INFO     | TradingBot.MarketDataHub | MarketDataHub: Initialising shared Angel One connection...
2026-08-09 09:39:13 | INFO     | TradingBot.AngelClient | AngelClient init | ANGEL_AVAILABLE=True | api_key=8NVX... | client_code=AABB879420
2026-08-09 09:39:13 | INFO     | TradingBot.AngelClient | Logging into Angel One SmartAPI...
2026-08-09 09:39:13 | INFO     | TradingBot.AngelClient | ✓ Angel One authentication successful!
2026-08-09 09:39:13 | INFO     | TradingBot.AngelClient | Fetching dynamic token map from Angel One...
2026-08-09 09:39:22 | INFO     | TradingBot.AngelClient | Loaded 2450 NSE -EQ tokens.
2026-08-09 09:39:22 | INFO     | TradingBot.MarketDataHub | MarketDataHub: Initialised. Ready to serve 8 bots.
2026-08-09 09:39:22 | WARNING  | TradingBot.TradeJournal | Firebase not configured. Falling back to local SQLite at data/trades.db
2026-08-09 09:39:22 | WARNING  | TradingBot.AnalyticsLogger | AnalyticsLogger: Firebase not configured! Analytics will NOT be saved.
2026-08-09 09:39:22 | INFO     | TradingBot.RiskManager | RiskManager | initial_capital=INR 100,000 | risk/trade=1.5% | max_daily_loss=2.0%
2026-08-09 09:39:22 | INFO     | TradingBot.EquityBotRunner | test: EquityBotRunner ready | strategies=['ema_crossover'] | capital=100000
2026-08-10 15:56:13 | INFO     | TradingBot.MarketDataHub | MarketDataHub: Initialising shared Angel One connection...
2026-08-10 15:56:13 | INFO     | TradingBot.AngelClient | AngelClient init | ANGEL_AVAILABLE=True | api_key=8NVX... | client_code=AABB879420
2026-08-10 15:56:13 | INFO     | TradingBot.AngelClient | Logging into Angel One SmartAPI...
2026-08-10 15:56:13 | INFO     | TradingBot.AngelClient | ✓ Angel One authentication successful!
2026-08-10 15:56:13 | INFO     | TradingBot.AngelClient | Fetching dynamic token map from Angel One...
2026-08-10 15:56:22 | INFO     | TradingBot.AngelClient | Loaded 2450 NSE -EQ tokens.
2026-08-10 15:56:22 | INFO     | TradingBot.MarketDataHub | MarketDataHub: Initialised. Ready to serve 8 bots.
